Fitter report for DE1_SOC_D8M_LB_RTL
Fri Mar 13 00:28:23 2026
Quartus Prime Version 19.1.0 Build 670 09/22/2019 SJ Standard Edition


---------------------
; Table of Contents ;
---------------------
  1. Legal Notice
  2. Fitter Summary
  3. Fitter Settings
  4. Parallel Compilation
  5. Fitter Netlist Optimizations
  6. Incremental Compilation Preservation Summary
  7. Incremental Compilation Partition Settings
  8. Incremental Compilation Placement Preservation
  9. Pin-Out File
 10. Fitter Resource Usage Summary
 11. Fitter Partition Statistics
 12. Input Pins
 13. Output Pins
 14. Bidir Pins
 15. I/O Bank Usage
 16. All Package Pins
 17. I/O Assignment Warnings
 18. PLL Usage Summary
 19. Fitter Resource Utilization by Entity
 20. Delay Chain Summary
 21. Pad To Core Delay Chain Fanout
 22. Control Signals
 23. Global & Other Fast Signals
 24. Fitter RAM Summary
 25. Fitter DSP Block Usage Summary
 26. DSP Block Details
 27. Routing Usage Summary
 28. I/O Rules Summary
 29. I/O Rules Details
 30. I/O Rules Matrix
 31. Fitter Device Options
 32. Operating Settings and Conditions
 33. Estimated Delay Added for Hold Timing Summary
 34. Estimated Delay Added for Hold Timing Details
 35. Fitter Messages
 36. Fitter Suppressed Messages



----------------
; Legal Notice ;
----------------
Copyright (C) 2019  Intel Corporation. All rights reserved.
Your use of Intel Corporation's design tools, logic functions 
and other software and tools, and any partner logic 
functions, and any output files from any of the foregoing 
(including device programming or simulation files), and any 
associated documentation or information are expressly subject 
to the terms and conditions of the Intel Program License 
Subscription Agreement, the Intel Quartus Prime License Agreement,
the Intel FPGA IP License Agreement, or other applicable license
agreement, including, without limitation, that your use is for
the sole purpose of programming logic devices manufactured by
Intel and sold by Intel or its authorized distributors.  Please
refer to the applicable agreement for further details, at
https://fpgasoftware.intel.com/eula.



+-----------------------------------------------------------------------------------+
; Fitter Summary                                                                    ;
+---------------------------------+-------------------------------------------------+
; Fitter Status                   ; Successful - Fri Mar 13 00:28:23 2026           ;
; Quartus Prime Version           ; 19.1.0 Build 670 09/22/2019 SJ Standard Edition ;
; Revision Name                   ; DE1_SOC_D8M_LB_RTL                              ;
; Top-level Entity Name           ; DE1_SOC_D8M_LB_RTL                              ;
; Family                          ; Cyclone V                                       ;
; Device                          ; 5CSEMA5F31C6                                    ;
; Timing Models                   ; Final                                           ;
; Logic utilization (in ALMs)     ; 1,615 / 32,070 ( 5 % )                          ;
; Total registers                 ; 1421                                            ;
; Total pins                      ; 121 / 457 ( 26 % )                              ;
; Total virtual pins              ; 0                                               ;
; Total block memory bits         ; 122,880 / 4,065,280 ( 3 % )                     ;
; Total RAM Blocks                ; 15 / 397 ( 4 % )                                ;
; Total DSP Blocks                ; 4 / 87 ( 5 % )                                  ;
; Total HSSI RX PCSs              ; 0                                               ;
; Total HSSI PMA RX Deserializers ; 0                                               ;
; Total HSSI TX PCSs              ; 0                                               ;
; Total HSSI PMA TX Serializers   ; 0                                               ;
; Total PLLs                      ; 2 / 6 ( 33 % )                                  ;
; Total DLLs                      ; 0 / 4 ( 0 % )                                   ;
+---------------------------------+-------------------------------------------------+


+----------------------------------------------------------------------------------------------------------------------------------------------------+
; Fitter Settings                                                                                                                                    ;
+--------------------------------------------------------------------+---------------------------------------+---------------------------------------+
; Option                                                             ; Setting                               ; Default Value                         ;
+--------------------------------------------------------------------+---------------------------------------+---------------------------------------+
; Device                                                             ; 5CSEMA5F31C6                          ;                                       ;
; Minimum Core Junction Temperature                                  ; 0                                     ;                                       ;
; Maximum Core Junction Temperature                                  ; 85                                    ;                                       ;
; Device I/O Standard                                                ; 2.5 V                                 ;                                       ;
; Use smart compilation                                              ; Off                                   ; Off                                   ;
; Enable parallel Assembler and Timing Analyzer during compilation   ; On                                    ; On                                    ;
; Enable compact report table                                        ; Off                                   ; Off                                   ;
; Router Timing Optimization Level                                   ; Normal                                ; Normal                                ;
; Perform Clocking Topology Analysis During Routing                  ; Off                                   ; Off                                   ;
; Placement Effort Multiplier                                        ; 1.0                                   ; 1.0                                   ;
; Device initialization clock source                                 ; INIT_INTOSC                           ; INIT_INTOSC                           ;
; Optimize Hold Timing                                               ; All Paths                             ; All Paths                             ;
; Optimize Multi-Corner Timing                                       ; On                                    ; On                                    ;
; Auto RAM to MLAB Conversion                                        ; On                                    ; On                                    ;
; Equivalent RAM and MLAB Power Up                                   ; Auto                                  ; Auto                                  ;
; Equivalent RAM and MLAB Paused Read Capabilities                   ; Care                                  ; Care                                  ;
; Power Optimization During Fitting                                  ; Normal compilation                    ; Normal compilation                    ;
; SSN Optimization                                                   ; Off                                   ; Off                                   ;
; Optimize Timing                                                    ; Normal compilation                    ; Normal compilation                    ;
; Optimize Timing for ECOs                                           ; Off                                   ; Off                                   ;
; Regenerate Full Fit Report During ECO Compiles                     ; Off                                   ; Off                                   ;
; Optimize IOC Register Placement for Timing                         ; Normal                                ; Normal                                ;
; Final Placement Optimizations                                      ; Automatically                         ; Automatically                         ;
; Fitter Aggressive Routability Optimizations                        ; Automatically                         ; Automatically                         ;
; Fitter Initial Placement Seed                                      ; 1                                     ; 1                                     ;
; Periphery to Core Placement and Routing Optimization               ; Off                                   ; Off                                   ;
; Weak Pull-Up Resistor                                              ; Off                                   ; Off                                   ;
; Enable Bus-Hold Circuitry                                          ; Off                                   ; Off                                   ;
; Auto Packed Registers                                              ; Auto                                  ; Auto                                  ;
; Auto Delay Chains                                                  ; On                                    ; On                                    ;
; Auto Delay Chains for High Fanout Input Pins                       ; Off                                   ; Off                                   ;
; Treat Bidirectional Pin as Output Pin                              ; Off                                   ; Off                                   ;
; Perform Physical Synthesis for Combinational Logic for Fitting     ; Off                                   ; Off                                   ;
; Perform Physical Synthesis for Combinational Logic for Performance ; Off                                   ; Off                                   ;
; Perform Register Duplication for Performance                       ; Off                                   ; Off                                   ;
; Perform Register Retiming for Performance                          ; Off                                   ; Off                                   ;
; Perform Asynchronous Signal Pipelining                             ; Off                                   ; Off                                   ;
; Fitter Effort                                                      ; Auto Fit                              ; Auto Fit                              ;
; Physical Synthesis Effort Level                                    ; Normal                                ; Normal                                ;
; Logic Cell Insertion - Logic Duplication                           ; Auto                                  ; Auto                                  ;
; Auto Register Duplication                                          ; Auto                                  ; Auto                                  ;
; Auto Global Clock                                                  ; On                                    ; On                                    ;
; Auto Global Register Control Signals                               ; On                                    ; On                                    ;
; Reserve all unused pins                                            ; As input tri-stated with weak pull-up ; As input tri-stated with weak pull-up ;
; Synchronizer Identification                                        ; Auto                                  ; Auto                                  ;
; Enable Beneficial Skew Optimization                                ; On                                    ; On                                    ;
; Optimize Design for Metastability                                  ; On                                    ; On                                    ;
; Active Serial clock source                                         ; FREQ_100MHz                           ; FREQ_100MHz                           ;
; Force Fitter to Avoid Periphery Placement Warnings                 ; Off                                   ; Off                                   ;
; Clamping Diode                                                     ; Off                                   ; Off                                   ;
; Enable input tri-state on active configuration pins in user mode   ; Off                                   ; Off                                   ;
; Advanced Physical Optimization                                     ; On                                    ; On                                    ;
+--------------------------------------------------------------------+---------------------------------------+---------------------------------------+


+------------------------------------------+
; Parallel Compilation                     ;
+----------------------------+-------------+
; Processors                 ; Number      ;
+----------------------------+-------------+
; Number detected on machine ; 12          ;
; Maximum allowed            ; 12          ;
;                            ;             ;
; Average used               ; 1.11        ;
; Maximum used               ; 12          ;
;                            ;             ;
; Usage by Processor         ; % Time Used ;
;     Processor 1            ; 100.0%      ;
;     Processor 2            ;   1.1%      ;
;     Processor 3            ;   1.0%      ;
;     Processor 4            ;   1.0%      ;
;     Processor 5            ;   1.0%      ;
;     Processor 6            ;   1.0%      ;
;     Processor 7            ;   1.0%      ;
;     Processor 8            ;   1.0%      ;
;     Processor 9            ;   1.0%      ;
;     Processor 10           ;   1.0%      ;
;     Processor 11           ;   1.0%      ;
;     Processor 12           ;   1.0%      ;
+----------------------------+-------------+


+-------------------------------------------------------------------------------------------------------------------------------------------------------------------------------------------------------------------------------------------------------------------------------------------------------------------------------------------------------------------+
; Fitter Netlist Optimizations                                                                                                                                                                                                                                                                                                                                      ;
+-----------------------------------------------------------------------------------------+-----------------+---------------------------------------------------+----------------------------+-----------+----------------+----------------------------------------------------------------------------------------------+------------------+-----------------------+
; Node                                                                                    ; Action          ; Operation                                         ; Reason                     ; Node Port ; Node Port Name ; Destination Node                                                                             ; Destination Port ; Destination Port Name ;
+-----------------------------------------------------------------------------------------+-----------------+---------------------------------------------------+----------------------------+-----------+----------------+----------------------------------------------------------------------------------------------+------------------+-----------------------+
; pll_test:ref|pll_test_0002:pll_test_inst|altera_pll:altera_pll_i|outclk_wire[0]~CLKENA0 ; Created         ; Placement                                         ; Fitter Periphery Placement ;           ;                ;                                                                                              ;                  ;                       ;
; vga_pll:pllv|vga_pll_0002:vga_pll_inst|altera_pll:altera_pll_i|outclk_wire[0]~CLKENA0   ; Created         ; Placement                                         ; Fitter Periphery Placement ;           ;                ;                                                                                              ;                  ;                       ;
; CLOCK2_50~inputCLKENA0                                                                  ; Created         ; Placement                                         ; Fitter Periphery Placement ;           ;                ;                                                                                              ;                  ;                       ;
; MIPI_PIXEL_CLK~inputCLKENA0                                                             ; Created         ; Placement                                         ; Fitter Periphery Placement ;           ;                ;                                                                                              ;                  ;                       ;
; MIPI_PIXEL_HS~inputCLKENA0                                                              ; Created         ; Placement                                         ; Fitter Periphery Placement ;           ;                ;                                                                                              ;                  ;                       ;
; D8M_SET:ccd|RAW2RGB_L:u4|RAW_RGB_BIN:bin|B[2]                                           ; Packed Register ; Register Packing                                  ; Timing optimization        ; Q         ;                ; Add0~8                                                                                       ; BY               ;                       ;
; D8M_SET:ccd|RAW2RGB_L:u4|RAW_RGB_BIN:bin|B[2]                                           ; Duplicated      ; Register Packing                                  ; Timing optimization        ; Q         ;                ; D8M_SET:ccd|RAW2RGB_L:u4|RAW_RGB_BIN:bin|B[2]~_Duplicate_1                                   ; Q                ;                       ;
; D8M_SET:ccd|RAW2RGB_L:u4|RAW_RGB_BIN:bin|B[2]~SCLR_LUT                                  ; Created         ; Register Packing                                  ; Timing optimization        ;           ;                ;                                                                                              ;                  ;                       ;
; D8M_SET:ccd|RAW2RGB_L:u4|RAW_RGB_BIN:bin|B[3]                                           ; Packed Register ; Register Packing                                  ; Timing optimization        ; Q         ;                ; Add0~8                                                                                       ; BY               ;                       ;
; D8M_SET:ccd|RAW2RGB_L:u4|RAW_RGB_BIN:bin|B[3]                                           ; Duplicated      ; Register Packing                                  ; Timing optimization        ; Q         ;                ; D8M_SET:ccd|RAW2RGB_L:u4|RAW_RGB_BIN:bin|B[3]~_Duplicate_1                                   ; Q                ;                       ;
; D8M_SET:ccd|RAW2RGB_L:u4|RAW_RGB_BIN:bin|B[3]~SCLR_LUT                                  ; Created         ; Register Packing                                  ; Timing optimization        ;           ;                ;                                                                                              ;                  ;                       ;
; D8M_SET:ccd|RAW2RGB_L:u4|RAW_RGB_BIN:bin|B[4]                                           ; Packed Register ; Register Packing                                  ; Timing optimization        ; Q         ;                ; Add0~8                                                                                       ; BY               ;                       ;
; D8M_SET:ccd|RAW2RGB_L:u4|RAW_RGB_BIN:bin|B[4]                                           ; Duplicated      ; Register Packing                                  ; Timing optimization        ; Q         ;                ; D8M_SET:ccd|RAW2RGB_L:u4|RAW_RGB_BIN:bin|B[4]~_Duplicate_1                                   ; Q                ;                       ;
; D8M_SET:ccd|RAW2RGB_L:u4|RAW_RGB_BIN:bin|B[4]~SCLR_LUT                                  ; Created         ; Register Packing                                  ; Timing optimization        ;           ;                ;                                                                                              ;                  ;                       ;
; D8M_SET:ccd|RAW2RGB_L:u4|RAW_RGB_BIN:bin|B[5]                                           ; Packed Register ; Register Packing                                  ; Timing optimization        ; Q         ;                ; Add0~8                                                                                       ; BY               ;                       ;
; D8M_SET:ccd|RAW2RGB_L:u4|RAW_RGB_BIN:bin|B[5]                                           ; Duplicated      ; Register Packing                                  ; Timing optimization        ; Q         ;                ; D8M_SET:ccd|RAW2RGB_L:u4|RAW_RGB_BIN:bin|B[5]~_Duplicate_1                                   ; Q                ;                       ;
; D8M_SET:ccd|RAW2RGB_L:u4|RAW_RGB_BIN:bin|B[5]~SCLR_LUT                                  ; Created         ; Register Packing                                  ; Timing optimization        ;           ;                ;                                                                                              ;                  ;                       ;
; D8M_SET:ccd|RAW2RGB_L:u4|RAW_RGB_BIN:bin|B[6]                                           ; Packed Register ; Register Packing                                  ; Timing optimization        ; Q         ;                ; Add0~8                                                                                       ; BY               ;                       ;
; D8M_SET:ccd|RAW2RGB_L:u4|RAW_RGB_BIN:bin|B[6]                                           ; Duplicated      ; Register Packing                                  ; Timing optimization        ; Q         ;                ; D8M_SET:ccd|RAW2RGB_L:u4|RAW_RGB_BIN:bin|B[6]~_Duplicate_1                                   ; Q                ;                       ;
; D8M_SET:ccd|RAW2RGB_L:u4|RAW_RGB_BIN:bin|B[6]~SCLR_LUT                                  ; Created         ; Register Packing                                  ; Timing optimization        ;           ;                ;                                                                                              ;                  ;                       ;
; D8M_SET:ccd|RAW2RGB_L:u4|RAW_RGB_BIN:bin|B[7]                                           ; Packed Register ; Register Packing                                  ; Timing optimization        ; Q         ;                ; Add0~8                                                                                       ; BY               ;                       ;
; D8M_SET:ccd|RAW2RGB_L:u4|RAW_RGB_BIN:bin|B[7]                                           ; Duplicated      ; Register Packing                                  ; Timing optimization        ; Q         ;                ; D8M_SET:ccd|RAW2RGB_L:u4|RAW_RGB_BIN:bin|B[7]~_Duplicate_1                                   ; Q                ;                       ;
; D8M_SET:ccd|RAW2RGB_L:u4|RAW_RGB_BIN:bin|B[7]~SCLR_LUT                                  ; Created         ; Register Packing                                  ; Timing optimization        ;           ;                ;                                                                                              ;                  ;                       ;
; D8M_SET:ccd|RAW2RGB_L:u4|RAW_RGB_BIN:bin|B[8]                                           ; Packed Register ; Register Packing                                  ; Timing optimization        ; Q         ;                ; Add0~8                                                                                       ; BY               ;                       ;
; D8M_SET:ccd|RAW2RGB_L:u4|RAW_RGB_BIN:bin|B[8]                                           ; Duplicated      ; Register Packing                                  ; Timing optimization        ; Q         ;                ; D8M_SET:ccd|RAW2RGB_L:u4|RAW_RGB_BIN:bin|B[8]~_Duplicate_1                                   ; Q                ;                       ;
; D8M_SET:ccd|RAW2RGB_L:u4|RAW_RGB_BIN:bin|B[8]~SCLR_LUT                                  ; Created         ; Register Packing                                  ; Timing optimization        ;           ;                ;                                                                                              ;                  ;                       ;
; D8M_SET:ccd|RAW2RGB_L:u4|RAW_RGB_BIN:bin|B[9]                                           ; Packed Register ; Register Packing                                  ; Timing optimization        ; Q         ;                ; Add0~8                                                                                       ; BY               ;                       ;
; D8M_SET:ccd|RAW2RGB_L:u4|RAW_RGB_BIN:bin|B[9]                                           ; Duplicated      ; Register Packing                                  ; Timing optimization        ; Q         ;                ; D8M_SET:ccd|RAW2RGB_L:u4|RAW_RGB_BIN:bin|B[9]~_Duplicate_1                                   ; Q                ;                       ;
; D8M_SET:ccd|RAW2RGB_L:u4|RAW_RGB_BIN:bin|B[9]~SCLR_LUT                                  ; Created         ; Register Packing                                  ; Timing optimization        ;           ;                ;                                                                                              ;                  ;                       ;
; D8M_SET:ccd|RAW2RGB_L:u4|RAW_RGB_BIN:bin|G[2]                                           ; Packed Register ; Register Packing                                  ; Timing optimization        ; Q         ;                ; Add0~8                                                                                       ; AY               ;                       ;
; D8M_SET:ccd|RAW2RGB_L:u4|RAW_RGB_BIN:bin|G[2]                                           ; Duplicated      ; Register Packing                                  ; Timing optimization        ; Q         ;                ; D8M_SET:ccd|RAW2RGB_L:u4|RAW_RGB_BIN:bin|G[2]~_Duplicate_1                                   ; Q                ;                       ;
; D8M_SET:ccd|RAW2RGB_L:u4|RAW_RGB_BIN:bin|G[2]~SCLR_LUT                                  ; Created         ; Register Packing                                  ; Timing optimization        ;           ;                ;                                                                                              ;                  ;                       ;
; D8M_SET:ccd|RAW2RGB_L:u4|RAW_RGB_BIN:bin|G[3]                                           ; Packed Register ; Register Packing                                  ; Timing optimization        ; Q         ;                ; Add0~8                                                                                       ; AY               ;                       ;
; D8M_SET:ccd|RAW2RGB_L:u4|RAW_RGB_BIN:bin|G[3]                                           ; Duplicated      ; Register Packing                                  ; Timing optimization        ; Q         ;                ; D8M_SET:ccd|RAW2RGB_L:u4|RAW_RGB_BIN:bin|G[3]~_Duplicate_1                                   ; Q                ;                       ;
; D8M_SET:ccd|RAW2RGB_L:u4|RAW_RGB_BIN:bin|G[3]~SCLR_LUT                                  ; Created         ; Register Packing                                  ; Timing optimization        ;           ;                ;                                                                                              ;                  ;                       ;
; D8M_SET:ccd|RAW2RGB_L:u4|RAW_RGB_BIN:bin|G[4]                                           ; Packed Register ; Register Packing                                  ; Timing optimization        ; Q         ;                ; Add0~8                                                                                       ; AY               ;                       ;
; D8M_SET:ccd|RAW2RGB_L:u4|RAW_RGB_BIN:bin|G[4]                                           ; Duplicated      ; Register Packing                                  ; Timing optimization        ; Q         ;                ; D8M_SET:ccd|RAW2RGB_L:u4|RAW_RGB_BIN:bin|G[4]~_Duplicate_1                                   ; Q                ;                       ;
; D8M_SET:ccd|RAW2RGB_L:u4|RAW_RGB_BIN:bin|G[4]~SCLR_LUT                                  ; Created         ; Register Packing                                  ; Timing optimization        ;           ;                ;                                                                                              ;                  ;                       ;
; D8M_SET:ccd|RAW2RGB_L:u4|RAW_RGB_BIN:bin|G[5]                                           ; Packed Register ; Register Packing                                  ; Timing optimization        ; Q         ;                ; Add0~8                                                                                       ; AY               ;                       ;
; D8M_SET:ccd|RAW2RGB_L:u4|RAW_RGB_BIN:bin|G[5]                                           ; Duplicated      ; Register Packing                                  ; Timing optimization        ; Q         ;                ; D8M_SET:ccd|RAW2RGB_L:u4|RAW_RGB_BIN:bin|G[5]~_Duplicate_1                                   ; Q                ;                       ;
; D8M_SET:ccd|RAW2RGB_L:u4|RAW_RGB_BIN:bin|G[5]~SCLR_LUT                                  ; Created         ; Register Packing                                  ; Timing optimization        ;           ;                ;                                                                                              ;                  ;                       ;
; D8M_SET:ccd|RAW2RGB_L:u4|RAW_RGB_BIN:bin|G[6]                                           ; Packed Register ; Register Packing                                  ; Timing optimization        ; Q         ;                ; Add0~8                                                                                       ; AY               ;                       ;
; D8M_SET:ccd|RAW2RGB_L:u4|RAW_RGB_BIN:bin|G[6]                                           ; Duplicated      ; Register Packing                                  ; Timing optimization        ; Q         ;                ; D8M_SET:ccd|RAW2RGB_L:u4|RAW_RGB_BIN:bin|G[6]~_Duplicate_1                                   ; Q                ;                       ;
; D8M_SET:ccd|RAW2RGB_L:u4|RAW_RGB_BIN:bin|G[6]~SCLR_LUT                                  ; Created         ; Register Packing                                  ; Timing optimization        ;           ;                ;                                                                                              ;                  ;                       ;
; D8M_SET:ccd|RAW2RGB_L:u4|RAW_RGB_BIN:bin|G[7]                                           ; Packed Register ; Register Packing                                  ; Timing optimization        ; Q         ;                ; Add0~8                                                                                       ; AY               ;                       ;
; D8M_SET:ccd|RAW2RGB_L:u4|RAW_RGB_BIN:bin|G[7]                                           ; Duplicated      ; Register Packing                                  ; Timing optimization        ; Q         ;                ; D8M_SET:ccd|RAW2RGB_L:u4|RAW_RGB_BIN:bin|G[7]~_Duplicate_1                                   ; Q                ;                       ;
; D8M_SET:ccd|RAW2RGB_L:u4|RAW_RGB_BIN:bin|G[7]~SCLR_LUT                                  ; Created         ; Register Packing                                  ; Timing optimization        ;           ;                ;                                                                                              ;                  ;                       ;
; D8M_SET:ccd|RAW2RGB_L:u4|RAW_RGB_BIN:bin|G[8]                                           ; Packed Register ; Register Packing                                  ; Timing optimization        ; Q         ;                ; Add0~8                                                                                       ; AY               ;                       ;
; D8M_SET:ccd|RAW2RGB_L:u4|RAW_RGB_BIN:bin|G[8]                                           ; Duplicated      ; Register Packing                                  ; Timing optimization        ; Q         ;                ; D8M_SET:ccd|RAW2RGB_L:u4|RAW_RGB_BIN:bin|G[8]~_Duplicate_1                                   ; Q                ;                       ;
; D8M_SET:ccd|RAW2RGB_L:u4|RAW_RGB_BIN:bin|G[8]~SCLR_LUT                                  ; Created         ; Register Packing                                  ; Timing optimization        ;           ;                ;                                                                                              ;                  ;                       ;
; D8M_SET:ccd|RAW2RGB_L:u4|RAW_RGB_BIN:bin|G[9]                                           ; Packed Register ; Register Packing                                  ; Timing optimization        ; Q         ;                ; Add0~8                                                                                       ; AY               ;                       ;
; D8M_SET:ccd|RAW2RGB_L:u4|RAW_RGB_BIN:bin|G[9]                                           ; Duplicated      ; Register Packing                                  ; Timing optimization        ; Q         ;                ; D8M_SET:ccd|RAW2RGB_L:u4|RAW_RGB_BIN:bin|G[9]~_Duplicate_1                                   ; Q                ;                       ;
; D8M_SET:ccd|RAW2RGB_L:u4|RAW_RGB_BIN:bin|G[9]~SCLR_LUT                                  ; Created         ; Register Packing                                  ; Timing optimization        ;           ;                ;                                                                                              ;                  ;                       ;
; D8M_SET:ccd|RAW2RGB_L:u4|RAW_RGB_BIN:bin|R[2]                                           ; Packed Register ; Register Packing                                  ; Timing optimization        ; Q         ;                ; Mult2~mac                                                                                    ; AY               ;                       ;
; D8M_SET:ccd|RAW2RGB_L:u4|RAW_RGB_BIN:bin|R[2]                                           ; Duplicated      ; Register Packing                                  ; Timing optimization        ; Q         ;                ; D8M_SET:ccd|RAW2RGB_L:u4|RAW_RGB_BIN:bin|R[2]~_Duplicate_1                                   ; Q                ;                       ;
; D8M_SET:ccd|RAW2RGB_L:u4|RAW_RGB_BIN:bin|R[2]~SCLR_LUT                                  ; Created         ; Register Packing                                  ; Timing optimization        ;           ;                ;                                                                                              ;                  ;                       ;
; D8M_SET:ccd|RAW2RGB_L:u4|RAW_RGB_BIN:bin|R[3]                                           ; Packed Register ; Register Packing                                  ; Timing optimization        ; Q         ;                ; Mult2~mac                                                                                    ; AY               ;                       ;
; D8M_SET:ccd|RAW2RGB_L:u4|RAW_RGB_BIN:bin|R[3]                                           ; Duplicated      ; Register Packing                                  ; Timing optimization        ; Q         ;                ; D8M_SET:ccd|RAW2RGB_L:u4|RAW_RGB_BIN:bin|R[3]~_Duplicate_1                                   ; Q                ;                       ;
; D8M_SET:ccd|RAW2RGB_L:u4|RAW_RGB_BIN:bin|R[3]~SCLR_LUT                                  ; Created         ; Register Packing                                  ; Timing optimization        ;           ;                ;                                                                                              ;                  ;                       ;
; D8M_SET:ccd|RAW2RGB_L:u4|RAW_RGB_BIN:bin|R[4]                                           ; Packed Register ; Register Packing                                  ; Timing optimization        ; Q         ;                ; Mult2~mac                                                                                    ; AY               ;                       ;
; D8M_SET:ccd|RAW2RGB_L:u4|RAW_RGB_BIN:bin|R[4]                                           ; Duplicated      ; Register Packing                                  ; Timing optimization        ; Q         ;                ; D8M_SET:ccd|RAW2RGB_L:u4|RAW_RGB_BIN:bin|R[4]~_Duplicate_1                                   ; Q                ;                       ;
; D8M_SET:ccd|RAW2RGB_L:u4|RAW_RGB_BIN:bin|R[4]~SCLR_LUT                                  ; Created         ; Register Packing                                  ; Timing optimization        ;           ;                ;                                                                                              ;                  ;                       ;
; D8M_SET:ccd|RAW2RGB_L:u4|RAW_RGB_BIN:bin|R[5]                                           ; Packed Register ; Register Packing                                  ; Timing optimization        ; Q         ;                ; Mult2~mac                                                                                    ; AY               ;                       ;
; D8M_SET:ccd|RAW2RGB_L:u4|RAW_RGB_BIN:bin|R[5]                                           ; Duplicated      ; Register Packing                                  ; Timing optimization        ; Q         ;                ; D8M_SET:ccd|RAW2RGB_L:u4|RAW_RGB_BIN:bin|R[5]~_Duplicate_1                                   ; Q                ;                       ;
; D8M_SET:ccd|RAW2RGB_L:u4|RAW_RGB_BIN:bin|R[5]~SCLR_LUT                                  ; Created         ; Register Packing                                  ; Timing optimization        ;           ;                ;                                                                                              ;                  ;                       ;
; D8M_SET:ccd|RAW2RGB_L:u4|RAW_RGB_BIN:bin|R[6]                                           ; Packed Register ; Register Packing                                  ; Timing optimization        ; Q         ;                ; Mult2~mac                                                                                    ; AY               ;                       ;
; D8M_SET:ccd|RAW2RGB_L:u4|RAW_RGB_BIN:bin|R[6]                                           ; Duplicated      ; Register Packing                                  ; Timing optimization        ; Q         ;                ; D8M_SET:ccd|RAW2RGB_L:u4|RAW_RGB_BIN:bin|R[6]~_Duplicate_1                                   ; Q                ;                       ;
; D8M_SET:ccd|RAW2RGB_L:u4|RAW_RGB_BIN:bin|R[6]~SCLR_LUT                                  ; Created         ; Register Packing                                  ; Timing optimization        ;           ;                ;                                                                                              ;                  ;                       ;
; D8M_SET:ccd|RAW2RGB_L:u4|RAW_RGB_BIN:bin|R[7]                                           ; Packed Register ; Register Packing                                  ; Timing optimization        ; Q         ;                ; Mult2~mac                                                                                    ; AY               ;                       ;
; D8M_SET:ccd|RAW2RGB_L:u4|RAW_RGB_BIN:bin|R[7]                                           ; Duplicated      ; Register Packing                                  ; Timing optimization        ; Q         ;                ; D8M_SET:ccd|RAW2RGB_L:u4|RAW_RGB_BIN:bin|R[7]~_Duplicate_1                                   ; Q                ;                       ;
; D8M_SET:ccd|RAW2RGB_L:u4|RAW_RGB_BIN:bin|R[7]~SCLR_LUT                                  ; Created         ; Register Packing                                  ; Timing optimization        ;           ;                ;                                                                                              ;                  ;                       ;
; D8M_SET:ccd|RAW2RGB_L:u4|RAW_RGB_BIN:bin|R[8]                                           ; Packed Register ; Register Packing                                  ; Timing optimization        ; Q         ;                ; Mult2~mac                                                                                    ; AY               ;                       ;
; D8M_SET:ccd|RAW2RGB_L:u4|RAW_RGB_BIN:bin|R[8]                                           ; Duplicated      ; Register Packing                                  ; Timing optimization        ; Q         ;                ; D8M_SET:ccd|RAW2RGB_L:u4|RAW_RGB_BIN:bin|R[8]~_Duplicate_1                                   ; Q                ;                       ;
; D8M_SET:ccd|RAW2RGB_L:u4|RAW_RGB_BIN:bin|R[8]~SCLR_LUT                                  ; Created         ; Register Packing                                  ; Timing optimization        ;           ;                ;                                                                                              ;                  ;                       ;
; D8M_SET:ccd|RAW2RGB_L:u4|RAW_RGB_BIN:bin|R[9]                                           ; Packed Register ; Register Packing                                  ; Timing optimization        ; Q         ;                ; Mult2~mac                                                                                    ; AY               ;                       ;
; D8M_SET:ccd|RAW2RGB_L:u4|RAW_RGB_BIN:bin|R[9]                                           ; Duplicated      ; Register Packing                                  ; Timing optimization        ; Q         ;                ; D8M_SET:ccd|RAW2RGB_L:u4|RAW_RGB_BIN:bin|R[9]~_Duplicate_1                                   ; Q                ;                       ;
; D8M_SET:ccd|RAW2RGB_L:u4|RAW_RGB_BIN:bin|R[9]~SCLR_LUT                                  ; Created         ; Register Packing                                  ; Timing optimization        ;           ;                ;                                                                                              ;                  ;                       ;
; CLOCKMEM:ck1|CLK_DELAY[21]                                                              ; Duplicated      ; Router Logic Cell Insertion and Logic Duplication ; Routability optimization   ;           ;                ; CLOCKMEM:ck1|CLK_DELAY[21]~DUPLICATE                                                         ;                  ;                       ;
; D8M_SET:ccd|RAW2RGB_L:u4|RAW_RGB_BIN:bin|rD1[4]                                         ; Duplicated      ; Router Logic Cell Insertion and Logic Duplication ; Routability optimization   ;           ;                ; D8M_SET:ccd|RAW2RGB_L:u4|RAW_RGB_BIN:bin|rD1[4]~DUPLICATE                                    ;                  ;                       ;
; D8M_SET:ccd|VGA_READ_COUNTER:cnt|CNT_[0]                                                ; Duplicated      ; Router Logic Cell Insertion and Logic Duplication ; Routability optimization   ;           ;                ; D8M_SET:ccd|VGA_READ_COUNTER:cnt|CNT_[0]~DUPLICATE                                           ;                  ;                       ;
; D8M_SET:ccd|VGA_READ_COUNTER:cnt|CNT_[5]                                                ; Duplicated      ; Router Logic Cell Insertion and Logic Duplication ; Routability optimization   ;           ;                ; D8M_SET:ccd|VGA_READ_COUNTER:cnt|CNT_[5]~DUPLICATE                                           ;                  ;                       ;
; D8M_SET:ccd|VGA_READ_COUNTER:cnt|CNT_[6]                                                ; Duplicated      ; Router Logic Cell Insertion and Logic Duplication ; Routability optimization   ;           ;                ; D8M_SET:ccd|VGA_READ_COUNTER:cnt|CNT_[6]~DUPLICATE                                           ;                  ;                       ;
; D8M_SET:ccd|VGA_READ_COUNTER:cnt|CNT_[11]                                               ; Duplicated      ; Router Logic Cell Insertion and Logic Duplication ; Routability optimization   ;           ;                ; D8M_SET:ccd|VGA_READ_COUNTER:cnt|CNT_[11]~DUPLICATE                                          ;                  ;                       ;
; FOCUS_ADJ:adl|AUTO_SYNC_MODIFY:RE|MODIFY_SYNC:hs|CNT[3]                                 ; Duplicated      ; Router Logic Cell Insertion and Logic Duplication ; Routability optimization   ;           ;                ; FOCUS_ADJ:adl|AUTO_SYNC_MODIFY:RE|MODIFY_SYNC:hs|CNT[3]~DUPLICATE                            ;                  ;                       ;
; FOCUS_ADJ:adl|AUTO_SYNC_MODIFY:RE|MODIFY_SYNC:hs|CNT[7]                                 ; Duplicated      ; Router Logic Cell Insertion and Logic Duplication ; Routability optimization   ;           ;                ; FOCUS_ADJ:adl|AUTO_SYNC_MODIFY:RE|MODIFY_SYNC:hs|CNT[7]~DUPLICATE                            ;                  ;                       ;
; FOCUS_ADJ:adl|AUTO_SYNC_MODIFY:RE|MODIFY_SYNC:hs|CNT[9]                                 ; Duplicated      ; Router Logic Cell Insertion and Logic Duplication ; Routability optimization   ;           ;                ; FOCUS_ADJ:adl|AUTO_SYNC_MODIFY:RE|MODIFY_SYNC:hs|CNT[9]~DUPLICATE                            ;                  ;                       ;
; FOCUS_ADJ:adl|AUTO_SYNC_MODIFY:RE|MODIFY_SYNC:hs|CNT[12]                                ; Duplicated      ; Router Logic Cell Insertion and Logic Duplication ; Routability optimization   ;           ;                ; FOCUS_ADJ:adl|AUTO_SYNC_MODIFY:RE|MODIFY_SYNC:hs|CNT[12]~DUPLICATE                           ;                  ;                       ;
; FOCUS_ADJ:adl|AUTO_SYNC_MODIFY:RE|MODIFY_SYNC:hs|CNT[15]                                ; Duplicated      ; Router Logic Cell Insertion and Logic Duplication ; Routability optimization   ;           ;                ; FOCUS_ADJ:adl|AUTO_SYNC_MODIFY:RE|MODIFY_SYNC:hs|CNT[15]~DUPLICATE                           ;                  ;                       ;
; FOCUS_ADJ:adl|AUTO_SYNC_MODIFY:RE|MODIFY_SYNC:vs|CNT[0]                                 ; Duplicated      ; Router Logic Cell Insertion and Logic Duplication ; Routability optimization   ;           ;                ; FOCUS_ADJ:adl|AUTO_SYNC_MODIFY:RE|MODIFY_SYNC:vs|CNT[0]~DUPLICATE                            ;                  ;                       ;
; FOCUS_ADJ:adl|AUTO_SYNC_MODIFY:RE|MODIFY_SYNC:vs|CNT[5]                                 ; Duplicated      ; Router Logic Cell Insertion and Logic Duplication ; Routability optimization   ;           ;                ; FOCUS_ADJ:adl|AUTO_SYNC_MODIFY:RE|MODIFY_SYNC:vs|CNT[5]~DUPLICATE                            ;                  ;                       ;
; FOCUS_ADJ:adl|I2C_DELAY:i2c|DELAY[2]                                                    ; Duplicated      ; Router Logic Cell Insertion and Logic Duplication ; Routability optimization   ;           ;                ; FOCUS_ADJ:adl|I2C_DELAY:i2c|DELAY[2]~DUPLICATE                                               ;                  ;                       ;
; FOCUS_ADJ:adl|I2C_DELAY:i2c|DELAY[3]                                                    ; Duplicated      ; Router Logic Cell Insertion and Logic Duplication ; Routability optimization   ;           ;                ; FOCUS_ADJ:adl|I2C_DELAY:i2c|DELAY[3]~DUPLICATE                                               ;                  ;                       ;
; FOCUS_ADJ:adl|I2C_DELAY:i2c|DELAY[5]                                                    ; Duplicated      ; Router Logic Cell Insertion and Logic Duplication ; Routability optimization   ;           ;                ; FOCUS_ADJ:adl|I2C_DELAY:i2c|DELAY[5]~DUPLICATE                                               ;                  ;                       ;
; FOCUS_ADJ:adl|I2C_DELAY:i2c|DELAY[13]                                                   ; Duplicated      ; Router Logic Cell Insertion and Logic Duplication ; Routability optimization   ;           ;                ; FOCUS_ADJ:adl|I2C_DELAY:i2c|DELAY[13]~DUPLICATE                                              ;                  ;                       ;
; FOCUS_ADJ:adl|I2C_DELAY:i2c|DELAY[16]                                                   ; Duplicated      ; Router Logic Cell Insertion and Logic Duplication ; Routability optimization   ;           ;                ; FOCUS_ADJ:adl|I2C_DELAY:i2c|DELAY[16]~DUPLICATE                                              ;                  ;                       ;
; FOCUS_ADJ:adl|I2C_DELAY:i2c|DELAY[21]                                                   ; Duplicated      ; Router Logic Cell Insertion and Logic Duplication ; Routability optimization   ;           ;                ; FOCUS_ADJ:adl|I2C_DELAY:i2c|DELAY[21]~DUPLICATE                                              ;                  ;                       ;
; FOCUS_ADJ:adl|I2C_DELAY:i2c|DELAY[22]                                                   ; Duplicated      ; Router Logic Cell Insertion and Logic Duplication ; Routability optimization   ;           ;                ; FOCUS_ADJ:adl|I2C_DELAY:i2c|DELAY[22]~DUPLICATE                                              ;                  ;                       ;
; FOCUS_ADJ:adl|I2C_DELAY:i2c|DELAY[23]                                                   ; Duplicated      ; Router Logic Cell Insertion and Logic Duplication ; Routability optimization   ;           ;                ; FOCUS_ADJ:adl|I2C_DELAY:i2c|DELAY[23]~DUPLICATE                                              ;                  ;                       ;
; FOCUS_ADJ:adl|LCD_COUNTER:cv1|H_CNT[0]                                                  ; Duplicated      ; Router Logic Cell Insertion and Logic Duplication ; Routability optimization   ;           ;                ; FOCUS_ADJ:adl|LCD_COUNTER:cv1|H_CNT[0]~DUPLICATE                                             ;                  ;                       ;
; FOCUS_ADJ:adl|LCD_COUNTER:cv1|H_CNT[1]                                                  ; Duplicated      ; Router Logic Cell Insertion and Logic Duplication ; Routability optimization   ;           ;                ; FOCUS_ADJ:adl|LCD_COUNTER:cv1|H_CNT[1]~DUPLICATE                                             ;                  ;                       ;
; FOCUS_ADJ:adl|LCD_COUNTER:cv1|H_CNT[3]                                                  ; Duplicated      ; Router Logic Cell Insertion and Logic Duplication ; Routability optimization   ;           ;                ; FOCUS_ADJ:adl|LCD_COUNTER:cv1|H_CNT[3]~DUPLICATE                                             ;                  ;                       ;
; FOCUS_ADJ:adl|LCD_COUNTER:cv1|H_CNT[5]                                                  ; Duplicated      ; Router Logic Cell Insertion and Logic Duplication ; Routability optimization   ;           ;                ; FOCUS_ADJ:adl|LCD_COUNTER:cv1|H_CNT[5]~DUPLICATE                                             ;                  ;                       ;
; FOCUS_ADJ:adl|LCD_COUNTER:cv1|H_CNT[11]                                                 ; Duplicated      ; Router Logic Cell Insertion and Logic Duplication ; Routability optimization   ;           ;                ; FOCUS_ADJ:adl|LCD_COUNTER:cv1|H_CNT[11]~DUPLICATE                                            ;                  ;                       ;
; FOCUS_ADJ:adl|LCD_COUNTER:cv1|H_CNT[13]                                                 ; Duplicated      ; Router Logic Cell Insertion and Logic Duplication ; Routability optimization   ;           ;                ; FOCUS_ADJ:adl|LCD_COUNTER:cv1|H_CNT[13]~DUPLICATE                                            ;                  ;                       ;
; FOCUS_ADJ:adl|LCD_COUNTER:cv1|H_CNT[14]                                                 ; Duplicated      ; Router Logic Cell Insertion and Logic Duplication ; Routability optimization   ;           ;                ; FOCUS_ADJ:adl|LCD_COUNTER:cv1|H_CNT[14]~DUPLICATE                                            ;                  ;                       ;
; FOCUS_ADJ:adl|LCD_COUNTER:cv1|H_CNT[15]                                                 ; Duplicated      ; Router Logic Cell Insertion and Logic Duplication ; Routability optimization   ;           ;                ; FOCUS_ADJ:adl|LCD_COUNTER:cv1|H_CNT[15]~DUPLICATE                                            ;                  ;                       ;
; FOCUS_ADJ:adl|LCD_COUNTER:cv1|V_CNT[1]                                                  ; Duplicated      ; Router Logic Cell Insertion and Logic Duplication ; Routability optimization   ;           ;                ; FOCUS_ADJ:adl|LCD_COUNTER:cv1|V_CNT[1]~DUPLICATE                                             ;                  ;                       ;
; FOCUS_ADJ:adl|LCD_COUNTER:cv1|V_CNT[2]                                                  ; Duplicated      ; Router Logic Cell Insertion and Logic Duplication ; Routability optimization   ;           ;                ; FOCUS_ADJ:adl|LCD_COUNTER:cv1|V_CNT[2]~DUPLICATE                                             ;                  ;                       ;
; FOCUS_ADJ:adl|LCD_COUNTER:cv1|V_CNT[5]                                                  ; Duplicated      ; Router Logic Cell Insertion and Logic Duplication ; Routability optimization   ;           ;                ; FOCUS_ADJ:adl|LCD_COUNTER:cv1|V_CNT[5]~DUPLICATE                                             ;                  ;                       ;
; FOCUS_ADJ:adl|LCD_COUNTER:cv1|V_CNT[12]                                                 ; Duplicated      ; Router Logic Cell Insertion and Logic Duplication ; Routability optimization   ;           ;                ; FOCUS_ADJ:adl|LCD_COUNTER:cv1|V_CNT[12]~DUPLICATE                                            ;                  ;                       ;
; FOCUS_ADJ:adl|LCD_COUNTER:cv1|V_CNT[15]                                                 ; Duplicated      ; Router Logic Cell Insertion and Logic Duplication ; Routability optimization   ;           ;                ; FOCUS_ADJ:adl|LCD_COUNTER:cv1|V_CNT[15]~DUPLICATE                                            ;                  ;                       ;
; FOCUS_ADJ:adl|VCM_CTRL_P:pp|F_VCM:f|STEP_i[0]                                           ; Duplicated      ; Router Logic Cell Insertion and Logic Duplication ; Routability optimization   ;           ;                ; FOCUS_ADJ:adl|VCM_CTRL_P:pp|F_VCM:f|STEP_i[0]~DUPLICATE                                      ;                  ;                       ;
; FOCUS_ADJ:adl|VCM_CTRL_P:pp|F_VCM:f|STEP_i[3]                                           ; Duplicated      ; Router Logic Cell Insertion and Logic Duplication ; Routability optimization   ;           ;                ; FOCUS_ADJ:adl|VCM_CTRL_P:pp|F_VCM:f|STEP_i[3]~DUPLICATE                                      ;                  ;                       ;
; FOCUS_ADJ:adl|VCM_CTRL_P:pp|F_VCM:f|STEP_i[9]                                           ; Duplicated      ; Router Logic Cell Insertion and Logic Duplication ; Routability optimization   ;           ;                ; FOCUS_ADJ:adl|VCM_CTRL_P:pp|F_VCM:f|STEP_i[9]~DUPLICATE                                      ;                  ;                       ;
; FOCUS_ADJ:adl|VCM_CTRL_P:pp|SUM[12]                                                     ; Duplicated      ; Router Logic Cell Insertion and Logic Duplication ; Routability optimization   ;           ;                ; FOCUS_ADJ:adl|VCM_CTRL_P:pp|SUM[12]~DUPLICATE                                                ;                  ;                       ;
; FOCUS_ADJ:adl|VCM_CTRL_P:pp|SUM[14]                                                     ; Duplicated      ; Router Logic Cell Insertion and Logic Duplication ; Routability optimization   ;           ;                ; FOCUS_ADJ:adl|VCM_CTRL_P:pp|SUM[14]~DUPLICATE                                                ;                  ;                       ;
; FOCUS_ADJ:adl|VCM_CTRL_P:pp|SUM[20]                                                     ; Duplicated      ; Router Logic Cell Insertion and Logic Duplication ; Routability optimization   ;           ;                ; FOCUS_ADJ:adl|VCM_CTRL_P:pp|SUM[20]~DUPLICATE                                                ;                  ;                       ;
; FOCUS_ADJ:adl|VCM_CTRL_P:pp|SUM[24]                                                     ; Duplicated      ; Router Logic Cell Insertion and Logic Duplication ; Routability optimization   ;           ;                ; FOCUS_ADJ:adl|VCM_CTRL_P:pp|SUM[24]~DUPLICATE                                                ;                  ;                       ;
; FOCUS_ADJ:adl|VCM_I2C:i2c2|CLOCKMEM:c1|CLK_DELAY[1]                                     ; Duplicated      ; Router Logic Cell Insertion and Logic Duplication ; Routability optimization   ;           ;                ; FOCUS_ADJ:adl|VCM_I2C:i2c2|CLOCKMEM:c1|CLK_DELAY[1]~DUPLICATE                                ;                  ;                       ;
; FOCUS_ADJ:adl|VCM_I2C:i2c2|CLOCKMEM:c1|CLK_DELAY[3]                                     ; Duplicated      ; Router Logic Cell Insertion and Logic Duplication ; Routability optimization   ;           ;                ; FOCUS_ADJ:adl|VCM_I2C:i2c2|CLOCKMEM:c1|CLK_DELAY[3]~DUPLICATE                                ;                  ;                       ;
; FOCUS_ADJ:adl|VCM_I2C:i2c2|CLOCKMEM:c1|CLK_DELAY[4]                                     ; Duplicated      ; Router Logic Cell Insertion and Logic Duplication ; Routability optimization   ;           ;                ; FOCUS_ADJ:adl|VCM_I2C:i2c2|CLOCKMEM:c1|CLK_DELAY[4]~DUPLICATE                                ;                  ;                       ;
; FOCUS_ADJ:adl|VCM_I2C:i2c2|CLOCKMEM:c1|CLK_DELAY[6]                                     ; Duplicated      ; Router Logic Cell Insertion and Logic Duplication ; Routability optimization   ;           ;                ; FOCUS_ADJ:adl|VCM_I2C:i2c2|CLOCKMEM:c1|CLK_DELAY[6]~DUPLICATE                                ;                  ;                       ;
; FOCUS_ADJ:adl|VCM_I2C:i2c2|CLOCKMEM:c1|CLK_DELAY[11]                                    ; Duplicated      ; Router Logic Cell Insertion and Logic Duplication ; Routability optimization   ;           ;                ; FOCUS_ADJ:adl|VCM_I2C:i2c2|CLOCKMEM:c1|CLK_DELAY[11]~DUPLICATE                               ;                  ;                       ;
; FOCUS_ADJ:adl|VCM_I2C:i2c2|CLOCKMEM:c1|CLK_DELAY[15]                                    ; Duplicated      ; Router Logic Cell Insertion and Logic Duplication ; Routability optimization   ;           ;                ; FOCUS_ADJ:adl|VCM_I2C:i2c2|CLOCKMEM:c1|CLK_DELAY[15]~DUPLICATE                               ;                  ;                       ;
; FOCUS_ADJ:adl|VCM_I2C:i2c2|CLOCKMEM:c1|CLK_DELAY[16]                                    ; Duplicated      ; Router Logic Cell Insertion and Logic Duplication ; Routability optimization   ;           ;                ; FOCUS_ADJ:adl|VCM_I2C:i2c2|CLOCKMEM:c1|CLK_DELAY[16]~DUPLICATE                               ;                  ;                       ;
; FOCUS_ADJ:adl|VCM_I2C:i2c2|CLOCKMEM:c1|CLK_DELAY[23]                                    ; Duplicated      ; Router Logic Cell Insertion and Logic Duplication ; Routability optimization   ;           ;                ; FOCUS_ADJ:adl|VCM_I2C:i2c2|CLOCKMEM:c1|CLK_DELAY[23]~DUPLICATE                               ;                  ;                       ;
; FOCUS_ADJ:adl|VCM_I2C:i2c2|CLOCKMEM:c1|CLK_DELAY[28]                                    ; Duplicated      ; Router Logic Cell Insertion and Logic Duplication ; Routability optimization   ;           ;                ; FOCUS_ADJ:adl|VCM_I2C:i2c2|CLOCKMEM:c1|CLK_DELAY[28]~DUPLICATE                               ;                  ;                       ;
; FOCUS_ADJ:adl|VCM_I2C:i2c2|DELY[7]                                                      ; Duplicated      ; Router Logic Cell Insertion and Logic Duplication ; Routability optimization   ;           ;                ; FOCUS_ADJ:adl|VCM_I2C:i2c2|DELY[7]~DUPLICATE                                                 ;                  ;                       ;
; FOCUS_ADJ:adl|VCM_I2C:i2c2|DELY[12]                                                     ; Duplicated      ; Router Logic Cell Insertion and Logic Duplication ; Routability optimization   ;           ;                ; FOCUS_ADJ:adl|VCM_I2C:i2c2|DELY[12]~DUPLICATE                                                ;                  ;                       ;
; FOCUS_ADJ:adl|VCM_I2C:i2c2|DELY[15]                                                     ; Duplicated      ; Router Logic Cell Insertion and Logic Duplication ; Routability optimization   ;           ;                ; FOCUS_ADJ:adl|VCM_I2C:i2c2|DELY[15]~DUPLICATE                                                ;                  ;                       ;
; FOCUS_ADJ:adl|VCM_I2C:i2c2|I2C_READ_DATA:rd|BYTE[7]                                     ; Duplicated      ; Router Logic Cell Insertion and Logic Duplication ; Routability optimization   ;           ;                ; FOCUS_ADJ:adl|VCM_I2C:i2c2|I2C_READ_DATA:rd|BYTE[7]~DUPLICATE                                ;                  ;                       ;
; FOCUS_ADJ:adl|VCM_I2C:i2c2|I2C_READ_DATA:rd|CNT[1]                                      ; Duplicated      ; Router Logic Cell Insertion and Logic Duplication ; Routability optimization   ;           ;                ; FOCUS_ADJ:adl|VCM_I2C:i2c2|I2C_READ_DATA:rd|CNT[1]~DUPLICATE                                 ;                  ;                       ;
; FOCUS_ADJ:adl|VCM_I2C:i2c2|I2C_READ_DATA:rd|CNT[7]                                      ; Duplicated      ; Router Logic Cell Insertion and Logic Duplication ; Routability optimization   ;           ;                ; FOCUS_ADJ:adl|VCM_I2C:i2c2|I2C_READ_DATA:rd|CNT[7]~DUPLICATE                                 ;                  ;                       ;
; FOCUS_ADJ:adl|VCM_I2C:i2c2|I2C_WRITE_PTR:wpt|A[0]                                       ; Duplicated      ; Router Logic Cell Insertion and Logic Duplication ; Routability optimization   ;           ;                ; FOCUS_ADJ:adl|VCM_I2C:i2c2|I2C_WRITE_PTR:wpt|A[0]~DUPLICATE                                  ;                  ;                       ;
; FOCUS_ADJ:adl|VCM_I2C:i2c2|I2C_WRITE_PTR:wpt|DELY[4]                                    ; Duplicated      ; Router Logic Cell Insertion and Logic Duplication ; Routability optimization   ;           ;                ; FOCUS_ADJ:adl|VCM_I2C:i2c2|I2C_WRITE_PTR:wpt|DELY[4]~DUPLICATE                               ;                  ;                       ;
; FOCUS_ADJ:adl|VCM_I2C:i2c2|I2C_WRITE_WDATA:wrd|BYTE[0]                                  ; Duplicated      ; Router Logic Cell Insertion and Logic Duplication ; Routability optimization   ;           ;                ; FOCUS_ADJ:adl|VCM_I2C:i2c2|I2C_WRITE_WDATA:wrd|BYTE[0]~DUPLICATE                             ;                  ;                       ;
; FOCUS_ADJ:adl|VCM_I2C:i2c2|I2C_WRITE_WDATA:wrd|BYTE[1]                                  ; Duplicated      ; Router Logic Cell Insertion and Logic Duplication ; Routability optimization   ;           ;                ; FOCUS_ADJ:adl|VCM_I2C:i2c2|I2C_WRITE_WDATA:wrd|BYTE[1]~DUPLICATE                             ;                  ;                       ;
; FOCUS_ADJ:adl|VCM_I2C:i2c2|I2C_WRITE_WDATA:wrd|SCLO                                     ; Duplicated      ; Router Logic Cell Insertion and Logic Duplication ; Routability optimization   ;           ;                ; FOCUS_ADJ:adl|VCM_I2C:i2c2|I2C_WRITE_WDATA:wrd|SCLO~DUPLICATE                                ;                  ;                       ;
; FOCUS_ADJ:adl|VCM_I2C:i2c2|I2C_WRITE_WDATA:wrd|ST[0]                                    ; Duplicated      ; Router Logic Cell Insertion and Logic Duplication ; Routability optimization   ;           ;                ; FOCUS_ADJ:adl|VCM_I2C:i2c2|I2C_WRITE_WDATA:wrd|ST[0]~DUPLICATE                               ;                  ;                       ;
; FOCUS_ADJ:adl|VCM_I2C:i2c2|ST[4]                                                        ; Duplicated      ; Router Logic Cell Insertion and Logic Duplication ; Routability optimization   ;           ;                ; FOCUS_ADJ:adl|VCM_I2C:i2c2|ST[4]~DUPLICATE                                                   ;                  ;                       ;
; FOCUS_ADJ:adl|VCM_I2C:i2c2|W_POINTER_GO                                                 ; Duplicated      ; Router Logic Cell Insertion and Logic Duplication ; Routability optimization   ;           ;                ; FOCUS_ADJ:adl|VCM_I2C:i2c2|W_POINTER_GO~DUPLICATE                                            ;                  ;                       ;
; FpsMonitor:uFps2|sec_cnt[11]                                                            ; Duplicated      ; Router Logic Cell Insertion and Logic Duplication ; Routability optimization   ;           ;                ; FpsMonitor:uFps2|sec_cnt[11]~DUPLICATE                                                       ;                  ;                       ;
; FpsMonitor:uFps2|sec_cnt[21]                                                            ; Duplicated      ; Router Logic Cell Insertion and Logic Duplication ; Routability optimization   ;           ;                ; FpsMonitor:uFps2|sec_cnt[21]~DUPLICATE                                                       ;                  ;                       ;
; FpsMonitor:uFps2|sec_cnt[23]                                                            ; Duplicated      ; Router Logic Cell Insertion and Logic Duplication ; Routability optimization   ;           ;                ; FpsMonitor:uFps2|sec_cnt[23]~DUPLICATE                                                       ;                  ;                       ;
; MIPI_BRIDGE_CAMERA_Config:cfin|MIPI_BRIDGE_CONFIG:mpiv|CNT[0]                           ; Duplicated      ; Router Logic Cell Insertion and Logic Duplication ; Routability optimization   ;           ;                ; MIPI_BRIDGE_CAMERA_Config:cfin|MIPI_BRIDGE_CONFIG:mpiv|CNT[0]~DUPLICATE                      ;                  ;                       ;
; MIPI_BRIDGE_CAMERA_Config:cfin|MIPI_BRIDGE_CONFIG:mpiv|DELY[0]                          ; Duplicated      ; Router Logic Cell Insertion and Logic Duplication ; Routability optimization   ;           ;                ; MIPI_BRIDGE_CAMERA_Config:cfin|MIPI_BRIDGE_CONFIG:mpiv|DELY[0]~DUPLICATE                     ;                  ;                       ;
; MIPI_BRIDGE_CAMERA_Config:cfin|MIPI_BRIDGE_CONFIG:mpiv|DELY[1]                          ; Duplicated      ; Router Logic Cell Insertion and Logic Duplication ; Routability optimization   ;           ;                ; MIPI_BRIDGE_CAMERA_Config:cfin|MIPI_BRIDGE_CONFIG:mpiv|DELY[1]~DUPLICATE                     ;                  ;                       ;
; MIPI_BRIDGE_CAMERA_Config:cfin|MIPI_BRIDGE_CONFIG:mpiv|DELY[4]                          ; Duplicated      ; Router Logic Cell Insertion and Logic Duplication ; Routability optimization   ;           ;                ; MIPI_BRIDGE_CAMERA_Config:cfin|MIPI_BRIDGE_CONFIG:mpiv|DELY[4]~DUPLICATE                     ;                  ;                       ;
; MIPI_BRIDGE_CAMERA_Config:cfin|MIPI_BRIDGE_CONFIG:mpiv|DELY[15]                         ; Duplicated      ; Router Logic Cell Insertion and Logic Duplication ; Routability optimization   ;           ;                ; MIPI_BRIDGE_CAMERA_Config:cfin|MIPI_BRIDGE_CONFIG:mpiv|DELY[15]~DUPLICATE                    ;                  ;                       ;
; MIPI_BRIDGE_CAMERA_Config:cfin|MIPI_BRIDGE_CONFIG:mpiv|I2C_READ_DATA:rd|DELY[2]         ; Duplicated      ; Router Logic Cell Insertion and Logic Duplication ; Routability optimization   ;           ;                ; MIPI_BRIDGE_CAMERA_Config:cfin|MIPI_BRIDGE_CONFIG:mpiv|I2C_READ_DATA:rd|DELY[2]~DUPLICATE    ;                  ;                       ;
; MIPI_BRIDGE_CAMERA_Config:cfin|MIPI_BRIDGE_CONFIG:mpiv|I2C_READ_DATA:rd|END_OK          ; Duplicated      ; Router Logic Cell Insertion and Logic Duplication ; Routability optimization   ;           ;                ; MIPI_BRIDGE_CAMERA_Config:cfin|MIPI_BRIDGE_CONFIG:mpiv|I2C_READ_DATA:rd|END_OK~DUPLICATE     ;                  ;                       ;
; MIPI_BRIDGE_CAMERA_Config:cfin|MIPI_BRIDGE_CONFIG:mpiv|I2C_READ_DATA:rd|ST[0]           ; Duplicated      ; Router Logic Cell Insertion and Logic Duplication ; Routability optimization   ;           ;                ; MIPI_BRIDGE_CAMERA_Config:cfin|MIPI_BRIDGE_CONFIG:mpiv|I2C_READ_DATA:rd|ST[0]~DUPLICATE      ;                  ;                       ;
; MIPI_BRIDGE_CAMERA_Config:cfin|MIPI_BRIDGE_CONFIG:mpiv|I2C_READ_DATA:rd|ST[2]           ; Duplicated      ; Router Logic Cell Insertion and Logic Duplication ; Routability optimization   ;           ;                ; MIPI_BRIDGE_CAMERA_Config:cfin|MIPI_BRIDGE_CONFIG:mpiv|I2C_READ_DATA:rd|ST[2]~DUPLICATE      ;                  ;                       ;
; MIPI_BRIDGE_CAMERA_Config:cfin|MIPI_BRIDGE_CONFIG:mpiv|I2C_WRITE_PTR:wpt|CNT[2]         ; Duplicated      ; Router Logic Cell Insertion and Logic Duplication ; Routability optimization   ;           ;                ; MIPI_BRIDGE_CAMERA_Config:cfin|MIPI_BRIDGE_CONFIG:mpiv|I2C_WRITE_PTR:wpt|CNT[2]~DUPLICATE    ;                  ;                       ;
; MIPI_BRIDGE_CAMERA_Config:cfin|MIPI_BRIDGE_CONFIG:mpiv|I2C_WRITE_PTR:wpt|ST[1]          ; Duplicated      ; Router Logic Cell Insertion and Logic Duplication ; Routability optimization   ;           ;                ; MIPI_BRIDGE_CAMERA_Config:cfin|MIPI_BRIDGE_CONFIG:mpiv|I2C_WRITE_PTR:wpt|ST[1]~DUPLICATE     ;                  ;                       ;
; MIPI_BRIDGE_CAMERA_Config:cfin|MIPI_BRIDGE_CONFIG:mpiv|I2C_WRITE_PTR:wpt|ST[3]          ; Duplicated      ; Router Logic Cell Insertion and Logic Duplication ; Routability optimization   ;           ;                ; MIPI_BRIDGE_CAMERA_Config:cfin|MIPI_BRIDGE_CONFIG:mpiv|I2C_WRITE_PTR:wpt|ST[3]~DUPLICATE     ;                  ;                       ;
; MIPI_BRIDGE_CAMERA_Config:cfin|MIPI_BRIDGE_CONFIG:mpiv|POINTER[0]                       ; Duplicated      ; Router Logic Cell Insertion and Logic Duplication ; Routability optimization   ;           ;                ; MIPI_BRIDGE_CAMERA_Config:cfin|MIPI_BRIDGE_CONFIG:mpiv|POINTER[0]~DUPLICATE                  ;                  ;                       ;
; MIPI_BRIDGE_CAMERA_Config:cfin|MIPI_BRIDGE_CONFIG:mpiv|POINTER[2]                       ; Duplicated      ; Router Logic Cell Insertion and Logic Duplication ; Routability optimization   ;           ;                ; MIPI_BRIDGE_CAMERA_Config:cfin|MIPI_BRIDGE_CONFIG:mpiv|POINTER[2]~DUPLICATE                  ;                  ;                       ;
; MIPI_BRIDGE_CAMERA_Config:cfin|MIPI_BRIDGE_CONFIG:mpiv|ST[1]                            ; Duplicated      ; Router Logic Cell Insertion and Logic Duplication ; Routability optimization   ;           ;                ; MIPI_BRIDGE_CAMERA_Config:cfin|MIPI_BRIDGE_CONFIG:mpiv|ST[1]~DUPLICATE                       ;                  ;                       ;
; MIPI_BRIDGE_CAMERA_Config:cfin|MIPI_BRIDGE_CONFIG:mpiv|ST[2]                            ; Duplicated      ; Router Logic Cell Insertion and Logic Duplication ; Routability optimization   ;           ;                ; MIPI_BRIDGE_CAMERA_Config:cfin|MIPI_BRIDGE_CONFIG:mpiv|ST[2]~DUPLICATE                       ;                  ;                       ;
; MIPI_BRIDGE_CAMERA_Config:cfin|MIPI_BRIDGE_CONFIG:mpiv|ST[4]                            ; Duplicated      ; Router Logic Cell Insertion and Logic Duplication ; Routability optimization   ;           ;                ; MIPI_BRIDGE_CAMERA_Config:cfin|MIPI_BRIDGE_CONFIG:mpiv|ST[4]~DUPLICATE                       ;                  ;                       ;
; MIPI_BRIDGE_CAMERA_Config:cfin|MIPI_CAMERA_CONFIG:camiv|DELY[3]                         ; Duplicated      ; Router Logic Cell Insertion and Logic Duplication ; Routability optimization   ;           ;                ; MIPI_BRIDGE_CAMERA_Config:cfin|MIPI_CAMERA_CONFIG:camiv|DELY[3]~DUPLICATE                    ;                  ;                       ;
; MIPI_BRIDGE_CAMERA_Config:cfin|MIPI_CAMERA_CONFIG:camiv|DELY[6]                         ; Duplicated      ; Router Logic Cell Insertion and Logic Duplication ; Routability optimization   ;           ;                ; MIPI_BRIDGE_CAMERA_Config:cfin|MIPI_CAMERA_CONFIG:camiv|DELY[6]~DUPLICATE                    ;                  ;                       ;
; MIPI_BRIDGE_CAMERA_Config:cfin|MIPI_CAMERA_CONFIG:camiv|DELY[15]                        ; Duplicated      ; Router Logic Cell Insertion and Logic Duplication ; Routability optimization   ;           ;                ; MIPI_BRIDGE_CAMERA_Config:cfin|MIPI_CAMERA_CONFIG:camiv|DELY[15]~DUPLICATE                   ;                  ;                       ;
; MIPI_BRIDGE_CAMERA_Config:cfin|MIPI_CAMERA_CONFIG:camiv|DELY[18]                        ; Duplicated      ; Router Logic Cell Insertion and Logic Duplication ; Routability optimization   ;           ;                ; MIPI_BRIDGE_CAMERA_Config:cfin|MIPI_CAMERA_CONFIG:camiv|DELY[18]~DUPLICATE                   ;                  ;                       ;
; MIPI_BRIDGE_CAMERA_Config:cfin|MIPI_CAMERA_CONFIG:camiv|I2C_READ_DATA:rd|DATA16[6]      ; Duplicated      ; Router Logic Cell Insertion and Logic Duplication ; Routability optimization   ;           ;                ; MIPI_BRIDGE_CAMERA_Config:cfin|MIPI_CAMERA_CONFIG:camiv|I2C_READ_DATA:rd|DATA16[6]~DUPLICATE ;                  ;                       ;
; MIPI_BRIDGE_CAMERA_Config:cfin|MIPI_CAMERA_CONFIG:camiv|I2C_READ_DATA:rd|DELY[7]        ; Duplicated      ; Router Logic Cell Insertion and Logic Duplication ; Routability optimization   ;           ;                ; MIPI_BRIDGE_CAMERA_Config:cfin|MIPI_CAMERA_CONFIG:camiv|I2C_READ_DATA:rd|DELY[7]~DUPLICATE   ;                  ;                       ;
; MIPI_BRIDGE_CAMERA_Config:cfin|MIPI_CAMERA_CONFIG:camiv|I2C_READ_DATA:rd|ST[4]          ; Duplicated      ; Router Logic Cell Insertion and Logic Duplication ; Routability optimization   ;           ;                ; MIPI_BRIDGE_CAMERA_Config:cfin|MIPI_CAMERA_CONFIG:camiv|I2C_READ_DATA:rd|ST[4]~DUPLICATE     ;                  ;                       ;
; MIPI_BRIDGE_CAMERA_Config:cfin|MIPI_CAMERA_CONFIG:camiv|I2C_WRITE_PTR:wpt|BYTE[1]       ; Duplicated      ; Router Logic Cell Insertion and Logic Duplication ; Routability optimization   ;           ;                ; MIPI_BRIDGE_CAMERA_Config:cfin|MIPI_CAMERA_CONFIG:camiv|I2C_WRITE_PTR:wpt|BYTE[1]~DUPLICATE  ;                  ;                       ;
; MIPI_BRIDGE_CAMERA_Config:cfin|MIPI_CAMERA_CONFIG:camiv|I2C_WRITE_PTR:wpt|DELY[1]       ; Duplicated      ; Router Logic Cell Insertion and Logic Duplication ; Routability optimization   ;           ;                ; MIPI_BRIDGE_CAMERA_Config:cfin|MIPI_CAMERA_CONFIG:camiv|I2C_WRITE_PTR:wpt|DELY[1]~DUPLICATE  ;                  ;                       ;
; MIPI_BRIDGE_CAMERA_Config:cfin|MIPI_CAMERA_CONFIG:camiv|I2C_WRITE_PTR:wpt|SDAO          ; Duplicated      ; Router Logic Cell Insertion and Logic Duplication ; Routability optimization   ;           ;                ; MIPI_BRIDGE_CAMERA_Config:cfin|MIPI_CAMERA_CONFIG:camiv|I2C_WRITE_PTR:wpt|SDAO~DUPLICATE     ;                  ;                       ;
; MIPI_BRIDGE_CAMERA_Config:cfin|MIPI_CAMERA_CONFIG:camiv|I2C_WRITE_WDATA:wrd|A[0]        ; Duplicated      ; Router Logic Cell Insertion and Logic Duplication ; Routability optimization   ;           ;                ; MIPI_BRIDGE_CAMERA_Config:cfin|MIPI_CAMERA_CONFIG:camiv|I2C_WRITE_WDATA:wrd|A[0]~DUPLICATE   ;                  ;                       ;
; MIPI_BRIDGE_CAMERA_Config:cfin|MIPI_CAMERA_CONFIG:camiv|I2C_WRITE_WDATA:wrd|SCLO        ; Duplicated      ; Router Logic Cell Insertion and Logic Duplication ; Routability optimization   ;           ;                ; MIPI_BRIDGE_CAMERA_Config:cfin|MIPI_CAMERA_CONFIG:camiv|I2C_WRITE_WDATA:wrd|SCLO~DUPLICATE   ;                  ;                       ;
; MIPI_BRIDGE_CAMERA_Config:cfin|MIPI_CAMERA_CONFIG:camiv|I2C_WRITE_WDATA:wrd|SDAO        ; Duplicated      ; Router Logic Cell Insertion and Logic Duplication ; Routability optimization   ;           ;                ; MIPI_BRIDGE_CAMERA_Config:cfin|MIPI_CAMERA_CONFIG:camiv|I2C_WRITE_WDATA:wrd|SDAO~DUPLICATE   ;                  ;                       ;
; MIPI_BRIDGE_CAMERA_Config:cfin|MIPI_CAMERA_CONFIG:camiv|POINTER[1]                      ; Duplicated      ; Router Logic Cell Insertion and Logic Duplication ; Routability optimization   ;           ;                ; MIPI_BRIDGE_CAMERA_Config:cfin|MIPI_CAMERA_CONFIG:camiv|POINTER[1]~DUPLICATE                 ;                  ;                       ;
; MIPI_BRIDGE_CAMERA_Config:cfin|MIPI_CAMERA_CONFIG:camiv|POINTER[8]                      ; Duplicated      ; Router Logic Cell Insertion and Logic Duplication ; Routability optimization   ;           ;                ; MIPI_BRIDGE_CAMERA_Config:cfin|MIPI_CAMERA_CONFIG:camiv|POINTER[8]~DUPLICATE                 ;                  ;                       ;
; MIPI_BRIDGE_CAMERA_Config:cfin|MIPI_CAMERA_CONFIG:camiv|POINTER[13]                     ; Duplicated      ; Router Logic Cell Insertion and Logic Duplication ; Routability optimization   ;           ;                ; MIPI_BRIDGE_CAMERA_Config:cfin|MIPI_CAMERA_CONFIG:camiv|POINTER[13]~DUPLICATE                ;                  ;                       ;
; MIPI_BRIDGE_CAMERA_Config:cfin|MIPI_CAMERA_CONFIG:camiv|SLV8_REG16_DATA8[6]             ; Duplicated      ; Router Logic Cell Insertion and Logic Duplication ; Routability optimization   ;           ;                ; MIPI_BRIDGE_CAMERA_Config:cfin|MIPI_CAMERA_CONFIG:camiv|SLV8_REG16_DATA8[6]~DUPLICATE        ;                  ;                       ;
; MIPI_BRIDGE_CAMERA_Config:cfin|MIPI_CAMERA_CONFIG:camiv|SLV8_REG16_DATA8[20]            ; Duplicated      ; Router Logic Cell Insertion and Logic Duplication ; Routability optimization   ;           ;                ; MIPI_BRIDGE_CAMERA_Config:cfin|MIPI_CAMERA_CONFIG:camiv|SLV8_REG16_DATA8[20]~DUPLICATE       ;                  ;                       ;
; MIPI_BRIDGE_CAMERA_Config:cfin|MIPI_CAMERA_CONFIG:camiv|ST[0]                           ; Duplicated      ; Router Logic Cell Insertion and Logic Duplication ; Routability optimization   ;           ;                ; MIPI_BRIDGE_CAMERA_Config:cfin|MIPI_CAMERA_CONFIG:camiv|ST[0]~DUPLICATE                      ;                  ;                       ;
; MIPI_BRIDGE_CAMERA_Config:cfin|MIPI_CAMERA_CONFIG:camiv|ST[2]                           ; Duplicated      ; Router Logic Cell Insertion and Logic Duplication ; Routability optimization   ;           ;                ; MIPI_BRIDGE_CAMERA_Config:cfin|MIPI_CAMERA_CONFIG:camiv|ST[2]~DUPLICATE                      ;                  ;                       ;
; MIPI_BRIDGE_CAMERA_Config:cfin|MIPI_CAMERA_CONFIG:camiv|WCNT[3]                         ; Duplicated      ; Router Logic Cell Insertion and Logic Duplication ; Routability optimization   ;           ;                ; MIPI_BRIDGE_CAMERA_Config:cfin|MIPI_CAMERA_CONFIG:camiv|WCNT[3]~DUPLICATE                    ;                  ;                       ;
; MIPI_BRIDGE_CAMERA_Config:cfin|MIPI_CAMERA_CONFIG:camiv|WCNT[7]                         ; Duplicated      ; Router Logic Cell Insertion and Logic Duplication ; Routability optimization   ;           ;                ; MIPI_BRIDGE_CAMERA_Config:cfin|MIPI_CAMERA_CONFIG:camiv|WCNT[7]~DUPLICATE                    ;                  ;                       ;
; MIPI_BRIDGE_CAMERA_Config:cfin|MIPI_CAMERA_CONFIG:camiv|W_WORD_GO                       ; Duplicated      ; Router Logic Cell Insertion and Logic Duplication ; Routability optimization   ;           ;                ; MIPI_BRIDGE_CAMERA_Config:cfin|MIPI_CAMERA_CONFIG:camiv|W_WORD_GO~DUPLICATE                  ;                  ;                       ;
; RESET_DELAY:u2|Cont[1]                                                                  ; Duplicated      ; Router Logic Cell Insertion and Logic Duplication ; Routability optimization   ;           ;                ; RESET_DELAY:u2|Cont[1]~DUPLICATE                                                             ;                  ;                       ;
; RESET_DELAY:u2|Cont[3]                                                                  ; Duplicated      ; Router Logic Cell Insertion and Logic Duplication ; Routability optimization   ;           ;                ; RESET_DELAY:u2|Cont[3]~DUPLICATE                                                             ;                  ;                       ;
; RESET_DELAY:u2|Cont[4]                                                                  ; Duplicated      ; Router Logic Cell Insertion and Logic Duplication ; Routability optimization   ;           ;                ; RESET_DELAY:u2|Cont[4]~DUPLICATE                                                             ;                  ;                       ;
; RESET_DELAY:u2|Cont[5]                                                                  ; Duplicated      ; Router Logic Cell Insertion and Logic Duplication ; Routability optimization   ;           ;                ; RESET_DELAY:u2|Cont[5]~DUPLICATE                                                             ;                  ;                       ;
; RESET_DELAY:u2|Cont[6]                                                                  ; Duplicated      ; Router Logic Cell Insertion and Logic Duplication ; Routability optimization   ;           ;                ; RESET_DELAY:u2|Cont[6]~DUPLICATE                                                             ;                  ;                       ;
; RESET_DELAY:u2|Cont[7]                                                                  ; Duplicated      ; Router Logic Cell Insertion and Logic Duplication ; Routability optimization   ;           ;                ; RESET_DELAY:u2|Cont[7]~DUPLICATE                                                             ;                  ;                       ;
; RESET_DELAY:u2|Cont[8]                                                                  ; Duplicated      ; Router Logic Cell Insertion and Logic Duplication ; Routability optimization   ;           ;                ; RESET_DELAY:u2|Cont[8]~DUPLICATE                                                             ;                  ;                       ;
; RESET_DELAY:u2|Cont[9]                                                                  ; Duplicated      ; Router Logic Cell Insertion and Logic Duplication ; Routability optimization   ;           ;                ; RESET_DELAY:u2|Cont[9]~DUPLICATE                                                             ;                  ;                       ;
; RESET_DELAY:u2|Cont[12]                                                                 ; Duplicated      ; Router Logic Cell Insertion and Logic Duplication ; Routability optimization   ;           ;                ; RESET_DELAY:u2|Cont[12]~DUPLICATE                                                            ;                  ;                       ;
; RESET_DELAY:u2|Cont[22]                                                                 ; Duplicated      ; Router Logic Cell Insertion and Logic Duplication ; Routability optimization   ;           ;                ; RESET_DELAY:u2|Cont[22]~DUPLICATE                                                            ;                  ;                       ;
; RESET_DELAY:u2|Cont[23]                                                                 ; Duplicated      ; Router Logic Cell Insertion and Logic Duplication ; Routability optimization   ;           ;                ; RESET_DELAY:u2|Cont[23]~DUPLICATE                                                            ;                  ;                       ;
; RESET_DELAY:u2|Cont[28]                                                                 ; Duplicated      ; Router Logic Cell Insertion and Logic Duplication ; Routability optimization   ;           ;                ; RESET_DELAY:u2|Cont[28]~DUPLICATE                                                            ;                  ;                       ;
+-----------------------------------------------------------------------------------------+-----------------+---------------------------------------------------+----------------------------+-----------+----------------+----------------------------------------------------------------------------------------------+------------------+-----------------------+


+---------------------------------------------------------------------------------------------------+
; Incremental Compilation Preservation Summary                                                      ;
+---------------------+---------------------+----------------------------+--------------------------+
; Type                ; Total [A + B]       ; From Design Partitions [A] ; From Rapid Recompile [B] ;
+---------------------+---------------------+----------------------------+--------------------------+
; Placement (by node) ;                     ;                            ;                          ;
;     -- Requested    ; 0.00 % ( 0 / 4165 ) ; 0.00 % ( 0 / 4165 )        ; 0.00 % ( 0 / 4165 )      ;
;     -- Achieved     ; 0.00 % ( 0 / 4165 ) ; 0.00 % ( 0 / 4165 )        ; 0.00 % ( 0 / 4165 )      ;
;                     ;                     ;                            ;                          ;
; Routing (by net)    ;                     ;                            ;                          ;
;     -- Requested    ; 0.00 % ( 0 / 0 )    ; 0.00 % ( 0 / 0 )           ; 0.00 % ( 0 / 0 )         ;
;     -- Achieved     ; 0.00 % ( 0 / 0 )    ; 0.00 % ( 0 / 0 )           ; 0.00 % ( 0 / 0 )         ;
+---------------------+---------------------+----------------------------+--------------------------+


+----------------------------------------------------------------------------------------------------------------------------------------------------------------------------------------+
; Incremental Compilation Partition Settings                                                                                                                                             ;
+--------------------------------+----------------+-------------------+-------------------------+------------------------+------------------------------+--------------------------------+
; Partition Name                 ; Partition Type ; Netlist Type Used ; Preservation Level Used ; Netlist Type Requested ; Preservation Level Requested ; Contents                       ;
+--------------------------------+----------------+-------------------+-------------------------+------------------------+------------------------------+--------------------------------+
; Top                            ; User-created   ; Source File       ; N/A                     ; Source File            ; N/A                          ;                                ;
; hard_block:auto_generated_inst ; Auto-generated ; Source File       ; N/A                     ; Source File            ; N/A                          ; hard_block:auto_generated_inst ;
+--------------------------------+----------------+-------------------+-------------------------+------------------------+------------------------------+--------------------------------+


+------------------------------------------------------------------------------------------------------------------------------------+
; Incremental Compilation Placement Preservation                                                                                     ;
+--------------------------------+-----------------------+-------------------------+-------------------+---------------------+-------+
; Partition Name                 ; Preservation Achieved ; Preservation Level Used ; Netlist Type Used ; Preservation Method ; Notes ;
+--------------------------------+-----------------------+-------------------------+-------------------+---------------------+-------+
; Top                            ; 0.00 % ( 0 / 4147 )   ; N/A                     ; Source File       ; N/A                 ;       ;
; hard_block:auto_generated_inst ; 0.00 % ( 0 / 18 )     ; N/A                     ; Source File       ; N/A                 ;       ;
+--------------------------------+-----------------------+-------------------------+-------------------+---------------------+-------+


+--------------+
; Pin-Out File ;
+--------------+
The pin-out file can be found in //10.0.0.35/School/2025-2026/Senior Design/Labs/lab5/part 3/output_files/DE1_SOC_D8M_LB_RTL.pin.


+--------------------------------------------------------------------------------------------+
; Fitter Resource Usage Summary                                                              ;
+-------------------------------------------------------------+----------------------+-------+
; Resource                                                    ; Usage                ; %     ;
+-------------------------------------------------------------+----------------------+-------+
; Logic utilization (ALMs needed / total ALMs on device)      ; 1,615 / 32,070       ; 5 %   ;
; ALMs needed [=A-B+C]                                        ; 1,615                ;       ;
;     [A] ALMs used in final placement [=a+b+c+d]             ; 1,718 / 32,070       ; 5 %   ;
;         [a] ALMs used for LUT logic and registers           ; 468                  ;       ;
;         [b] ALMs used for LUT logic                         ; 1,069                ;       ;
;         [c] ALMs used for registers                         ; 181                  ;       ;
;         [d] ALMs used for memory (up to half of total ALMs) ; 0                    ;       ;
;     [B] Estimate of ALMs recoverable by dense packing       ; 108 / 32,070         ; < 1 % ;
;     [C] Estimate of ALMs unavailable [=a+b+c+d]             ; 5 / 32,070           ; < 1 % ;
;         [a] Due to location constrained logic               ; 0                    ;       ;
;         [b] Due to LAB-wide signal conflicts                ; 0                    ;       ;
;         [c] Due to LAB input limits                         ; 5                    ;       ;
;         [d] Due to virtual I/Os                             ; 0                    ;       ;
;                                                             ;                      ;       ;
; Difficulty packing design                                   ; Low                  ;       ;
;                                                             ;                      ;       ;
; Total LABs:  partially or completely used                   ; 217 / 3,207          ; 7 %   ;
;     -- Logic LABs                                           ; 217                  ;       ;
;     -- Memory LABs (up to half of total LABs)               ; 0                    ;       ;
;                                                             ;                      ;       ;
; Combinational ALUT usage for logic                          ; 2,595                ;       ;
;     -- 7 input functions                                    ; 35                   ;       ;
;     -- 6 input functions                                    ; 602                  ;       ;
;     -- 5 input functions                                    ; 372                  ;       ;
;     -- 4 input functions                                    ; 360                  ;       ;
;     -- <=3 input functions                                  ; 1,226                ;       ;
; Combinational ALUT usage for route-throughs                 ; 97                   ;       ;
;                                                             ;                      ;       ;
; Dedicated logic registers                                   ; 1,421                ;       ;
;     -- By type:                                             ;                      ;       ;
;         -- Primary logic registers                          ; 1,298 / 64,140       ; 2 %   ;
;         -- Secondary logic registers                        ; 123 / 64,140         ; < 1 % ;
;     -- By function:                                         ;                      ;       ;
;         -- Design implementation registers                  ; 1,302                ;       ;
;         -- Routing optimization registers                   ; 119                  ;       ;
;                                                             ;                      ;       ;
; Virtual pins                                                ; 0                    ;       ;
; I/O pins                                                    ; 121 / 457            ; 26 %  ;
;     -- Clock pins                                           ; 7 / 8                ; 88 %  ;
;     -- Dedicated input pins                                 ; 0 / 21               ; 0 %   ;
;                                                             ;                      ;       ;
; Hard processor system peripheral utilization                ;                      ;       ;
;     -- Boot from FPGA                                       ; 0 / 1 ( 0 % )        ;       ;
;     -- Clock resets                                         ; 0 / 1 ( 0 % )        ;       ;
;     -- Cross trigger                                        ; 0 / 1 ( 0 % )        ;       ;
;     -- S2F AXI                                              ; 0 / 1 ( 0 % )        ;       ;
;     -- F2S AXI                                              ; 0 / 1 ( 0 % )        ;       ;
;     -- AXI Lightweight                                      ; 0 / 1 ( 0 % )        ;       ;
;     -- SDRAM                                                ; 0 / 1 ( 0 % )        ;       ;
;     -- Interrupts                                           ; 0 / 1 ( 0 % )        ;       ;
;     -- JTAG                                                 ; 0 / 1 ( 0 % )        ;       ;
;     -- Loan I/O                                             ; 0 / 1 ( 0 % )        ;       ;
;     -- MPU event standby                                    ; 0 / 1 ( 0 % )        ;       ;
;     -- MPU general purpose                                  ; 0 / 1 ( 0 % )        ;       ;
;     -- STM event                                            ; 0 / 1 ( 0 % )        ;       ;
;     -- TPIU trace                                           ; 0 / 1 ( 0 % )        ;       ;
;     -- DMA                                                  ; 0 / 1 ( 0 % )        ;       ;
;     -- CAN                                                  ; 0 / 2 ( 0 % )        ;       ;
;     -- EMAC                                                 ; 0 / 2 ( 0 % )        ;       ;
;     -- I2C                                                  ; 0 / 4 ( 0 % )        ;       ;
;     -- NAND Flash                                           ; 0 / 1 ( 0 % )        ;       ;
;     -- QSPI                                                 ; 0 / 1 ( 0 % )        ;       ;
;     -- SDMMC                                                ; 0 / 1 ( 0 % )        ;       ;
;     -- SPI Master                                           ; 0 / 2 ( 0 % )        ;       ;
;     -- SPI Slave                                            ; 0 / 2 ( 0 % )        ;       ;
;     -- UART                                                 ; 0 / 2 ( 0 % )        ;       ;
;     -- USB                                                  ; 0 / 2 ( 0 % )        ;       ;
;                                                             ;                      ;       ;
; M10K blocks                                                 ; 15 / 397             ; 4 %   ;
; Total MLAB memory bits                                      ; 0                    ;       ;
; Total block memory bits                                     ; 122,880 / 4,065,280  ; 3 %   ;
; Total block memory implementation bits                      ; 153,600 / 4,065,280  ; 4 %   ;
;                                                             ;                      ;       ;
; Total DSP Blocks                                            ; 4 / 87               ; 5 %   ;
;                                                             ;                      ;       ;
; Fractional PLLs                                             ; 2 / 6                ; 33 %  ;
; Global signals                                              ; 5                    ;       ;
;     -- Global clocks                                        ; 5 / 16               ; 31 %  ;
;     -- Quadrant clocks                                      ; 0 / 66               ; 0 %   ;
;     -- Horizontal periphery clocks                          ; 0 / 18               ; 0 %   ;
; SERDES Transmitters                                         ; 0 / 100              ; 0 %   ;
; SERDES Receivers                                            ; 0 / 100              ; 0 %   ;
; JTAGs                                                       ; 0 / 1                ; 0 %   ;
; ASMI blocks                                                 ; 0 / 1                ; 0 %   ;
; CRC blocks                                                  ; 0 / 1                ; 0 %   ;
; Remote update blocks                                        ; 0 / 1                ; 0 %   ;
; Oscillator blocks                                           ; 0 / 1                ; 0 %   ;
; Impedance control blocks                                    ; 0 / 4                ; 0 %   ;
; Hard Memory Controllers                                     ; 0 / 2                ; 0 %   ;
; Average interconnect usage (total/H/V)                      ; 1.1% / 1.1% / 1.2%   ;       ;
; Peak interconnect usage (total/H/V)                         ; 10.9% / 11.9% / 7.7% ;       ;
; Maximum fan-out                                             ; 460                  ;       ;
; Highest non-global fan-out                                  ; 260                  ;       ;
; Total fan-out                                               ; 15522                ;       ;
; Average fan-out                                             ; 3.53                 ;       ;
+-------------------------------------------------------------+----------------------+-------+


+----------------------------------------------------------------------------------------------------------------------+
; Fitter Partition Statistics                                                                                          ;
+-------------------------------------------------------------+-----------------------+--------------------------------+
; Statistic                                                   ; Top                   ; hard_block:auto_generated_inst ;
+-------------------------------------------------------------+-----------------------+--------------------------------+
; Logic utilization (ALMs needed / total ALMs on device)      ; 1615 / 32070 ( 5 % )  ; 0 / 32070 ( 0 % )              ;
; ALMs needed [=A-B+C]                                        ; 1615                  ; 0                              ;
;     [A] ALMs used in final placement [=a+b+c+d]             ; 1718 / 32070 ( 5 % )  ; 0 / 32070 ( 0 % )              ;
;         [a] ALMs used for LUT logic and registers           ; 468                   ; 0                              ;
;         [b] ALMs used for LUT logic                         ; 1069                  ; 0                              ;
;         [c] ALMs used for registers                         ; 181                   ; 0                              ;
;         [d] ALMs used for memory (up to half of total ALMs) ; 0                     ; 0                              ;
;     [B] Estimate of ALMs recoverable by dense packing       ; 108 / 32070 ( < 1 % ) ; 0 / 32070 ( 0 % )              ;
;     [C] Estimate of ALMs unavailable [=a+b+c+d]             ; 5 / 32070 ( < 1 % )   ; 0 / 32070 ( 0 % )              ;
;         [a] Due to location constrained logic               ; 0                     ; 0                              ;
;         [b] Due to LAB-wide signal conflicts                ; 0                     ; 0                              ;
;         [c] Due to LAB input limits                         ; 5                     ; 0                              ;
;         [d] Due to virtual I/Os                             ; 0                     ; 0                              ;
;                                                             ;                       ;                                ;
; Difficulty packing design                                   ; Low                   ; Low                            ;
;                                                             ;                       ;                                ;
; Total LABs:  partially or completely used                   ; 217 / 3207 ( 7 % )    ; 0 / 3207 ( 0 % )               ;
;     -- Logic LABs                                           ; 217                   ; 0                              ;
;     -- Memory LABs (up to half of total LABs)               ; 0                     ; 0                              ;
;                                                             ;                       ;                                ;
; Combinational ALUT usage for logic                          ; 2595                  ; 0                              ;
;     -- 7 input functions                                    ; 35                    ; 0                              ;
;     -- 6 input functions                                    ; 602                   ; 0                              ;
;     -- 5 input functions                                    ; 372                   ; 0                              ;
;     -- 4 input functions                                    ; 360                   ; 0                              ;
;     -- <=3 input functions                                  ; 1226                  ; 0                              ;
; Combinational ALUT usage for route-throughs                 ; 97                    ; 0                              ;
; Memory ALUT usage                                           ; 0                     ; 0                              ;
;     -- 64-address deep                                      ; 0                     ; 0                              ;
;     -- 32-address deep                                      ; 0                     ; 0                              ;
;                                                             ;                       ;                                ;
; Dedicated logic registers                                   ; 0                     ; 0                              ;
;     -- By type:                                             ;                       ;                                ;
;         -- Primary logic registers                          ; 1298 / 64140 ( 2 % )  ; 0 / 64140 ( 0 % )              ;
;         -- Secondary logic registers                        ; 123 / 64140 ( < 1 % ) ; 0 / 64140 ( 0 % )              ;
;     -- By function:                                         ;                       ;                                ;
;         -- Design implementation registers                  ; 1302                  ; 0                              ;
;         -- Routing optimization registers                   ; 119                   ; 0                              ;
;                                                             ;                       ;                                ;
;                                                             ;                       ;                                ;
; Virtual pins                                                ; 0                     ; 0                              ;
; I/O pins                                                    ; 117                   ; 4                              ;
; I/O registers                                               ; 0                     ; 0                              ;
; Total block memory bits                                     ; 122880                ; 0                              ;
; Total block memory implementation bits                      ; 153600                ; 0                              ;
; M10K block                                                  ; 15 / 397 ( 3 % )      ; 0 / 397 ( 0 % )                ;
; DSP block                                                   ; 4 / 87 ( 4 % )        ; 0 / 87 ( 0 % )                 ;
; Clock enable block                                          ; 3 / 116 ( 2 % )       ; 2 / 116 ( 1 % )                ;
; Fractional PLL                                              ; 0 / 6 ( 0 % )         ; 2 / 6 ( 33 % )                 ;
; PLL Output Counter                                          ; 0 / 54 ( 0 % )        ; 2 / 54 ( 3 % )                 ;
; PLL Reconfiguration Block                                   ; 0 / 6 ( 0 % )         ; 2 / 6 ( 33 % )                 ;
; PLL Reference Clock Select Block                            ; 0 / 6 ( 0 % )         ; 2 / 6 ( 33 % )                 ;
;                                                             ;                       ;                                ;
; Connections                                                 ;                       ;                                ;
;     -- Input Connections                                    ; 496                   ; 0                              ;
;     -- Registered Input Connections                         ; 490                   ; 0                              ;
;     -- Output Connections                                   ; 4                     ; 492                            ;
;     -- Registered Output Connections                        ; 0                     ; 0                              ;
;                                                             ;                       ;                                ;
; Internal Connections                                        ;                       ;                                ;
;     -- Total Connections                                    ; 15794                 ; 560                            ;
;     -- Registered Connections                               ; 7422                  ; 0                              ;
;                                                             ;                       ;                                ;
; External Connections                                        ;                       ;                                ;
;     -- Top                                                  ; 8                     ; 492                            ;
;     -- hard_block:auto_generated_inst                       ; 492                   ; 0                              ;
;                                                             ;                       ;                                ;
; Partition Interface                                         ;                       ;                                ;
;     -- Input Ports                                          ; 31                    ; 2                              ;
;     -- Output Ports                                         ; 86                    ; 4                              ;
;     -- Bidir Ports                                          ; 4                     ; 0                              ;
;                                                             ;                       ;                                ;
; Registered Ports                                            ;                       ;                                ;
;     -- Registered Input Ports                               ; 0                     ; 0                              ;
;     -- Registered Output Ports                              ; 0                     ; 0                              ;
;                                                             ;                       ;                                ;
; Port Connectivity                                           ;                       ;                                ;
;     -- Input Ports driven by GND                            ; 0                     ; 0                              ;
;     -- Output Ports driven by GND                           ; 0                     ; 0                              ;
;     -- Input Ports driven by VCC                            ; 0                     ; 0                              ;
;     -- Output Ports driven by VCC                           ; 0                     ; 0                              ;
;     -- Input Ports with no Source                           ; 0                     ; 0                              ;
;     -- Output Ports with no Source                          ; 0                     ; 0                              ;
;     -- Input Ports with no Fanout                           ; 0                     ; 0                              ;
;     -- Output Ports with no Fanout                          ; 0                     ; 0                              ;
+-------------------------------------------------------------+-----------------------+--------------------------------+


+------------------------------------------------------------------------------------------------------------------------------------------------------------------------------------------------------------------------------------------------------------------------------------------------+
; Input Pins                                                                                                                                                                                                                                                                                     ;
+-----------------+-------+----------+--------------+--------------+--------------+-----------------------+--------------------+--------+----------------+-----------------+----------+--------------+--------------+-------------+---------------------------+----------------------+-----------+
; Name            ; Pin # ; I/O Bank ; X coordinate ; Y coordinate ; Z coordinate ; Combinational Fan-Out ; Registered Fan-Out ; Global ; Input Register ; PCI I/O Enabled ; Bus Hold ; Weak Pull Up ; I/O Standard ; Termination ; Termination Control Block ; Location assigned by ; Slew Rate ;
+-----------------+-------+----------+--------------+--------------+--------------+-----------------------+--------------------+--------+----------------+-----------------+----------+--------------+--------------+-------------+---------------------------+----------------------+-----------+
; CLOCK2_50       ; AA16  ; 4A       ; 56           ; 0            ; 0            ; 136                   ; 0                  ; yes    ; no             ; no              ; no       ; Off          ; 3.3-V LVTTL  ; Off         ; --                        ; User                 ; no        ;
; CLOCK3_50       ; Y26   ; 5B       ; 89           ; 25           ; 3            ; 0                     ; 0                  ; no     ; no             ; no              ; no       ; Off          ; 3.3-V LVTTL  ; Off         ; --                        ; User                 ; no        ;
; CLOCK4_50       ; K14   ; 8A       ; 32           ; 81           ; 0            ; 1                     ; 0                  ; no     ; no             ; no              ; no       ; Off          ; 3.3-V LVTTL  ; Off         ; --                        ; User                 ; no        ;
; CLOCK_50        ; AF14  ; 3B       ; 32           ; 0            ; 0            ; 1                     ; 0                  ; no     ; no             ; no              ; no       ; Off          ; 3.3-V LVTTL  ; Off         ; --                        ; User                 ; no        ;
; KEY[0]          ; AA14  ; 3B       ; 36           ; 0            ; 0            ; 1                     ; 0                  ; no     ; no             ; no              ; no       ; Off          ; 3.3-V LVTTL  ; Off         ; --                        ; User                 ; no        ;
; KEY[1]          ; AA15  ; 3B       ; 36           ; 0            ; 17           ; 0                     ; 0                  ; no     ; no             ; no              ; no       ; Off          ; 3.3-V LVTTL  ; Off         ; --                        ; User                 ; no        ;
; KEY[2]          ; W15   ; 3B       ; 40           ; 0            ; 0            ; 0                     ; 0                  ; no     ; no             ; no              ; no       ; Off          ; 3.3-V LVTTL  ; Off         ; --                        ; User                 ; no        ;
; KEY[3]          ; Y16   ; 3B       ; 40           ; 0            ; 17           ; 18                    ; 0                  ; no     ; no             ; no              ; no       ; Off          ; 3.3-V LVTTL  ; Off         ; --                        ; User                 ; no        ;
; MIPI_PIXEL_CLK  ; AA21  ; 4A       ; 88           ; 0            ; 1            ; 94                    ; 0                  ; yes    ; no             ; no              ; no       ; Off          ; 3.3-V LVTTL  ; Off         ; --                        ; User                 ; no        ;
; MIPI_PIXEL_D[0] ; AC23  ; 4A       ; 86           ; 0            ; 17           ; 24                    ; 0                  ; no     ; no             ; no              ; no       ; Off          ; 3.3-V LVTTL  ; Off         ; --                        ; User                 ; no        ;
; MIPI_PIXEL_D[1] ; AD24  ; 4A       ; 88           ; 0            ; 35           ; 24                    ; 0                  ; no     ; no             ; no              ; no       ; Off          ; 3.3-V LVTTL  ; Off         ; --                        ; User                 ; no        ;
; MIPI_PIXEL_D[2] ; AE23  ; 4A       ; 78           ; 0            ; 17           ; 24                    ; 0                  ; no     ; no             ; no              ; no       ; Off          ; 3.3-V LVTTL  ; Off         ; --                        ; User                 ; no        ;
; MIPI_PIXEL_D[3] ; AE24  ; 4A       ; 88           ; 0            ; 52           ; 24                    ; 0                  ; no     ; no             ; no              ; no       ; Off          ; 3.3-V LVTTL  ; Off         ; --                        ; User                 ; no        ;
; MIPI_PIXEL_D[4] ; AF25  ; 4A       ; 86           ; 0            ; 34           ; 24                    ; 0                  ; no     ; no             ; no              ; no       ; Off          ; 3.3-V LVTTL  ; Off         ; --                        ; User                 ; no        ;
; MIPI_PIXEL_D[5] ; AF26  ; 4A       ; 86           ; 0            ; 51           ; 24                    ; 0                  ; no     ; no             ; no              ; no       ; Off          ; 3.3-V LVTTL  ; Off         ; --                        ; User                 ; no        ;
; MIPI_PIXEL_D[6] ; AG25  ; 4A       ; 78           ; 0            ; 34           ; 24                    ; 0                  ; no     ; no             ; no              ; no       ; Off          ; 3.3-V LVTTL  ; Off         ; --                        ; User                 ; no        ;
; MIPI_PIXEL_D[7] ; AG26  ; 4A       ; 84           ; 0            ; 34           ; 24                    ; 0                  ; no     ; no             ; no              ; no       ; Off          ; 3.3-V LVTTL  ; Off         ; --                        ; User                 ; no        ;
; MIPI_PIXEL_D[8] ; AH24  ; 4A       ; 64           ; 0            ; 51           ; 24                    ; 0                  ; no     ; no             ; no              ; no       ; Off          ; 3.3-V LVTTL  ; Off         ; --                        ; User                 ; no        ;
; MIPI_PIXEL_D[9] ; AH27  ; 4A       ; 84           ; 0            ; 51           ; 24                    ; 0                  ; no     ; no             ; no              ; no       ; Off          ; 3.3-V LVTTL  ; Off         ; --                        ; User                 ; no        ;
; MIPI_PIXEL_HS   ; AK24  ; 4A       ; 72           ; 0            ; 51           ; 12                    ; 0                  ; yes    ; no             ; no              ; no       ; Off          ; 3.3-V LVTTL  ; Off         ; --                        ; User                 ; no        ;
; MIPI_PIXEL_VS   ; AJ25  ; 4A       ; 74           ; 0            ; 91           ; 5                     ; 0                  ; no     ; no             ; no              ; no       ; Off          ; 3.3-V LVTTL  ; Off         ; --                        ; User                 ; no        ;
; SW[0]           ; AB12  ; 3A       ; 12           ; 0            ; 17           ; 45                    ; 0                  ; no     ; no             ; no              ; no       ; Off          ; 3.3-V LVTTL  ; Off         ; --                        ; User                 ; no        ;
; SW[1]           ; AC12  ; 3A       ; 16           ; 0            ; 0            ; 40                    ; 0                  ; no     ; no             ; no              ; no       ; Off          ; 3.3-V LVTTL  ; Off         ; --                        ; User                 ; no        ;
; SW[2]           ; AF9   ; 3A       ; 8            ; 0            ; 34           ; 0                     ; 0                  ; no     ; no             ; no              ; no       ; Off          ; 3.3-V LVTTL  ; Off         ; --                        ; User                 ; no        ;
; SW[3]           ; AF10  ; 3A       ; 4            ; 0            ; 51           ; 18                    ; 0                  ; no     ; no             ; no              ; no       ; Off          ; 3.3-V LVTTL  ; Off         ; --                        ; User                 ; no        ;
; SW[4]           ; AD11  ; 3A       ; 2            ; 0            ; 40           ; 0                     ; 0                  ; no     ; no             ; no              ; no       ; Off          ; 3.3-V LVTTL  ; Off         ; --                        ; User                 ; no        ;
; SW[5]           ; AD12  ; 3A       ; 16           ; 0            ; 17           ; 0                     ; 0                  ; no     ; no             ; no              ; no       ; Off          ; 3.3-V LVTTL  ; Off         ; --                        ; User                 ; no        ;
; SW[6]           ; AE11  ; 3A       ; 4            ; 0            ; 34           ; 0                     ; 0                  ; no     ; no             ; no              ; no       ; Off          ; 3.3-V LVTTL  ; Off         ; --                        ; User                 ; no        ;
; SW[7]           ; AC9   ; 3A       ; 4            ; 0            ; 0            ; 0                     ; 0                  ; no     ; no             ; no              ; no       ; Off          ; 3.3-V LVTTL  ; Off         ; --                        ; User                 ; no        ;
; SW[8]           ; AD10  ; 3A       ; 4            ; 0            ; 17           ; 0                     ; 0                  ; no     ; no             ; no              ; no       ; Off          ; 3.3-V LVTTL  ; Off         ; --                        ; User                 ; no        ;
; SW[9]           ; AE12  ; 3A       ; 2            ; 0            ; 57           ; 0                     ; 0                  ; no     ; no             ; no              ; no       ; Off          ; 3.3-V LVTTL  ; Off         ; --                        ; User                 ; no        ;
+-----------------+-------+----------+--------------+--------------+--------------+-----------------------+--------------------+--------+----------------+-----------------+----------+--------------+--------------+-------------+---------------------------+----------------------+-----------+


+------------------------------------------------------------------------------------------------------------------------------------------------------------------------------------------------------------------------------------------------------------------------------------------------------------------------------------------------------------------------------------------------------------------------------------------------------------------------------+
; Output Pins                                                                                                                                                                                                                                                                                                                                                                                                                                                                  ;
+---------------+-------+----------+--------------+--------------+--------------+-----------------+------------------------+-----------+-----------------+------------+---------------+----------+--------------+--------------+------------------+-------------+---------------------------+----------------------------+-----------------------------+---------------------+-----------------------------+----------------------+----------------------+---------------------+
; Name          ; Pin # ; I/O Bank ; X coordinate ; Y coordinate ; Z coordinate ; Output Register ; Output Enable Register ; Slew Rate ; PCI I/O Enabled ; Open Drain ; TRI Primitive ; Bus Hold ; Weak Pull Up ; I/O Standard ; Current Strength ; Termination ; Termination Control Block ; Output Buffer Pre-emphasis ; Voltage Output Differential ; Output Buffer Delay ; Output Buffer Delay Control ; Location assigned by ; Output Enable Source ; Output Enable Group ;
+---------------+-------+----------+--------------+--------------+--------------+-----------------+------------------------+-----------+-----------------+------------+---------------+----------+--------------+--------------+------------------+-------------+---------------------------+----------------------------+-----------------------------+---------------------+-----------------------------+----------------------+----------------------+---------------------+
; CAMERA_PWDN_n ; AH23  ; 4A       ; 70           ; 0            ; 34           ; no              ; no                     ; 1         ; no              ; no         ; no            ; no       ; Off          ; 3.3-V LVTTL  ; 16mA             ; Off         ; --                        ; no                         ; no                          ; 0                   ; Off                         ; User                 ; -                    ; -                   ;
; HEX0[0]       ; AE26  ; 5A       ; 89           ; 8            ; 37           ; no              ; no                     ; 1         ; no              ; no         ; no            ; no       ; Off          ; 3.3-V LVTTL  ; 16mA             ; Off         ; --                        ; no                         ; no                          ; 0                   ; Off                         ; User                 ; -                    ; -                   ;
; HEX0[1]       ; AE27  ; 5A       ; 89           ; 11           ; 77           ; no              ; no                     ; 1         ; no              ; no         ; no            ; no       ; Off          ; 3.3-V LVTTL  ; 16mA             ; Off         ; --                        ; no                         ; no                          ; 0                   ; Off                         ; User                 ; -                    ; -                   ;
; HEX0[2]       ; AE28  ; 5A       ; 89           ; 11           ; 94           ; no              ; no                     ; 1         ; no              ; no         ; no            ; no       ; Off          ; 3.3-V LVTTL  ; 16mA             ; Off         ; --                        ; no                         ; no                          ; 0                   ; Off                         ; User                 ; -                    ; -                   ;
; HEX0[3]       ; AG27  ; 5A       ; 89           ; 4            ; 77           ; no              ; no                     ; 1         ; no              ; no         ; no            ; no       ; Off          ; 3.3-V LVTTL  ; 16mA             ; Off         ; --                        ; no                         ; no                          ; 0                   ; Off                         ; User                 ; -                    ; -                   ;
; HEX0[4]       ; AF28  ; 5A       ; 89           ; 13           ; 54           ; no              ; no                     ; 1         ; no              ; no         ; no            ; no       ; Off          ; 3.3-V LVTTL  ; 16mA             ; Off         ; --                        ; no                         ; no                          ; 0                   ; Off                         ; User                 ; -                    ; -                   ;
; HEX0[5]       ; AG28  ; 5A       ; 89           ; 13           ; 37           ; no              ; no                     ; 1         ; no              ; no         ; no            ; no       ; Off          ; 3.3-V LVTTL  ; 16mA             ; Off         ; --                        ; no                         ; no                          ; 0                   ; Off                         ; User                 ; -                    ; -                   ;
; HEX0[6]       ; AH28  ; 5A       ; 89           ; 4            ; 94           ; no              ; no                     ; 1         ; no              ; no         ; no            ; no       ; Off          ; 3.3-V LVTTL  ; 16mA             ; Off         ; --                        ; no                         ; no                          ; 0                   ; Off                         ; User                 ; -                    ; -                   ;
; HEX1[0]       ; AJ29  ; 5A       ; 89           ; 6            ; 37           ; no              ; no                     ; 1         ; no              ; no         ; no            ; no       ; Off          ; 3.3-V LVTTL  ; 16mA             ; Off         ; --                        ; no                         ; no                          ; 0                   ; Off                         ; User                 ; -                    ; -                   ;
; HEX1[1]       ; AH29  ; 5A       ; 89           ; 6            ; 54           ; no              ; no                     ; 1         ; no              ; no         ; no            ; no       ; Off          ; 3.3-V LVTTL  ; 16mA             ; Off         ; --                        ; no                         ; no                          ; 0                   ; Off                         ; User                 ; -                    ; -                   ;
; HEX1[2]       ; AH30  ; 5A       ; 89           ; 16           ; 37           ; no              ; no                     ; 1         ; no              ; no         ; no            ; no       ; Off          ; 3.3-V LVTTL  ; 16mA             ; Off         ; --                        ; no                         ; no                          ; 0                   ; Off                         ; User                 ; -                    ; -                   ;
; HEX1[3]       ; AG30  ; 5A       ; 89           ; 16           ; 54           ; no              ; no                     ; 1         ; no              ; no         ; no            ; no       ; Off          ; 3.3-V LVTTL  ; 16mA             ; Off         ; --                        ; no                         ; no                          ; 0                   ; Off                         ; User                 ; -                    ; -                   ;
; HEX1[4]       ; AF29  ; 5A       ; 89           ; 15           ; 37           ; no              ; no                     ; 1         ; no              ; no         ; no            ; no       ; Off          ; 3.3-V LVTTL  ; 16mA             ; Off         ; --                        ; no                         ; no                          ; 0                   ; Off                         ; User                 ; -                    ; -                   ;
; HEX1[5]       ; AF30  ; 5A       ; 89           ; 15           ; 54           ; no              ; no                     ; 1         ; no              ; no         ; no            ; no       ; Off          ; 3.3-V LVTTL  ; 16mA             ; Off         ; --                        ; no                         ; no                          ; 0                   ; Off                         ; User                 ; -                    ; -                   ;
; HEX1[6]       ; AD27  ; 5A       ; 89           ; 8            ; 54           ; no              ; no                     ; 1         ; no              ; no         ; no            ; no       ; Off          ; 3.3-V LVTTL  ; 16mA             ; Off         ; --                        ; no                         ; no                          ; 0                   ; Off                         ; User                 ; -                    ; -                   ;
; HEX2[0]       ; AB23  ; 5A       ; 89           ; 9            ; 20           ; no              ; no                     ; 1         ; no              ; no         ; no            ; no       ; Off          ; 3.3-V LVTTL  ; 16mA             ; Off         ; --                        ; no                         ; no                          ; 0                   ; Off                         ; User                 ; -                    ; -                   ;
; HEX2[1]       ; AE29  ; 5B       ; 89           ; 23           ; 37           ; no              ; no                     ; 1         ; no              ; no         ; no            ; no       ; Off          ; 3.3-V LVTTL  ; 16mA             ; Off         ; --                        ; no                         ; no                          ; 0                   ; Off                         ; User                 ; -                    ; -                   ;
; HEX2[2]       ; AD29  ; 5B       ; 89           ; 23           ; 54           ; no              ; no                     ; 1         ; no              ; no         ; no            ; no       ; Off          ; 3.3-V LVTTL  ; 16mA             ; Off         ; --                        ; no                         ; no                          ; 0                   ; Off                         ; User                 ; -                    ; -                   ;
; HEX2[3]       ; AC28  ; 5B       ; 89           ; 20           ; 77           ; no              ; no                     ; 1         ; no              ; no         ; no            ; no       ; Off          ; 3.3-V LVTTL  ; 16mA             ; Off         ; --                        ; no                         ; no                          ; 0                   ; Off                         ; User                 ; -                    ; -                   ;
; HEX2[4]       ; AD30  ; 5B       ; 89           ; 25           ; 37           ; no              ; no                     ; 1         ; no              ; no         ; no            ; no       ; Off          ; 3.3-V LVTTL  ; 16mA             ; Off         ; --                        ; no                         ; no                          ; 0                   ; Off                         ; User                 ; -                    ; -                   ;
; HEX2[5]       ; AC29  ; 5B       ; 89           ; 20           ; 94           ; no              ; no                     ; 1         ; no              ; no         ; no            ; no       ; Off          ; 3.3-V LVTTL  ; 16mA             ; Off         ; --                        ; no                         ; no                          ; 0                   ; Off                         ; User                 ; -                    ; -                   ;
; HEX2[6]       ; AC30  ; 5B       ; 89           ; 25           ; 54           ; no              ; no                     ; 1         ; no              ; no         ; no            ; no       ; Off          ; 3.3-V LVTTL  ; 16mA             ; Off         ; --                        ; no                         ; no                          ; 0                   ; Off                         ; User                 ; -                    ; -                   ;
; HEX3[0]       ; AD26  ; 5A       ; 89           ; 16           ; 3            ; no              ; no                     ; 1         ; no              ; no         ; no            ; no       ; Off          ; 3.3-V LVTTL  ; 16mA             ; Off         ; --                        ; no                         ; no                          ; 0                   ; Off                         ; User                 ; -                    ; -                   ;
; HEX3[1]       ; AC27  ; 5A       ; 89           ; 16           ; 20           ; no              ; no                     ; 1         ; no              ; no         ; no            ; no       ; Off          ; 3.3-V LVTTL  ; 16mA             ; Off         ; --                        ; no                         ; no                          ; 0                   ; Off                         ; User                 ; -                    ; -                   ;
; HEX3[2]       ; AD25  ; 5A       ; 89           ; 4            ; 43           ; no              ; no                     ; 1         ; no              ; no         ; no            ; no       ; Off          ; 3.3-V LVTTL  ; 16mA             ; Off         ; --                        ; no                         ; no                          ; 0                   ; Off                         ; User                 ; -                    ; -                   ;
; HEX3[3]       ; AC25  ; 5A       ; 89           ; 4            ; 60           ; no              ; no                     ; 1         ; no              ; no         ; no            ; no       ; Off          ; 3.3-V LVTTL  ; 16mA             ; Off         ; --                        ; no                         ; no                          ; 0                   ; Off                         ; User                 ; -                    ; -                   ;
; HEX3[4]       ; AB28  ; 5B       ; 89           ; 21           ; 37           ; no              ; no                     ; 1         ; no              ; no         ; no            ; no       ; Off          ; 3.3-V LVTTL  ; 16mA             ; Off         ; --                        ; no                         ; no                          ; 0                   ; Off                         ; User                 ; -                    ; -                   ;
; HEX3[5]       ; AB25  ; 5A       ; 89           ; 11           ; 60           ; no              ; no                     ; 1         ; no              ; no         ; no            ; no       ; Off          ; 3.3-V LVTTL  ; 16mA             ; Off         ; --                        ; no                         ; no                          ; 0                   ; Off                         ; User                 ; -                    ; -                   ;
; HEX3[6]       ; AB22  ; 5A       ; 89           ; 9            ; 3            ; no              ; no                     ; 1         ; no              ; no         ; no            ; no       ; Off          ; 3.3-V LVTTL  ; 16mA             ; Off         ; --                        ; no                         ; no                          ; 0                   ; Off                         ; User                 ; -                    ; -                   ;
; HEX4[0]       ; AA24  ; 5A       ; 89           ; 11           ; 43           ; no              ; no                     ; 1         ; no              ; no         ; no            ; no       ; Off          ; 3.3-V LVTTL  ; 16mA             ; Off         ; --                        ; no                         ; no                          ; 0                   ; Off                         ; User                 ; -                    ; -                   ;
; HEX4[1]       ; Y23   ; 5A       ; 89           ; 13           ; 3            ; no              ; no                     ; 1         ; no              ; no         ; no            ; no       ; Off          ; 3.3-V LVTTL  ; 16mA             ; Off         ; --                        ; no                         ; no                          ; 0                   ; Off                         ; User                 ; -                    ; -                   ;
; HEX4[2]       ; Y24   ; 5A       ; 89           ; 13           ; 20           ; no              ; no                     ; 1         ; no              ; no         ; no            ; no       ; Off          ; 3.3-V LVTTL  ; 16mA             ; Off         ; --                        ; no                         ; no                          ; 0                   ; Off                         ; User                 ; -                    ; -                   ;
; HEX4[3]       ; W22   ; 5A       ; 89           ; 8            ; 20           ; no              ; no                     ; 1         ; no              ; no         ; no            ; no       ; Off          ; 3.3-V LVTTL  ; 16mA             ; Off         ; --                        ; no                         ; no                          ; 0                   ; Off                         ; User                 ; -                    ; -                   ;
; HEX4[4]       ; W24   ; 5A       ; 89           ; 15           ; 20           ; no              ; no                     ; 1         ; no              ; no         ; no            ; no       ; Off          ; 3.3-V LVTTL  ; 16mA             ; Off         ; --                        ; no                         ; no                          ; 0                   ; Off                         ; User                 ; -                    ; -                   ;
; HEX4[5]       ; V23   ; 5A       ; 89           ; 15           ; 3            ; no              ; no                     ; 1         ; no              ; no         ; no            ; no       ; Off          ; 3.3-V LVTTL  ; 16mA             ; Off         ; --                        ; no                         ; no                          ; 0                   ; Off                         ; User                 ; -                    ; -                   ;
; HEX4[6]       ; W25   ; 5B       ; 89           ; 20           ; 43           ; no              ; no                     ; 1         ; no              ; no         ; no            ; no       ; Off          ; 3.3-V LVTTL  ; 16mA             ; Off         ; --                        ; no                         ; no                          ; 0                   ; Off                         ; User                 ; -                    ; -                   ;
; HEX5[0]       ; V25   ; 5B       ; 89           ; 20           ; 60           ; no              ; no                     ; 1         ; no              ; no         ; no            ; no       ; Off          ; 3.3-V LVTTL  ; 16mA             ; Off         ; --                        ; no                         ; no                          ; 0                   ; Off                         ; User                 ; -                    ; -                   ;
; HEX5[1]       ; AA28  ; 5B       ; 89           ; 21           ; 54           ; no              ; no                     ; 1         ; no              ; no         ; no            ; no       ; Off          ; 3.3-V LVTTL  ; 16mA             ; Off         ; --                        ; no                         ; no                          ; 0                   ; Off                         ; User                 ; -                    ; -                   ;
; HEX5[2]       ; Y27   ; 5B       ; 89           ; 25           ; 20           ; no              ; no                     ; 1         ; no              ; no         ; no            ; no       ; Off          ; 3.3-V LVTTL  ; 16mA             ; Off         ; --                        ; no                         ; no                          ; 0                   ; Off                         ; User                 ; -                    ; -                   ;
; HEX5[3]       ; AB27  ; 5B       ; 89           ; 23           ; 20           ; no              ; no                     ; 1         ; no              ; no         ; no            ; no       ; Off          ; 3.3-V LVTTL  ; 16mA             ; Off         ; --                        ; no                         ; no                          ; 0                   ; Off                         ; User                 ; -                    ; -                   ;
; HEX5[4]       ; AB26  ; 5A       ; 89           ; 9            ; 54           ; no              ; no                     ; 1         ; no              ; no         ; no            ; no       ; Off          ; 3.3-V LVTTL  ; 16mA             ; Off         ; --                        ; no                         ; no                          ; 0                   ; Off                         ; User                 ; -                    ; -                   ;
; HEX5[5]       ; AA26  ; 5B       ; 89           ; 23           ; 3            ; no              ; no                     ; 1         ; no              ; no         ; no            ; no       ; Off          ; 3.3-V LVTTL  ; 16mA             ; Off         ; --                        ; no                         ; no                          ; 0                   ; Off                         ; User                 ; -                    ; -                   ;
; HEX5[6]       ; AA25  ; 5A       ; 89           ; 9            ; 37           ; no              ; no                     ; 1         ; no              ; no         ; no            ; no       ; Off          ; 3.3-V LVTTL  ; 16mA             ; Off         ; --                        ; no                         ; no                          ; 0                   ; Off                         ; User                 ; -                    ; -                   ;
; LEDR[0]       ; V16   ; 4A       ; 52           ; 0            ; 0            ; no              ; no                     ; 1         ; no              ; no         ; no            ; no       ; Off          ; 3.3-V LVTTL  ; 16mA             ; Off         ; --                        ; no                         ; no                          ; 0                   ; Off                         ; User                 ; -                    ; -                   ;
; LEDR[1]       ; W16   ; 4A       ; 52           ; 0            ; 17           ; no              ; no                     ; 1         ; no              ; no         ; no            ; no       ; Off          ; 3.3-V LVTTL  ; 16mA             ; Off         ; --                        ; no                         ; no                          ; 0                   ; Off                         ; User                 ; -                    ; -                   ;
; LEDR[2]       ; V17   ; 4A       ; 60           ; 0            ; 0            ; no              ; no                     ; 1         ; no              ; no         ; no            ; no       ; Off          ; 3.3-V LVTTL  ; 16mA             ; Off         ; --                        ; no                         ; no                          ; 0                   ; Off                         ; User                 ; -                    ; -                   ;
; LEDR[3]       ; V18   ; 4A       ; 80           ; 0            ; 0            ; no              ; no                     ; 1         ; no              ; no         ; no            ; no       ; Off          ; 3.3-V LVTTL  ; 16mA             ; Off         ; --                        ; no                         ; no                          ; 0                   ; Off                         ; User                 ; -                    ; -                   ;
; LEDR[4]       ; W17   ; 4A       ; 60           ; 0            ; 17           ; no              ; no                     ; 1         ; no              ; no         ; no            ; no       ; Off          ; 3.3-V LVTTL  ; 16mA             ; Off         ; --                        ; no                         ; no                          ; 0                   ; Off                         ; User                 ; -                    ; -                   ;
; LEDR[5]       ; W19   ; 4A       ; 80           ; 0            ; 17           ; no              ; no                     ; 1         ; no              ; no         ; no            ; no       ; Off          ; 3.3-V LVTTL  ; 16mA             ; Off         ; --                        ; no                         ; no                          ; 0                   ; Off                         ; User                 ; -                    ; -                   ;
; LEDR[6]       ; Y19   ; 4A       ; 84           ; 0            ; 0            ; no              ; no                     ; 1         ; no              ; no         ; no            ; no       ; Off          ; 3.3-V LVTTL  ; 16mA             ; Off         ; --                        ; no                         ; no                          ; 0                   ; Off                         ; User                 ; -                    ; -                   ;
; LEDR[7]       ; W20   ; 5A       ; 89           ; 6            ; 3            ; no              ; no                     ; 1         ; no              ; no         ; no            ; no       ; Off          ; 3.3-V LVTTL  ; 16mA             ; Off         ; --                        ; no                         ; no                          ; 0                   ; Off                         ; User                 ; -                    ; -                   ;
; LEDR[8]       ; W21   ; 5A       ; 89           ; 8            ; 3            ; no              ; no                     ; 1         ; no              ; no         ; no            ; no       ; Off          ; 3.3-V LVTTL  ; 16mA             ; Off         ; --                        ; no                         ; no                          ; 0                   ; Off                         ; User                 ; -                    ; -                   ;
; LEDR[9]       ; Y21   ; 5A       ; 89           ; 6            ; 20           ; no              ; no                     ; 1         ; no              ; no         ; no            ; no       ; Off          ; 3.3-V LVTTL  ; 16mA             ; Off         ; --                        ; no                         ; no                          ; 0                   ; Off                         ; User                 ; -                    ; -                   ;
; MIPI_CS_n     ; AG23  ; 4A       ; 64           ; 0            ; 34           ; no              ; no                     ; 1         ; no              ; no         ; no            ; no       ; Off          ; 3.3-V LVTTL  ; 16mA             ; Off         ; --                        ; no                         ; no                          ; 0                   ; Off                         ; User                 ; -                    ; -                   ;
; MIPI_MCLK     ; AH22  ; 4A       ; 66           ; 0            ; 91           ; no              ; no                     ; 1         ; no              ; no         ; no            ; no       ; Off          ; 3.3-V LVTTL  ; 16mA             ; Off         ; --                        ; no                         ; no                          ; 0                   ; Off                         ; User                 ; -                    ; -                   ;
; MIPI_REFCLK   ; AK26  ; 4A       ; 76           ; 0            ; 51           ; no              ; no                     ; 1         ; no              ; no         ; no            ; no       ; Off          ; 3.3-V LVTTL  ; 16mA             ; Off         ; --                        ; no                         ; no                          ; 0                   ; Off                         ; User                 ; -                    ; -                   ;
; MIPI_RESET_n  ; AK23  ; 4A       ; 72           ; 0            ; 34           ; no              ; no                     ; 1         ; no              ; no         ; no            ; no       ; Off          ; 3.3-V LVTTL  ; 16mA             ; Off         ; --                        ; no                         ; no                          ; 0                   ; Off                         ; User                 ; -                    ; -                   ;
; VGA_BLANK_N   ; F10   ; 8A       ; 6            ; 81           ; 17           ; no              ; no                     ; 1         ; no              ; no         ; no            ; no       ; Off          ; 3.3-V LVTTL  ; 16mA             ; Off         ; --                        ; no                         ; no                          ; 0                   ; Off                         ; User                 ; -                    ; -                   ;
; VGA_B[0]      ; B13   ; 8A       ; 40           ; 81           ; 34           ; no              ; no                     ; 1         ; no              ; no         ; no            ; no       ; Off          ; 3.3-V LVTTL  ; 16mA             ; Off         ; --                        ; no                         ; no                          ; 0                   ; Off                         ; User                 ; -                    ; -                   ;
; VGA_B[1]      ; G13   ; 8A       ; 28           ; 81           ; 17           ; no              ; no                     ; 1         ; no              ; no         ; no            ; no       ; Off          ; 3.3-V LVTTL  ; 16mA             ; Off         ; --                        ; no                         ; no                          ; 0                   ; Off                         ; User                 ; -                    ; -                   ;
; VGA_B[2]      ; H13   ; 8A       ; 20           ; 81           ; 0            ; no              ; no                     ; 1         ; no              ; no         ; no            ; no       ; Off          ; 3.3-V LVTTL  ; 16mA             ; Off         ; --                        ; no                         ; no                          ; 0                   ; Off                         ; User                 ; -                    ; -                   ;
; VGA_B[3]      ; F14   ; 8A       ; 36           ; 81           ; 17           ; no              ; no                     ; 1         ; no              ; no         ; no            ; no       ; Off          ; 3.3-V LVTTL  ; 16mA             ; Off         ; --                        ; no                         ; no                          ; 0                   ; Off                         ; User                 ; -                    ; -                   ;
; VGA_B[4]      ; H14   ; 8A       ; 28           ; 81           ; 0            ; no              ; no                     ; 1         ; no              ; no         ; no            ; no       ; Off          ; 3.3-V LVTTL  ; 16mA             ; Off         ; --                        ; no                         ; no                          ; 0                   ; Off                         ; User                 ; -                    ; -                   ;
; VGA_B[5]      ; F15   ; 8A       ; 36           ; 81           ; 0            ; no              ; no                     ; 1         ; no              ; no         ; no            ; no       ; Off          ; 3.3-V LVTTL  ; 16mA             ; Off         ; --                        ; no                         ; no                          ; 0                   ; Off                         ; User                 ; -                    ; -                   ;
; VGA_B[6]      ; G15   ; 8A       ; 40           ; 81           ; 17           ; no              ; no                     ; 1         ; no              ; no         ; no            ; no       ; Off          ; 3.3-V LVTTL  ; 16mA             ; Off         ; --                        ; no                         ; no                          ; 0                   ; Off                         ; User                 ; -                    ; -                   ;
; VGA_B[7]      ; J14   ; 8A       ; 32           ; 81           ; 17           ; no              ; no                     ; 1         ; no              ; no         ; no            ; no       ; Off          ; 3.3-V LVTTL  ; 16mA             ; Off         ; --                        ; no                         ; no                          ; 0                   ; Off                         ; User                 ; -                    ; -                   ;
; VGA_CLK       ; A11   ; 8A       ; 38           ; 81           ; 34           ; no              ; no                     ; 1         ; no              ; no         ; no            ; no       ; Off          ; 3.3-V LVTTL  ; 16mA             ; Off         ; --                        ; no                         ; no                          ; 0                   ; Off                         ; User                 ; -                    ; -                   ;
; VGA_G[0]      ; J9    ; 8A       ; 4            ; 81           ; 17           ; no              ; no                     ; 1         ; no              ; no         ; no            ; no       ; Off          ; 3.3-V LVTTL  ; 16mA             ; Off         ; --                        ; no                         ; no                          ; 0                   ; Off                         ; User                 ; -                    ; -                   ;
; VGA_G[1]      ; J10   ; 8A       ; 4            ; 81           ; 0            ; no              ; no                     ; 1         ; no              ; no         ; no            ; no       ; Off          ; 3.3-V LVTTL  ; 16mA             ; Off         ; --                        ; no                         ; no                          ; 0                   ; Off                         ; User                 ; -                    ; -                   ;
; VGA_G[2]      ; H12   ; 8A       ; 20           ; 81           ; 17           ; no              ; no                     ; 1         ; no              ; no         ; no            ; no       ; Off          ; 3.3-V LVTTL  ; 16mA             ; Off         ; --                        ; no                         ; no                          ; 0                   ; Off                         ; User                 ; -                    ; -                   ;
; VGA_G[3]      ; G10   ; 8A       ; 6            ; 81           ; 0            ; no              ; no                     ; 1         ; no              ; no         ; no            ; no       ; Off          ; 3.3-V LVTTL  ; 16mA             ; Off         ; --                        ; no                         ; no                          ; 0                   ; Off                         ; User                 ; -                    ; -                   ;
; VGA_G[4]      ; G11   ; 8A       ; 10           ; 81           ; 57           ; no              ; no                     ; 1         ; no              ; no         ; no            ; no       ; Off          ; 3.3-V LVTTL  ; 16mA             ; Off         ; --                        ; no                         ; no                          ; 0                   ; Off                         ; User                 ; -                    ; -                   ;
; VGA_G[5]      ; G12   ; 8A       ; 10           ; 81           ; 40           ; no              ; no                     ; 1         ; no              ; no         ; no            ; no       ; Off          ; 3.3-V LVTTL  ; 16mA             ; Off         ; --                        ; no                         ; no                          ; 0                   ; Off                         ; User                 ; -                    ; -                   ;
; VGA_G[6]      ; F11   ; 8A       ; 18           ; 81           ; 40           ; no              ; no                     ; 1         ; no              ; no         ; no            ; no       ; Off          ; 3.3-V LVTTL  ; 16mA             ; Off         ; --                        ; no                         ; no                          ; 0                   ; Off                         ; User                 ; -                    ; -                   ;
; VGA_G[7]      ; E11   ; 8A       ; 18           ; 81           ; 57           ; no              ; no                     ; 1         ; no              ; no         ; no            ; no       ; Off          ; 3.3-V LVTTL  ; 16mA             ; Off         ; --                        ; no                         ; no                          ; 0                   ; Off                         ; User                 ; -                    ; -                   ;
; VGA_HS        ; B11   ; 8A       ; 36           ; 81           ; 51           ; no              ; no                     ; 1         ; no              ; no         ; no            ; no       ; Off          ; 3.3-V LVTTL  ; 16mA             ; Off         ; --                        ; no                         ; no                          ; 0                   ; Off                         ; User                 ; -                    ; -                   ;
; VGA_R[0]      ; A13   ; 8A       ; 40           ; 81           ; 51           ; no              ; no                     ; 1         ; no              ; no         ; no            ; no       ; Off          ; 3.3-V LVTTL  ; 16mA             ; Off         ; --                        ; no                         ; no                          ; 0                   ; Off                         ; User                 ; -                    ; -                   ;
; VGA_R[1]      ; C13   ; 8A       ; 38           ; 81           ; 0            ; no              ; no                     ; 1         ; no              ; no         ; no            ; no       ; Off          ; 3.3-V LVTTL  ; 16mA             ; Off         ; --                        ; no                         ; no                          ; 0                   ; Off                         ; User                 ; -                    ; -                   ;
; VGA_R[2]      ; E13   ; 8A       ; 26           ; 81           ; 57           ; no              ; no                     ; 1         ; no              ; no         ; no            ; no       ; Off          ; 3.3-V LVTTL  ; 16mA             ; Off         ; --                        ; no                         ; no                          ; 0                   ; Off                         ; User                 ; -                    ; -                   ;
; VGA_R[3]      ; B12   ; 8A       ; 38           ; 81           ; 17           ; no              ; no                     ; 1         ; no              ; no         ; no            ; no       ; Off          ; 3.3-V LVTTL  ; 16mA             ; Off         ; --                        ; no                         ; no                          ; 0                   ; Off                         ; User                 ; -                    ; -                   ;
; VGA_R[4]      ; C12   ; 8A       ; 36           ; 81           ; 34           ; no              ; no                     ; 1         ; no              ; no         ; no            ; no       ; Off          ; 3.3-V LVTTL  ; 16mA             ; Off         ; --                        ; no                         ; no                          ; 0                   ; Off                         ; User                 ; -                    ; -                   ;
; VGA_R[5]      ; D12   ; 8A       ; 22           ; 81           ; 17           ; no              ; no                     ; 1         ; no              ; no         ; no            ; no       ; Off          ; 3.3-V LVTTL  ; 16mA             ; Off         ; --                        ; no                         ; no                          ; 0                   ; Off                         ; User                 ; -                    ; -                   ;
; VGA_R[6]      ; E12   ; 8A       ; 22           ; 81           ; 0            ; no              ; no                     ; 1         ; no              ; no         ; no            ; no       ; Off          ; 3.3-V LVTTL  ; 16mA             ; Off         ; --                        ; no                         ; no                          ; 0                   ; Off                         ; User                 ; -                    ; -                   ;
; VGA_R[7]      ; F13   ; 8A       ; 26           ; 81           ; 40           ; no              ; no                     ; 1         ; no              ; no         ; no            ; no       ; Off          ; 3.3-V LVTTL  ; 16mA             ; Off         ; --                        ; no                         ; no                          ; 0                   ; Off                         ; User                 ; -                    ; -                   ;
; VGA_SYNC_N    ; C10   ; 8A       ; 28           ; 81           ; 34           ; no              ; no                     ; 1         ; no              ; no         ; no            ; no       ; Off          ; 3.3-V LVTTL  ; 16mA             ; Off         ; --                        ; no                         ; no                          ; 0                   ; Off                         ; User                 ; -                    ; -                   ;
; VGA_VS        ; D11   ; 8A       ; 34           ; 81           ; 40           ; no              ; no                     ; 1         ; no              ; no         ; no            ; no       ; Off          ; 3.3-V LVTTL  ; 16mA             ; Off         ; --                        ; no                         ; no                          ; 0                   ; Off                         ; User                 ; -                    ; -                   ;
+---------------+-------+----------+--------------+--------------+--------------+-----------------+------------------------+-----------+-----------------+------------+---------------+----------+--------------+--------------+------------------+-------------+---------------------------+----------------------------+-----------------------------+---------------------+-----------------------------+----------------------+----------------------+---------------------+


+--------------------------------------------------------------------------------------------------------------------------------------------------------------------------------------------------------------------------------------------------------------------------------------------------------------------------------------------------------------------------------------------------------------------------------------------------------------------------------------------------------------------------------------------------------------------------------------------+
; Bidir Pins                                                                                                                                                                                                                                                                                                                                                                                                                                                                                                                                                                                 ;
+----------------+-------+----------+--------------+--------------+--------------+-----------------------+--------------------+--------+----------------+-----------------+------------------------+-----------+-----------------+------------+----------+--------------+--------------+------------------+-------------------+--------------------+---------------------------+----------------------------+---------------------+-----------------------------+----------------------+----------------------+------------------------------------------------------------------------------+
; Name           ; Pin # ; I/O Bank ; X coordinate ; Y coordinate ; Z coordinate ; Combinational Fan-Out ; Registered Fan-Out ; Global ; Input Register ; Output Register ; Output Enable Register ; Slew Rate ; PCI I/O Enabled ; Open Drain ; Bus Hold ; Weak Pull Up ; I/O Standard ; Current Strength ; Input Termination ; Output Termination ; Termination Control Block ; Output Buffer Pre-emphasis ; Output Buffer Delay ; Output Buffer Delay Control ; Location assigned by ; Output Enable Source ; Output Enable Group                                                          ;
+----------------+-------+----------+--------------+--------------+--------------+-----------------------+--------------------+--------+----------------+-----------------+------------------------+-----------+-----------------+------------+----------+--------------+--------------+------------------+-------------------+--------------------+---------------------------+----------------------------+---------------------+-----------------------------+----------------------+----------------------+------------------------------------------------------------------------------+
; CAMERA_I2C_SCL ; AK22  ; 4A       ; 68           ; 0            ; 51           ; 0                     ; 0                  ; no     ; no             ; no              ; no                     ; 1         ; no              ; no         ; no       ; Off          ; 3.3-V LVTTL  ; 16mA             ; Off               ; Off                ; --                        ; no                         ; 0                   ; Off                         ; User                 ; 0 pF                 ; -                                                                            ;
; CAMERA_I2C_SDA ; AJ22  ; 4A       ; 70           ; 0            ; 51           ; 7                     ; 0                  ; no     ; no             ; no              ; no                     ; 1         ; no              ; no         ; no       ; Off          ; 3.3-V LVTTL  ; 16mA             ; Off               ; Off                ; --                        ; no                         ; 0                   ; Off                         ; User                 ; 0 pF                 ; MIPI_BRIDGE_CAMERA_Config:cfin|MIPI_CAMERA_CONFIG:camiv|I2C_SDA~3 (inverted) ;
; MIPI_I2C_SCL   ; AF24  ; 4A       ; 74           ; 0            ; 57           ; 0                     ; 0                  ; no     ; no             ; no              ; no                     ; 1         ; no              ; no         ; no       ; Off          ; 3.3-V LVTTL  ; 16mA             ; Off               ; Off                ; --                        ; no                         ; 0                   ; Off                         ; User                 ; 0 pF                 ; -                                                                            ;
; MIPI_I2C_SDA   ; AF23  ; 4A       ; 74           ; 0            ; 40           ; 1                     ; 0                  ; no     ; no             ; no              ; no                     ; 1         ; no              ; no         ; no       ; Off          ; 3.3-V LVTTL  ; 16mA             ; Off               ; Off                ; --                        ; no                         ; 0                   ; Off                         ; User                 ; 0 pF                 ; MIPI_BRIDGE_CAMERA_Config:cfin|MIPI_BRIDGE_CONFIG:mpiv|I2C_SDA~1 (inverted)  ;
+----------------+-------+----------+--------------+--------------+--------------+-----------------------+--------------------+--------+----------------+-----------------+------------------------+-----------+-----------------+------------+----------+--------------+--------------+------------------+-------------------+--------------------+---------------------------+----------------------------+---------------------+-----------------------------+----------------------+----------------------+------------------------------------------------------------------------------+


+-----------------------------------------------------------------------------+
; I/O Bank Usage                                                              ;
+----------+-------------------+---------------+--------------+---------------+
; I/O Bank ; Usage             ; VCCIO Voltage ; VREF Voltage ; VCCPD Voltage ;
+----------+-------------------+---------------+--------------+---------------+
; B2L      ; 0 / 0 ( -- )      ; --            ; --           ; --            ;
; B1L      ; 0 / 0 ( -- )      ; --            ; --           ; --            ;
; 3A       ; 10 / 32 ( 31 % )  ; 3.3V          ; --           ; 3.3V          ;
; 3B       ; 5 / 48 ( 10 % )   ; 3.3V          ; --           ; 3.3V          ;
; 4A       ; 30 / 80 ( 38 % )  ; 3.3V          ; --           ; 3.3V          ;
; 5A       ; 32 / 32 ( 100 % ) ; 3.3V          ; --           ; 3.3V          ;
; 5B       ; 14 / 16 ( 88 % )  ; 3.3V          ; --           ; 3.3V          ;
; 6B       ; 0 / 44 ( 0 % )    ; 2.5V          ; --           ; 2.5V          ;
; 6A       ; 0 / 56 ( 0 % )    ; 2.5V          ; --           ; 2.5V          ;
; 7A       ; 0 / 19 ( 0 % )    ; 2.5V          ; --           ; 2.5V          ;
; 7B       ; 0 / 22 ( 0 % )    ; 2.5V          ; --           ; 2.5V          ;
; 7C       ; 0 / 12 ( 0 % )    ; 2.5V          ; --           ; 2.5V          ;
; 7D       ; 0 / 14 ( 0 % )    ; 2.5V          ; --           ; 2.5V          ;
; 8A       ; 30 / 80 ( 38 % )  ; 3.3V          ; --           ; 3.3V          ;
+----------+-------------------+---------------+--------------+---------------+


+-----------------------------------------------------------------------------------------------------------------------------------------------------------------------------------+
; All Package Pins                                                                                                                                                                  ;
+----------+------------+----------------+---------------------------------+--------+--------------+---------------------+--------------+-----------------+----------+--------------+
; Location ; Pad Number ; I/O Bank       ; Pin Name/Usage                  ; Dir.   ; I/O Standard ; Voltage             ; I/O Type     ; User Assignment ; Bus Hold ; Weak Pull Up ;
+----------+------------+----------------+---------------------------------+--------+--------------+---------------------+--------------+-----------------+----------+--------------+
; A2       ;            ;                ; GND                             ; gnd    ;              ;                     ; --           ;                 ; --       ; --           ;
; A3       ; 493        ; 8A             ; RESERVED_INPUT_WITH_WEAK_PULLUP ;        ;              ;                     ; Column I/O   ;                 ; no       ; On           ;
; A4       ; 491        ; 8A             ; RESERVED_INPUT_WITH_WEAK_PULLUP ;        ;              ;                     ; Column I/O   ;                 ; no       ; On           ;
; A5       ; 489        ; 8A             ; RESERVED_INPUT_WITH_WEAK_PULLUP ;        ;              ;                     ; Column I/O   ;                 ; no       ; On           ;
; A6       ; 487        ; 8A             ; RESERVED_INPUT_WITH_WEAK_PULLUP ;        ;              ;                     ; Column I/O   ;                 ; no       ; On           ;
; A7       ;            ; 8A             ; VCCIO8A                         ; power  ;              ; 3.3V                ; --           ;                 ; --       ; --           ;
; A8       ; 473        ; 8A             ; RESERVED_INPUT_WITH_WEAK_PULLUP ;        ;              ;                     ; Column I/O   ;                 ; no       ; On           ;
; A9       ; 471        ; 8A             ; RESERVED_INPUT_WITH_WEAK_PULLUP ;        ;              ;                     ; Column I/O   ;                 ; no       ; On           ;
; A10      ; 465        ; 8A             ; RESERVED_INPUT_WITH_WEAK_PULLUP ;        ;              ;                     ; Column I/O   ;                 ; no       ; On           ;
; A11      ; 463        ; 8A             ; VGA_CLK                         ; output ; 3.3-V LVTTL  ;                     ; Column I/O   ; Y               ; no       ; Off          ;
; A12      ;            ;                ; GND                             ; gnd    ;              ;                     ; --           ;                 ; --       ; --           ;
; A13      ; 461        ; 8A             ; VGA_R[0]                        ; output ; 3.3-V LVTTL  ;                     ; Column I/O   ; Y               ; no       ; Off          ;
; A14      ; 455        ; 7D             ; RESERVED_INPUT_WITH_WEAK_PULLUP ;        ;              ;                     ; Column I/O   ;                 ; no       ; On           ;
; A15      ; 447        ; 7D             ; RESERVED_INPUT_WITH_WEAK_PULLUP ;        ;              ;                     ; Column I/O   ;                 ; no       ; On           ;
; A16      ; 439        ; 7C             ; RESERVED_INPUT_WITH_WEAK_PULLUP ;        ;              ;                     ; Column I/O   ;                 ; no       ; On           ;
; A17      ;            ;                ; GND                             ; gnd    ;              ;                     ; --           ;                 ; --       ; --           ;
; A18      ; 425        ; 7B             ; RESERVED_INPUT_WITH_WEAK_PULLUP ;        ;              ;                     ; Column I/O   ;                 ; no       ; On           ;
; A19      ; 423        ; 7B             ; RESERVED_INPUT_WITH_WEAK_PULLUP ;        ;              ;                     ; Column I/O   ;                 ; no       ; On           ;
; A20      ; 415        ; 7B             ; RESERVED_INPUT_WITH_WEAK_PULLUP ;        ;              ;                     ; Column I/O   ;                 ; no       ; On           ;
; A21      ; 411        ; 7B             ; RESERVED_INPUT_WITH_WEAK_PULLUP ;        ;              ;                     ; Column I/O   ;                 ; no       ; On           ;
; A22      ;            ;                ; GND                             ; gnd    ;              ;                     ; --           ;                 ; --       ; --           ;
; A23      ; 395        ; 7A             ; RESERVED_INPUT_WITH_WEAK_PULLUP ;        ;              ;                     ; Column I/O   ;                 ; no       ; On           ;
; A24      ; 391        ; 7A             ; RESERVED_INPUT_WITH_WEAK_PULLUP ;        ;              ;                     ; Column I/O   ;                 ; no       ; On           ;
; A25      ; 389        ; 7A             ; RESERVED_INPUT_WITH_WEAK_PULLUP ;        ;              ;                     ; Column I/O   ;                 ; no       ; On           ;
; A26      ; 382        ; 7A             ; ^GND                            ;        ;              ;                     ; --           ;                 ; --       ; --           ;
; A27      ;            ;                ; GND                             ; gnd    ;              ;                     ; --           ;                 ; --       ; --           ;
; A28      ; 380        ; 7A             ; ^HPS_TRST                       ;        ;              ;                     ; --           ;                 ; --       ; --           ;
; A29      ; 378        ; 7A             ; ^HPS_TMS                        ;        ;              ;                     ; --           ;                 ; --       ; --           ;
; AA1      ;            ;                ; GND                             ; gnd    ;              ;                     ; --           ;                 ; --       ; --           ;
; AA2      ;            ;                ; GND                             ; gnd    ;              ;                     ; --           ;                 ; --       ; --           ;
; AA3      ;            ;                ; GND                             ; gnd    ;              ;                     ; --           ;                 ; --       ; --           ;
; AA4      ;            ;                ; GND                             ; gnd    ;              ;                     ; --           ;                 ; --       ; --           ;
; AA5      ;            ; --             ; VCC                             ; power  ;              ; 1.1V                ; --           ;                 ; --       ; --           ;
; AA6      ;            ;                ; GND                             ; gnd    ;              ;                     ; --           ;                 ; --       ; --           ;
; AA7      ;            ;                ; DNU                             ;        ;              ;                     ; --           ;                 ; --       ; --           ;
; AA8      ;            ; --             ; VCCA_FPLL                       ; power  ;              ; 2.5V                ; --           ;                 ; --       ; --           ;
; AA9      ;            ;                ; GND                             ; gnd    ;              ;                     ; --           ;                 ; --       ; --           ;
; AA10     ;            ; 3A             ; VCCPD3A                         ; power  ;              ; 3.3V                ; --           ;                 ; --       ; --           ;
; AA11     ;            ;                ; GND                             ; gnd    ;              ;                     ; --           ;                 ; --       ; --           ;
; AA12     ; 74         ; 3A             ; RESERVED_INPUT_WITH_WEAK_PULLUP ;        ;              ;                     ; Column I/O   ;                 ; no       ; On           ;
; AA13     ; 90         ; 3B             ; RESERVED_INPUT_WITH_WEAK_PULLUP ;        ;              ;                     ; Column I/O   ;                 ; no       ; On           ;
; AA14     ; 122        ; 3B             ; KEY[0]                          ; input  ; 3.3-V LVTTL  ;                     ; Column I/O   ; Y               ; no       ; Off          ;
; AA15     ; 120        ; 3B             ; KEY[1]                          ; input  ; 3.3-V LVTTL  ;                     ; Column I/O   ; Y               ; no       ; Off          ;
; AA16     ; 146        ; 4A             ; CLOCK2_50                       ; input  ; 3.3-V LVTTL  ;                     ; Column I/O   ; Y               ; no       ; Off          ;
; AA17     ;            ; 4A             ; VCCIO4A                         ; power  ;              ; 3.3V                ; --           ;                 ; --       ; --           ;
; AA18     ; 168        ; 4A             ; RESERVED_INPUT_WITH_WEAK_PULLUP ;        ;              ;                     ; Column I/O   ;                 ; no       ; On           ;
; AA19     ; 176        ; 4A             ; RESERVED_INPUT_WITH_WEAK_PULLUP ;        ;              ;                     ; Column I/O   ;                 ; no       ; On           ;
; AA20     ; 200        ; 4A             ; RESERVED_INPUT_WITH_WEAK_PULLUP ;        ;              ;                     ; Column I/O   ;                 ; no       ; On           ;
; AA21     ; 210        ; 4A             ; MIPI_PIXEL_CLK                  ; input  ; 3.3-V LVTTL  ;                     ; Column I/O   ; Y               ; no       ; Off          ;
; AA22     ;            ;                ; GND                             ; gnd    ;              ;                     ; --           ;                 ; --       ; --           ;
; AA23     ;            ; --             ; VCCPGM                          ; power  ;              ; 1.8V/2.5V/3.0V/3.3V ; --           ;                 ; --       ; --           ;
; AA24     ; 228        ; 5A             ; HEX4[0]                         ; output ; 3.3-V LVTTL  ;                     ; Row I/O      ; Y               ; no       ; Off          ;
; AA25     ; 224        ; 5A             ; HEX5[6]                         ; output ; 3.3-V LVTTL  ;                     ; Row I/O      ; Y               ; no       ; Off          ;
; AA26     ; 252        ; 5B             ; HEX5[5]                         ; output ; 3.3-V LVTTL  ;                     ; Row I/O      ; Y               ; no       ; Off          ;
; AA27     ;            ; 5B             ; VCCIO5B                         ; power  ;              ; 3.3V                ; --           ;                 ; --       ; --           ;
; AA28     ; 251        ; 5B             ; HEX5[1]                         ; output ; 3.3-V LVTTL  ;                     ; Row I/O      ; Y               ; no       ; Off          ;
; AA29     ;            ; 5B             ; VREFB5BN0                       ; power  ;              ;                     ; --           ;                 ; --       ; --           ;
; AA30     ; 250        ; 5B             ; RESERVED_INPUT_WITH_WEAK_PULLUP ;        ;              ;                     ; Row I/O      ;                 ; no       ; On           ;
; AB1      ;            ;                ; GND                             ; gnd    ;              ;                     ; --           ;                 ; --       ; --           ;
; AB2      ;            ;                ; GND                             ; gnd    ;              ;                     ; --           ;                 ; --       ; --           ;
; AB3      ;            ;                ; DNU                             ;        ;              ;                     ; --           ;                 ; --       ; --           ;
; AB4      ;            ;                ; DNU                             ;        ;              ;                     ; --           ;                 ; --       ; --           ;
; AB5      ;            ;                ; GND                             ; gnd    ;              ;                     ; --           ;                 ; --       ; --           ;
; AB6      ;            ; --             ; VCCA_FPLL                       ; power  ;              ; 2.5V                ; --           ;                 ; --       ; --           ;
; AB7      ;            ;                ; GND                             ; gnd    ;              ;                     ; --           ;                 ; --       ; --           ;
; AB8      ; 43         ; 3A             ; ^nCSO, DATA4                    ;        ;              ;                     ; Weak Pull Up ;                 ; --       ; On           ;
; AB9      ; 42         ; 3A             ; #TDO                            ; output ;              ;                     ; --           ;                 ; --       ; --           ;
; AB10     ;            ; --             ; VCCPGM                          ; power  ;              ; 1.8V/2.5V/3.0V/3.3V ; --           ;                 ; --       ; --           ;
; AB11     ;            ; --             ; VCC_AUX                         ; power  ;              ; 2.5V                ; --           ;                 ; --       ; --           ;
; AB12     ; 72         ; 3A             ; SW[0]                           ; input  ; 3.3-V LVTTL  ;                     ; Column I/O   ; Y               ; no       ; Off          ;
; AB13     ; 88         ; 3B             ; RESERVED_INPUT_WITH_WEAK_PULLUP ;        ;              ;                     ; Column I/O   ;                 ; no       ; On           ;
; AB14     ;            ; 3B             ; VCCIO3B                         ; power  ;              ; 3.3V                ; --           ;                 ; --       ; --           ;
; AB15     ; 106        ; 3B             ; RESERVED_INPUT_WITH_WEAK_PULLUP ;        ;              ;                     ; Column I/O   ;                 ; no       ; On           ;
; AB16     ;            ; --             ; VCC_AUX                         ; power  ;              ; 2.5V                ; --           ;                 ; --       ; --           ;
; AB17     ; 144        ; 4A             ; RESERVED_INPUT_WITH_WEAK_PULLUP ;        ;              ;                     ; Column I/O   ;                 ; no       ; On           ;
; AB18     ;            ; 3B, 4A         ; VCCPD3B4A                       ; power  ;              ; 3.3V                ; --           ;                 ; --       ; --           ;
; AB19     ;            ;                ; GND                             ; gnd    ;              ;                     ; --           ;                 ; --       ; --           ;
; AB20     ;            ; 3B, 4A         ; VCCPD3B4A                       ; power  ;              ; 3.3V                ; --           ;                 ; --       ; --           ;
; AB21     ; 208        ; 4A             ; RESERVED_INPUT_WITH_WEAK_PULLUP ;        ;              ;                     ; Column I/O   ;                 ; no       ; On           ;
; AB22     ; 225        ; 5A             ; HEX3[6]                         ; output ; 3.3-V LVTTL  ;                     ; Row I/O      ; Y               ; no       ; Off          ;
; AB23     ; 227        ; 5A             ; HEX2[0]                         ; output ; 3.3-V LVTTL  ;                     ; Row I/O      ; Y               ; no       ; Off          ;
; AB24     ;            ; 5A             ; VCCIO5A                         ; power  ;              ; 3.3V                ; --           ;                 ; --       ; --           ;
; AB25     ; 230        ; 5A             ; HEX3[5]                         ; output ; 3.3-V LVTTL  ;                     ; Row I/O      ; Y               ; no       ; Off          ;
; AB26     ; 226        ; 5A             ; HEX5[4]                         ; output ; 3.3-V LVTTL  ;                     ; Row I/O      ; Y               ; no       ; Off          ;
; AB27     ; 254        ; 5B             ; HEX5[3]                         ; output ; 3.3-V LVTTL  ;                     ; Row I/O      ; Y               ; no       ; Off          ;
; AB28     ; 249        ; 5B             ; HEX3[4]                         ; output ; 3.3-V LVTTL  ;                     ; Row I/O      ; Y               ; no       ; Off          ;
; AB29     ;            ;                ; GND                             ; gnd    ;              ;                     ; --           ;                 ; --       ; --           ;
; AB30     ; 248        ; 5B             ; RESERVED_INPUT_WITH_WEAK_PULLUP ;        ;              ;                     ; Row I/O      ;                 ; no       ; On           ;
; AC1      ;            ;                ; GND                             ; gnd    ;              ;                     ; --           ;                 ; --       ; --           ;
; AC2      ;            ;                ; GND                             ; gnd    ;              ;                     ; --           ;                 ; --       ; --           ;
; AC3      ;            ;                ; GND                             ; gnd    ;              ;                     ; --           ;                 ; --       ; --           ;
; AC4      ;            ;                ; GND                             ; gnd    ;              ;                     ; --           ;                 ; --       ; --           ;
; AC5      ; 46         ; 3A             ; #TCK                            ; input  ;              ;                     ; --           ;                 ; --       ; --           ;
; AC6      ;            ;                ; GND                             ; gnd    ;              ;                     ; --           ;                 ; --       ; --           ;
; AC7      ; 45         ; 3A             ; ^AS_DATA3, DATA3                ;        ;              ;                     ; Weak Pull Up ;                 ; --       ; On           ;
; AC8      ;            ;                ; GND                             ; gnd    ;              ;                     ; --           ;                 ; --       ; --           ;
; AC9      ; 58         ; 3A             ; SW[7]                           ; input  ; 3.3-V LVTTL  ;                     ; Column I/O   ; Y               ; no       ; Off          ;
; AC10     ;            ; 3A             ; VCCPD3A                         ; power  ;              ; 3.3V                ; --           ;                 ; --       ; --           ;
; AC11     ;            ; 3A             ; VCCIO3A                         ; power  ;              ; 3.3V                ; --           ;                 ; --       ; --           ;
; AC12     ; 82         ; 3A             ; SW[1]                           ; input  ; 3.3-V LVTTL  ;                     ; Column I/O   ; Y               ; no       ; Off          ;
; AC13     ;            ; 3B, 4A         ; VCCPD3B4A                       ; power  ;              ; 3.3V                ; --           ;                 ; --       ; --           ;
; AC14     ; 104        ; 3B             ; RESERVED_INPUT_WITH_WEAK_PULLUP ;        ;              ;                     ; Column I/O   ;                 ; no       ; On           ;
; AC15     ;            ; 3B, 4A         ; VCCPD3B4A                       ; power  ;              ; 3.3V                ; --           ;                 ; --       ; --           ;
; AC16     ;            ;                ; GND                             ; gnd    ;              ;                     ; --           ;                 ; --       ; --           ;
; AC17     ;            ; 3B, 4A         ; VCCPD3B4A                       ; power  ;              ; 3.3V                ; --           ;                 ; --       ; --           ;
; AC18     ; 162        ; 4A             ; RESERVED_INPUT_WITH_WEAK_PULLUP ;        ;              ;                     ; Column I/O   ;                 ; no       ; On           ;
; AC19     ;            ; 3B, 4A         ; VCCPD3B4A                       ; power  ;              ; 3.3V                ; --           ;                 ; --       ; --           ;
; AC20     ; 186        ; 4A             ; RESERVED_INPUT_WITH_WEAK_PULLUP ;        ;              ;                     ; Column I/O   ;                 ; no       ; On           ;
; AC21     ;            ; 4A             ; VCCIO4A                         ; power  ;              ; 3.3V                ; --           ;                 ; --       ; --           ;
; AC22     ; 207        ; 4A             ; RESERVED_INPUT_WITH_WEAK_PULLUP ;        ;              ;                     ; Column I/O   ;                 ; no       ; On           ;
; AC23     ; 205        ; 4A             ; MIPI_PIXEL_D[0]                 ; input  ; 3.3-V LVTTL  ;                     ; Column I/O   ; Y               ; no       ; Off          ;
; AC24     ;            ; 5A             ; VREFB5AN0                       ; power  ;              ;                     ; --           ;                 ; --       ; --           ;
; AC25     ; 215        ; 5A             ; HEX3[3]                         ; output ; 3.3-V LVTTL  ;                     ; Row I/O      ; Y               ; no       ; Off          ;
; AC26     ;            ;                ; GND                             ; gnd    ;              ;                     ; --           ;                 ; --       ; --           ;
; AC27     ; 242        ; 5A             ; HEX3[1]                         ; output ; 3.3-V LVTTL  ;                     ; Row I/O      ; Y               ; no       ; Off          ;
; AC28     ; 245        ; 5B             ; HEX2[3]                         ; output ; 3.3-V LVTTL  ;                     ; Row I/O      ; Y               ; no       ; Off          ;
; AC29     ; 247        ; 5B             ; HEX2[5]                         ; output ; 3.3-V LVTTL  ;                     ; Row I/O      ; Y               ; no       ; Off          ;
; AC30     ; 259        ; 5B             ; HEX2[6]                         ; output ; 3.3-V LVTTL  ;                     ; Row I/O      ; Y               ; no       ; Off          ;
; AD1      ;            ;                ; GND                             ; gnd    ;              ;                     ; --           ;                 ; --       ; --           ;
; AD2      ;            ;                ; GND                             ; gnd    ;              ;                     ; --           ;                 ; --       ; --           ;
; AD3      ;            ;                ; DNU                             ;        ;              ;                     ; --           ;                 ; --       ; --           ;
; AD4      ;            ;                ; DNU                             ;        ;              ;                     ; --           ;                 ; --       ; --           ;
; AD5      ;            ;                ; GND                             ; gnd    ;              ;                     ; --           ;                 ; --       ; --           ;
; AD6      ;            ; 3A             ; VREFB3AN0                       ; power  ;              ;                     ; --           ;                 ; --       ; --           ;
; AD7      ; 62         ; 3A             ; RESERVED_INPUT_WITH_WEAK_PULLUP ;        ;              ;                     ; Column I/O   ;                 ; no       ; On           ;
; AD8      ;            ; 3A             ; VCCIO3A                         ; power  ;              ; 3.3V                ; --           ;                 ; --       ; --           ;
; AD9      ; 55         ; 3A             ; RESERVED_INPUT_WITH_WEAK_PULLUP ;        ;              ;                     ; Column I/O   ;                 ; no       ; On           ;
; AD10     ; 56         ; 3A             ; SW[8]                           ; input  ; 3.3-V LVTTL  ;                     ; Column I/O   ; Y               ; no       ; Off          ;
; AD11     ; 54         ; 3A             ; SW[4]                           ; input  ; 3.3-V LVTTL  ;                     ; Column I/O   ; Y               ; no       ; Off          ;
; AD12     ; 80         ; 3A             ; SW[5]                           ; input  ; 3.3-V LVTTL  ;                     ; Column I/O   ; Y               ; no       ; Off          ;
; AD13     ;            ; 3B             ; VCCIO3B                         ; power  ;              ; 3.3V                ; --           ;                 ; --       ; --           ;
; AD14     ; 98         ; 3B             ; RESERVED_INPUT_WITH_WEAK_PULLUP ;        ;              ;                     ; Column I/O   ;                 ; no       ; On           ;
; AD15     ;            ;                ; DNU                             ;        ;              ;                     ; --           ;                 ; --       ; --           ;
; AD16     ;            ; 3B, 4A         ; VCCPD3B4A                       ; power  ;              ; 3.3V                ; --           ;                 ; --       ; --           ;
; AD17     ; 160        ; 4A             ; RESERVED_INPUT_WITH_WEAK_PULLUP ;        ;              ;                     ; Column I/O   ;                 ; no       ; On           ;
; AD18     ;            ; 4A             ; VCCIO4A                         ; power  ;              ; 3.3V                ; --           ;                 ; --       ; --           ;
; AD19     ; 184        ; 4A             ; RESERVED_INPUT_WITH_WEAK_PULLUP ;        ;              ;                     ; Column I/O   ;                 ; no       ; On           ;
; AD20     ; 199        ; 4A             ; RESERVED_INPUT_WITH_WEAK_PULLUP ;        ;              ;                     ; Column I/O   ;                 ; no       ; On           ;
; AD21     ; 197        ; 4A             ; RESERVED_INPUT_WITH_WEAK_PULLUP ;        ;              ;                     ; Column I/O   ;                 ; no       ; On           ;
; AD22     ;            ; --             ; VCC_AUX                         ; power  ;              ; 2.5V                ; --           ;                 ; --       ; --           ;
; AD23     ;            ;                ; GND                             ; gnd    ;              ;                     ; --           ;                 ; --       ; --           ;
; AD24     ; 211        ; 4A             ; MIPI_PIXEL_D[1]                 ; input  ; 3.3-V LVTTL  ;                     ; Column I/O   ; Y               ; no       ; Off          ;
; AD25     ; 213        ; 5A             ; HEX3[2]                         ; output ; 3.3-V LVTTL  ;                     ; Row I/O      ; Y               ; no       ; Off          ;
; AD26     ; 240        ; 5A             ; HEX3[0]                         ; output ; 3.3-V LVTTL  ;                     ; Row I/O      ; Y               ; no       ; Off          ;
; AD27     ; 222        ; 5A             ; HEX1[6]                         ; output ; 3.3-V LVTTL  ;                     ; Row I/O      ; Y               ; no       ; Off          ;
; AD28     ;            ; 5A             ; VCCIO5A                         ; power  ;              ; 3.3V                ; --           ;                 ; --       ; --           ;
; AD29     ; 255        ; 5B             ; HEX2[2]                         ; output ; 3.3-V LVTTL  ;                     ; Row I/O      ; Y               ; no       ; Off          ;
; AD30     ; 257        ; 5B             ; HEX2[4]                         ; output ; 3.3-V LVTTL  ;                     ; Row I/O      ; Y               ; no       ; Off          ;
; AE1      ;            ;                ; GND                             ; gnd    ;              ;                     ; --           ;                 ; --       ; --           ;
; AE2      ;            ;                ; GND                             ; gnd    ;              ;                     ; --           ;                 ; --       ; --           ;
; AE3      ;            ;                ; GND                             ; gnd    ;              ;                     ; --           ;                 ; --       ; --           ;
; AE4      ;            ;                ; GND                             ; gnd    ;              ;                     ; --           ;                 ; --       ; --           ;
; AE5      ; 49         ; 3A             ; ^AS_DATA1, DATA1                ;        ;              ;                     ; Weak Pull Up ;                 ; --       ; On           ;
; AE6      ; 51         ; 3A             ; ^AS_DATA0, ASDO, DATA0          ;        ;              ;                     ; Weak Pull Up ;                 ; --       ; On           ;
; AE7      ; 60         ; 3A             ; RESERVED_INPUT_WITH_WEAK_PULLUP ;        ;              ;                     ; Column I/O   ;                 ; no       ; On           ;
; AE8      ; 47         ; 3A             ; ^AS_DATA2, DATA2                ;        ;              ;                     ; Weak Pull Up ;                 ; --       ; On           ;
; AE9      ; 53         ; 3A             ; RESERVED_INPUT_WITH_WEAK_PULLUP ;        ;              ;                     ; Column I/O   ;                 ; no       ; On           ;
; AE10     ;            ;                ; GND                             ; gnd    ;              ;                     ; --           ;                 ; --       ; --           ;
; AE11     ; 59         ; 3A             ; SW[6]                           ; input  ; 3.3-V LVTTL  ;                     ; Column I/O   ; Y               ; no       ; Off          ;
; AE12     ; 52         ; 3A             ; SW[9]                           ; input  ; 3.3-V LVTTL  ;                     ; Column I/O   ; Y               ; no       ; Off          ;
; AE13     ; 95         ; 3B             ; RESERVED_INPUT_WITH_WEAK_PULLUP ;        ;              ;                     ; Column I/O   ;                 ; no       ; On           ;
; AE14     ; 96         ; 3B             ; RESERVED_INPUT_WITH_WEAK_PULLUP ;        ;              ;                     ; Column I/O   ;                 ; no       ; On           ;
; AE15     ;            ; 3B             ; VCCIO3B                         ; power  ;              ; 3.3V                ; --           ;                 ; --       ; --           ;
; AE16     ; 139        ; 4A             ; RESERVED_INPUT_WITH_WEAK_PULLUP ;        ;              ;                     ; Column I/O   ;                 ; no       ; On           ;
; AE17     ; 135        ; 4A             ; RESERVED_INPUT_WITH_WEAK_PULLUP ;        ;              ;                     ; Column I/O   ;                 ; no       ; On           ;
; AE18     ; 167        ; 4A             ; RESERVED_INPUT_WITH_WEAK_PULLUP ;        ;              ;                     ; Column I/O   ;                 ; no       ; On           ;
; AE19     ; 165        ; 4A             ; RESERVED_INPUT_WITH_WEAK_PULLUP ;        ;              ;                     ; Column I/O   ;                 ; no       ; On           ;
; AE20     ;            ;                ; GND                             ; gnd    ;              ;                     ; --           ;                 ; --       ; --           ;
; AE21     ;            ; 3B, 4A         ; VCCPD3B4A                       ; power  ;              ; 3.3V                ; --           ;                 ; --       ; --           ;
; AE22     ; 191        ; 4A             ; RESERVED_INPUT_WITH_WEAK_PULLUP ;        ;              ;                     ; Column I/O   ;                 ; no       ; On           ;
; AE23     ; 189        ; 4A             ; MIPI_PIXEL_D[2]                 ; input  ; 3.3-V LVTTL  ;                     ; Column I/O   ; Y               ; no       ; Off          ;
; AE24     ; 209        ; 4A             ; MIPI_PIXEL_D[3]                 ; input  ; 3.3-V LVTTL  ;                     ; Column I/O   ; Y               ; no       ; Off          ;
; AE25     ;            ; 4A             ; VCCIO4A                         ; power  ;              ; 3.3V                ; --           ;                 ; --       ; --           ;
; AE26     ; 220        ; 5A             ; HEX0[0]                         ; output ; 3.3-V LVTTL  ;                     ; Row I/O      ; Y               ; no       ; Off          ;
; AE27     ; 229        ; 5A             ; HEX0[1]                         ; output ; 3.3-V LVTTL  ;                     ; Row I/O      ; Y               ; no       ; Off          ;
; AE28     ; 231        ; 5A             ; HEX0[2]                         ; output ; 3.3-V LVTTL  ;                     ; Row I/O      ; Y               ; no       ; Off          ;
; AE29     ; 253        ; 5B             ; HEX2[1]                         ; output ; 3.3-V LVTTL  ;                     ; Row I/O      ; Y               ; no       ; Off          ;
; AE30     ;            ; 5B             ; VCCIO5B                         ; power  ;              ; 3.3V                ; --           ;                 ; --       ; --           ;
; AF1      ;            ;                ; GND                             ; gnd    ;              ;                     ; --           ;                 ; --       ; --           ;
; AF2      ;            ;                ; GND                             ; gnd    ;              ;                     ; --           ;                 ; --       ; --           ;
; AF3      ;            ;                ; GND                             ; gnd    ;              ;                     ; --           ;                 ; --       ; --           ;
; AF4      ; 66         ; 3A             ; RESERVED_INPUT_WITH_WEAK_PULLUP ;        ;              ;                     ; Column I/O   ;                 ; no       ; On           ;
; AF5      ; 64         ; 3A             ; RESERVED_INPUT_WITH_WEAK_PULLUP ;        ;              ;                     ; Column I/O   ;                 ; no       ; On           ;
; AF6      ; 75         ; 3A             ; RESERVED_INPUT_WITH_WEAK_PULLUP ;        ;              ;                     ; Column I/O   ;                 ; no       ; On           ;
; AF7      ;            ; 3A             ; VCCIO3A                         ; power  ;              ; 3.3V                ; --           ;                 ; --       ; --           ;
; AF8      ; 70         ; 3A             ; RESERVED_INPUT_WITH_WEAK_PULLUP ;        ;              ;                     ; Column I/O   ;                 ; no       ; On           ;
; AF9      ; 67         ; 3A             ; SW[2]                           ; input  ; 3.3-V LVTTL  ;                     ; Column I/O   ; Y               ; no       ; Off          ;
; AF10     ; 57         ; 3A             ; SW[3]                           ; input  ; 3.3-V LVTTL  ;                     ; Column I/O   ; Y               ; no       ; Off          ;
; AF11     ; 87         ; 3B             ; RESERVED_INPUT_WITH_WEAK_PULLUP ;        ;              ;                     ; Column I/O   ;                 ; no       ; On           ;
; AF12     ;            ;                ; GND                             ; gnd    ;              ;                     ; --           ;                 ; --       ; --           ;
; AF13     ; 93         ; 3B             ; RESERVED_INPUT_WITH_WEAK_PULLUP ;        ;              ;                     ; Column I/O   ;                 ; no       ; On           ;
; AF14     ; 114        ; 3B             ; CLOCK_50                        ; input  ; 3.3-V LVTTL  ;                     ; Column I/O   ; Y               ; no       ; Off          ;
; AF15     ; 112        ; 3B             ; RESERVED_INPUT_WITH_WEAK_PULLUP ;        ;              ;                     ; Column I/O   ;                 ; no       ; On           ;
; AF16     ; 137        ; 4A             ; RESERVED_INPUT_WITH_WEAK_PULLUP ;        ;              ;                     ; Column I/O   ;                 ; no       ; On           ;
; AF17     ;            ;                ; GND                             ; gnd    ;              ;                     ; --           ;                 ; --       ; --           ;
; AF18     ; 133        ; 4A             ; RESERVED_INPUT_WITH_WEAK_PULLUP ;        ;              ;                     ; Column I/O   ;                 ; no       ; On           ;
; AF19     ; 159        ; 4A             ; RESERVED_INPUT_WITH_WEAK_PULLUP ;        ;              ;                     ; Column I/O   ;                 ; no       ; On           ;
; AF20     ; 175        ; 4A             ; RESERVED_INPUT_WITH_WEAK_PULLUP ;        ;              ;                     ; Column I/O   ;                 ; no       ; On           ;
; AF21     ; 173        ; 4A             ; RESERVED_INPUT_WITH_WEAK_PULLUP ;        ;              ;                     ; Column I/O   ;                 ; no       ; On           ;
; AF22     ;            ; 4A             ; VCCIO4A                         ; power  ;              ; 3.3V                ; --           ;                 ; --       ; --           ;
; AF23     ; 183        ; 4A             ; MIPI_I2C_SDA                    ; bidir  ; 3.3-V LVTTL  ;                     ; Column I/O   ; Y               ; no       ; Off          ;
; AF24     ; 181        ; 4A             ; MIPI_I2C_SCL                    ; bidir  ; 3.3-V LVTTL  ;                     ; Column I/O   ; Y               ; no       ; Off          ;
; AF25     ; 206        ; 4A             ; MIPI_PIXEL_D[4]                 ; input  ; 3.3-V LVTTL  ;                     ; Column I/O   ; Y               ; no       ; Off          ;
; AF26     ; 204        ; 4A             ; MIPI_PIXEL_D[5]                 ; input  ; 3.3-V LVTTL  ;                     ; Column I/O   ; Y               ; no       ; Off          ;
; AF27     ;            ;                ; GND                             ; gnd    ;              ;                     ; --           ;                 ; --       ; --           ;
; AF28     ; 235        ; 5A             ; HEX0[4]                         ; output ; 3.3-V LVTTL  ;                     ; Row I/O      ; Y               ; no       ; Off          ;
; AF29     ; 237        ; 5A             ; HEX1[4]                         ; output ; 3.3-V LVTTL  ;                     ; Row I/O      ; Y               ; no       ; Off          ;
; AF30     ; 239        ; 5A             ; HEX1[5]                         ; output ; 3.3-V LVTTL  ;                     ; Row I/O      ; Y               ; no       ; Off          ;
; AG1      ; 71         ; 3A             ; RESERVED_INPUT_WITH_WEAK_PULLUP ;        ;              ;                     ; Column I/O   ;                 ; no       ; On           ;
; AG2      ; 83         ; 3A             ; RESERVED_INPUT_WITH_WEAK_PULLUP ;        ;              ;                     ; Column I/O   ;                 ; no       ; On           ;
; AG3      ; 63         ; 3A             ; RESERVED_INPUT_WITH_WEAK_PULLUP ;        ;              ;                     ; Column I/O   ;                 ; no       ; On           ;
; AG4      ;            ; 3A             ; VCCIO3A                         ; power  ;              ; 3.3V                ; --           ;                 ; --       ; --           ;
; AG5      ; 78         ; 3A             ; RESERVED_INPUT_WITH_WEAK_PULLUP ;        ;              ;                     ; Column I/O   ;                 ; no       ; On           ;
; AG6      ; 73         ; 3A             ; RESERVED_INPUT_WITH_WEAK_PULLUP ;        ;              ;                     ; Column I/O   ;                 ; no       ; On           ;
; AG7      ; 68         ; 3A             ; RESERVED_INPUT_WITH_WEAK_PULLUP ;        ;              ;                     ; Column I/O   ;                 ; no       ; On           ;
; AG8      ; 65         ; 3A             ; RESERVED_INPUT_WITH_WEAK_PULLUP ;        ;              ;                     ; Column I/O   ;                 ; no       ; On           ;
; AG9      ;            ;                ; GND                             ; gnd    ;              ;                     ; --           ;                 ; --       ; --           ;
; AG10     ; 86         ; 3B             ; RESERVED_INPUT_WITH_WEAK_PULLUP ;        ;              ;                     ; Column I/O   ;                 ; no       ; On           ;
; AG11     ; 85         ; 3B             ; RESERVED_INPUT_WITH_WEAK_PULLUP ;        ;              ;                     ; Column I/O   ;                 ; no       ; On           ;
; AG12     ; 103        ; 3B             ; RESERVED_INPUT_WITH_WEAK_PULLUP ;        ;              ;                     ; Column I/O   ;                 ; no       ; On           ;
; AG13     ; 101        ; 3B             ; RESERVED_INPUT_WITH_WEAK_PULLUP ;        ;              ;                     ; Column I/O   ;                 ; no       ; On           ;
; AG14     ;            ;                ; GND                             ; gnd    ;              ;                     ; --           ;                 ; --       ; --           ;
; AG15     ; 127        ; 3B             ; RESERVED_INPUT_WITH_WEAK_PULLUP ;        ;              ;                     ; Column I/O   ;                 ; no       ; On           ;
; AG16     ; 134        ; 4A             ; RESERVED_INPUT_WITH_WEAK_PULLUP ;        ;              ;                     ; Column I/O   ;                 ; no       ; On           ;
; AG17     ; 132        ; 4A             ; RESERVED_INPUT_WITH_WEAK_PULLUP ;        ;              ;                     ; Column I/O   ;                 ; no       ; On           ;
; AG18     ; 150        ; 4A             ; RESERVED_INPUT_WITH_WEAK_PULLUP ;        ;              ;                     ; Column I/O   ;                 ; no       ; On           ;
; AG19     ;            ; 4A             ; VCCIO4A                         ; power  ;              ; 3.3V                ; --           ;                 ; --       ; --           ;
; AG20     ; 157        ; 4A             ; RESERVED_INPUT_WITH_WEAK_PULLUP ;        ;              ;                     ; Column I/O   ;                 ; no       ; On           ;
; AG21     ; 143        ; 4A             ; RESERVED_INPUT_WITH_WEAK_PULLUP ;        ;              ;                     ; Column I/O   ;                 ; no       ; On           ;
; AG22     ; 166        ; 4A             ; RESERVED_INPUT_WITH_WEAK_PULLUP ;        ;              ;                     ; Column I/O   ;                 ; no       ; On           ;
; AG23     ; 163        ; 4A             ; MIPI_CS_n                       ; output ; 3.3-V LVTTL  ;                     ; Column I/O   ; Y               ; no       ; Off          ;
; AG24     ;            ;                ; GND                             ; gnd    ;              ;                     ; --           ;                 ; --       ; --           ;
; AG25     ; 190        ; 4A             ; MIPI_PIXEL_D[6]                 ; input  ; 3.3-V LVTTL  ;                     ; Column I/O   ; Y               ; no       ; Off          ;
; AG26     ; 203        ; 4A             ; MIPI_PIXEL_D[7]                 ; input  ; 3.3-V LVTTL  ;                     ; Column I/O   ; Y               ; no       ; Off          ;
; AG27     ; 212        ; 5A             ; HEX0[3]                         ; output ; 3.3-V LVTTL  ;                     ; Row I/O      ; Y               ; no       ; Off          ;
; AG28     ; 233        ; 5A             ; HEX0[5]                         ; output ; 3.3-V LVTTL  ;                     ; Row I/O      ; Y               ; no       ; Off          ;
; AG29     ;            ; 5A             ; VCCIO5A                         ; power  ;              ; 3.3V                ; --           ;                 ; --       ; --           ;
; AG30     ; 243        ; 5A             ; HEX1[3]                         ; output ; 3.3-V LVTTL  ;                     ; Row I/O      ; Y               ; no       ; Off          ;
; AH1      ;            ;                ; GND                             ; gnd    ;              ;                     ; --           ;                 ; --       ; --           ;
; AH2      ; 69         ; 3A             ; RESERVED_INPUT_WITH_WEAK_PULLUP ;        ;              ;                     ; Column I/O   ;                 ; no       ; On           ;
; AH3      ; 81         ; 3A             ; RESERVED_INPUT_WITH_WEAK_PULLUP ;        ;              ;                     ; Column I/O   ;                 ; no       ; On           ;
; AH4      ; 61         ; 3A             ; RESERVED_INPUT_WITH_WEAK_PULLUP ;        ;              ;                     ; Column I/O   ;                 ; no       ; On           ;
; AH5      ; 76         ; 3A             ; RESERVED_INPUT_WITH_WEAK_PULLUP ;        ;              ;                     ; Column I/O   ;                 ; no       ; On           ;
; AH6      ;            ;                ; GND                             ; gnd    ;              ;                     ; --           ;                 ; --       ; --           ;
; AH7      ; 115        ; 3B             ; RESERVED_INPUT_WITH_WEAK_PULLUP ;        ;              ;                     ; Column I/O   ;                 ; no       ; On           ;
; AH8      ; 113        ; 3B             ; RESERVED_INPUT_WITH_WEAK_PULLUP ;        ;              ;                     ; Column I/O   ;                 ; no       ; On           ;
; AH9      ; 84         ; 3B             ; RESERVED_INPUT_WITH_WEAK_PULLUP ;        ;              ;                     ; Column I/O   ;                 ; no       ; On           ;
; AH10     ; 118        ; 3B             ; RESERVED_INPUT_WITH_WEAK_PULLUP ;        ;              ;                     ; Column I/O   ;                 ; no       ; On           ;
; AH11     ;            ;                ; GND                             ; gnd    ;              ;                     ; --           ;                 ; --       ; --           ;
; AH12     ; 126        ; 3B             ; RESERVED_INPUT_WITH_WEAK_PULLUP ;        ;              ;                     ; Column I/O   ;                 ; no       ; On           ;
; AH13     ; 111        ; 3B             ; RESERVED_INPUT_WITH_WEAK_PULLUP ;        ;              ;                     ; Column I/O   ;                 ; no       ; On           ;
; AH14     ; 109        ; 3B             ; RESERVED_INPUT_WITH_WEAK_PULLUP ;        ;              ;                     ; Column I/O   ;                 ; no       ; On           ;
; AH15     ; 125        ; 3B             ; RESERVED_INPUT_WITH_WEAK_PULLUP ;        ;              ;                     ; Column I/O   ;                 ; no       ; On           ;
; AH16     ;            ; 4A             ; VCCIO4A                         ; power  ;              ; 3.3V                ; --           ;                 ; --       ; --           ;
; AH17     ; 147        ; 4A             ; RESERVED_INPUT_WITH_WEAK_PULLUP ;        ;              ;                     ; Column I/O   ;                 ; no       ; On           ;
; AH18     ; 145        ; 4A             ; RESERVED_INPUT_WITH_WEAK_PULLUP ;        ;              ;                     ; Column I/O   ;                 ; no       ; On           ;
; AH19     ; 148        ; 4A             ; RESERVED_INPUT_WITH_WEAK_PULLUP ;        ;              ;                     ; Column I/O   ;                 ; no       ; On           ;
; AH20     ; 141        ; 4A             ; RESERVED_INPUT_WITH_WEAK_PULLUP ;        ;              ;                     ; Column I/O   ;                 ; no       ; On           ;
; AH21     ;            ;                ; GND                             ; gnd    ;              ;                     ; --           ;                 ; --       ; --           ;
; AH22     ; 164        ; 4A             ; MIPI_MCLK                       ; output ; 3.3-V LVTTL  ;                     ; Column I/O   ; Y               ; no       ; Off          ;
; AH23     ; 174        ; 4A             ; CAMERA_PWDN_n                   ; output ; 3.3-V LVTTL  ;                     ; Column I/O   ; Y               ; no       ; Off          ;
; AH24     ; 161        ; 4A             ; MIPI_PIXEL_D[8]                 ; input  ; 3.3-V LVTTL  ;                     ; Column I/O   ; Y               ; no       ; Off          ;
; AH25     ; 188        ; 4A             ; RESERVED_INPUT_WITH_WEAK_PULLUP ;        ;              ;                     ; Column I/O   ;                 ; no       ; On           ;
; AH26     ;            ; 4A             ; VCCIO4A                         ; power  ;              ; 3.3V                ; --           ;                 ; --       ; --           ;
; AH27     ; 201        ; 4A             ; MIPI_PIXEL_D[9]                 ; input  ; 3.3-V LVTTL  ;                     ; Column I/O   ; Y               ; no       ; Off          ;
; AH28     ; 214        ; 5A             ; HEX0[6]                         ; output ; 3.3-V LVTTL  ;                     ; Row I/O      ; Y               ; no       ; Off          ;
; AH29     ; 218        ; 5A             ; HEX1[1]                         ; output ; 3.3-V LVTTL  ;                     ; Row I/O      ; Y               ; no       ; Off          ;
; AH30     ; 241        ; 5A             ; HEX1[2]                         ; output ; 3.3-V LVTTL  ;                     ; Row I/O      ; Y               ; no       ; Off          ;
; AJ1      ; 79         ; 3A             ; RESERVED_INPUT_WITH_WEAK_PULLUP ;        ;              ;                     ; Column I/O   ;                 ; no       ; On           ;
; AJ2      ; 77         ; 3A             ; RESERVED_INPUT_WITH_WEAK_PULLUP ;        ;              ;                     ; Column I/O   ;                 ; no       ; On           ;
; AJ3      ;            ;                ; GND                             ; gnd    ;              ;                     ; --           ;                 ; --       ; --           ;
; AJ4      ; 94         ; 3B             ; RESERVED_INPUT_WITH_WEAK_PULLUP ;        ;              ;                     ; Column I/O   ;                 ; no       ; On           ;
; AJ5      ; 99         ; 3B             ; RESERVED_INPUT_WITH_WEAK_PULLUP ;        ;              ;                     ; Column I/O   ;                 ; no       ; On           ;
; AJ6      ; 102        ; 3B             ; RESERVED_INPUT_WITH_WEAK_PULLUP ;        ;              ;                     ; Column I/O   ;                 ; no       ; On           ;
; AJ7      ; 100        ; 3B             ; RESERVED_INPUT_WITH_WEAK_PULLUP ;        ;              ;                     ; Column I/O   ;                 ; no       ; On           ;
; AJ8      ;            ; 3B             ; VCCIO3B                         ; power  ;              ; 3.3V                ; --           ;                 ; --       ; --           ;
; AJ9      ; 110        ; 3B             ; RESERVED_INPUT_WITH_WEAK_PULLUP ;        ;              ;                     ; Column I/O   ;                 ; no       ; On           ;
; AJ10     ; 116        ; 3B             ; RESERVED_INPUT_WITH_WEAK_PULLUP ;        ;              ;                     ; Column I/O   ;                 ; no       ; On           ;
; AJ11     ; 119        ; 3B             ; RESERVED_INPUT_WITH_WEAK_PULLUP ;        ;              ;                     ; Column I/O   ;                 ; no       ; On           ;
; AJ12     ; 124        ; 3B             ; RESERVED_INPUT_WITH_WEAK_PULLUP ;        ;              ;                     ; Column I/O   ;                 ; no       ; On           ;
; AJ13     ;            ; 3B             ; VCCIO3B                         ; power  ;              ; 3.3V                ; --           ;                 ; --       ; --           ;
; AJ14     ; 131        ; 3B             ; RESERVED_INPUT_WITH_WEAK_PULLUP ;        ;              ;                     ; Column I/O   ;                 ; no       ; On           ;
; AJ15     ;            ; 3B             ; VREFB3BN0                       ; power  ;              ;                     ; --           ;                 ; --       ; --           ;
; AJ16     ; 142        ; 4A             ; RESERVED_INPUT_WITH_WEAK_PULLUP ;        ;              ;                     ; Column I/O   ;                 ; no       ; On           ;
; AJ17     ; 151        ; 4A             ; RESERVED_INPUT_WITH_WEAK_PULLUP ;        ;              ;                     ; Column I/O   ;                 ; no       ; On           ;
; AJ18     ;            ;                ; GND                             ; gnd    ;              ;                     ; --           ;                 ; --       ; --           ;
; AJ19     ; 155        ; 4A             ; RESERVED_INPUT_WITH_WEAK_PULLUP ;        ;              ;                     ; Column I/O   ;                 ; no       ; On           ;
; AJ20     ; 158        ; 4A             ; RESERVED_INPUT_WITH_WEAK_PULLUP ;        ;              ;                     ; Column I/O   ;                 ; no       ; On           ;
; AJ21     ; 156        ; 4A             ; RESERVED_INPUT_WITH_WEAK_PULLUP ;        ;              ;                     ; Column I/O   ;                 ; no       ; On           ;
; AJ22     ; 172        ; 4A             ; CAMERA_I2C_SDA                  ; bidir  ; 3.3-V LVTTL  ;                     ; Column I/O   ; Y               ; no       ; Off          ;
; AJ23     ;            ; 4A             ; VCCIO4A                         ; power  ;              ; 3.3V                ; --           ;                 ; --       ; --           ;
; AJ24     ; 182        ; 4A             ; RESERVED_INPUT_WITH_WEAK_PULLUP ;        ;              ;                     ; Column I/O   ;                 ; no       ; On           ;
; AJ25     ; 180        ; 4A             ; MIPI_PIXEL_VS                   ; input  ; 3.3-V LVTTL  ;                     ; Column I/O   ; Y               ; no       ; Off          ;
; AJ26     ; 187        ; 4A             ; RESERVED_INPUT_WITH_WEAK_PULLUP ;        ;              ;                     ; Column I/O   ;                 ; no       ; On           ;
; AJ27     ; 195        ; 4A             ; RESERVED_INPUT_WITH_WEAK_PULLUP ;        ;              ;                     ; Column I/O   ;                 ; no       ; On           ;
; AJ28     ;            ;                ; GND                             ; gnd    ;              ;                     ; --           ;                 ; --       ; --           ;
; AJ29     ; 216        ; 5A             ; HEX1[0]                         ; output ; 3.3-V LVTTL  ;                     ; Row I/O      ; Y               ; no       ; Off          ;
; AJ30     ;            ;                ; GND                             ; gnd    ;              ;                     ; --           ;                 ; --       ; --           ;
; AK2      ; 91         ; 3B             ; RESERVED_INPUT_WITH_WEAK_PULLUP ;        ;              ;                     ; Column I/O   ;                 ; no       ; On           ;
; AK3      ; 89         ; 3B             ; RESERVED_INPUT_WITH_WEAK_PULLUP ;        ;              ;                     ; Column I/O   ;                 ; no       ; On           ;
; AK4      ; 92         ; 3B             ; RESERVED_INPUT_WITH_WEAK_PULLUP ;        ;              ;                     ; Column I/O   ;                 ; no       ; On           ;
; AK5      ;            ;                ; GND                             ; gnd    ;              ;                     ; --           ;                 ; --       ; --           ;
; AK6      ; 97         ; 3B             ; RESERVED_INPUT_WITH_WEAK_PULLUP ;        ;              ;                     ; Column I/O   ;                 ; no       ; On           ;
; AK7      ; 107        ; 3B             ; RESERVED_INPUT_WITH_WEAK_PULLUP ;        ;              ;                     ; Column I/O   ;                 ; no       ; On           ;
; AK8      ; 105        ; 3B             ; RESERVED_INPUT_WITH_WEAK_PULLUP ;        ;              ;                     ; Column I/O   ;                 ; no       ; On           ;
; AK9      ; 108        ; 3B             ; RESERVED_INPUT_WITH_WEAK_PULLUP ;        ;              ;                     ; Column I/O   ;                 ; no       ; On           ;
; AK10     ;            ; 3B             ; VCCIO3B                         ; power  ;              ; 3.3V                ; --           ;                 ; --       ; --           ;
; AK11     ; 117        ; 3B             ; RESERVED_INPUT_WITH_WEAK_PULLUP ;        ;              ;                     ; Column I/O   ;                 ; no       ; On           ;
; AK12     ; 123        ; 3B             ; RESERVED_INPUT_WITH_WEAK_PULLUP ;        ;              ;                     ; Column I/O   ;                 ; no       ; On           ;
; AK13     ; 121        ; 3B             ; RESERVED_INPUT_WITH_WEAK_PULLUP ;        ;              ;                     ; Column I/O   ;                 ; no       ; On           ;
; AK14     ; 129        ; 3B             ; RESERVED_INPUT_WITH_WEAK_PULLUP ;        ;              ;                     ; Column I/O   ;                 ; no       ; On           ;
; AK15     ;            ;                ; GND                             ; gnd    ;              ;                     ; --           ;                 ; --       ; --           ;
; AK16     ; 140        ; 4A             ; RESERVED_INPUT_WITH_WEAK_PULLUP ;        ;              ;                     ; Column I/O   ;                 ; no       ; On           ;
; AK17     ;            ; 4A             ; VREFB4AN0                       ; power  ;              ;                     ; --           ;                 ; --       ; --           ;
; AK18     ; 149        ; 4A             ; RESERVED_INPUT_WITH_WEAK_PULLUP ;        ;              ;                     ; Column I/O   ;                 ; no       ; On           ;
; AK19     ; 153        ; 4A             ; RESERVED_INPUT_WITH_WEAK_PULLUP ;        ;              ;                     ; Column I/O   ;                 ; no       ; On           ;
; AK20     ;            ; 4A             ; VCCIO4A                         ; power  ;              ; 3.3V                ; --           ;                 ; --       ; --           ;
; AK21     ; 171        ; 4A             ; RESERVED_INPUT_WITH_WEAK_PULLUP ;        ;              ;                     ; Column I/O   ;                 ; no       ; On           ;
; AK22     ; 169        ; 4A             ; CAMERA_I2C_SCL                  ; bidir  ; 3.3-V LVTTL  ;                     ; Column I/O   ; Y               ; no       ; Off          ;
; AK23     ; 179        ; 4A             ; MIPI_RESET_n                    ; output ; 3.3-V LVTTL  ;                     ; Column I/O   ; Y               ; no       ; Off          ;
; AK24     ; 177        ; 4A             ; MIPI_PIXEL_HS                   ; input  ; 3.3-V LVTTL  ;                     ; Column I/O   ; Y               ; no       ; Off          ;
; AK25     ;            ;                ; GND                             ; gnd    ;              ;                     ; --           ;                 ; --       ; --           ;
; AK26     ; 185        ; 4A             ; MIPI_REFCLK                     ; output ; 3.3-V LVTTL  ;                     ; Column I/O   ; Y               ; no       ; Off          ;
; AK27     ; 193        ; 4A             ; RESERVED_INPUT_WITH_WEAK_PULLUP ;        ;              ;                     ; Column I/O   ;                 ; no       ; On           ;
; AK28     ; 198        ; 4A             ; RESERVED_INPUT_WITH_WEAK_PULLUP ;        ;              ;                     ; Column I/O   ;                 ; no       ; On           ;
; AK29     ; 196        ; 4A             ; RESERVED_INPUT_WITH_WEAK_PULLUP ;        ;              ;                     ; Column I/O   ;                 ; no       ; On           ;
; B1       ; 509        ; 8A             ; RESERVED_INPUT_WITH_WEAK_PULLUP ;        ;              ;                     ; Column I/O   ;                 ; no       ; On           ;
; B2       ; 507        ; 8A             ; RESERVED_INPUT_WITH_WEAK_PULLUP ;        ;              ;                     ; Column I/O   ;                 ; no       ; On           ;
; B3       ; 513        ; 8A             ; RESERVED_INPUT_WITH_WEAK_PULLUP ;        ;              ;                     ; Column I/O   ;                 ; no       ; On           ;
; B4       ;            ; 8A             ; VCCIO8A                         ; power  ;              ; 3.3V                ; --           ;                 ; --       ; --           ;
; B5       ; 512        ; 8A             ; RESERVED_INPUT_WITH_WEAK_PULLUP ;        ;              ;                     ; Column I/O   ;                 ; no       ; On           ;
; B6       ; 510        ; 8A             ; RESERVED_INPUT_WITH_WEAK_PULLUP ;        ;              ;                     ; Column I/O   ;                 ; no       ; On           ;
; B7       ; 477        ; 8A             ; RESERVED_INPUT_WITH_WEAK_PULLUP ;        ;              ;                     ; Column I/O   ;                 ; no       ; On           ;
; B8       ; 481        ; 8A             ; RESERVED_INPUT_WITH_WEAK_PULLUP ;        ;              ;                     ; Column I/O   ;                 ; no       ; On           ;
; B9       ;            ;                ; GND                             ; gnd    ;              ;                     ; --           ;                 ; --       ; --           ;
; B10      ;            ; 8A             ; VREFB8AN0                       ; power  ;              ;                     ; --           ;                 ; --       ; --           ;
; B11      ; 469        ; 8A             ; VGA_HS                          ; output ; 3.3-V LVTTL  ;                     ; Column I/O   ; Y               ; no       ; Off          ;
; B12      ; 464        ; 8A             ; VGA_R[3]                        ; output ; 3.3-V LVTTL  ;                     ; Column I/O   ; Y               ; no       ; Off          ;
; B13      ; 459        ; 8A             ; VGA_B[0]                        ; output ; 3.3-V LVTTL  ;                     ; Column I/O   ; Y               ; no       ; Off          ;
; B14      ;            ;                ; GND                             ; gnd    ;              ;                     ; --           ;                 ; --       ; --           ;
; B15      ; 451        ; 7D             ; RESERVED_INPUT_WITH_WEAK_PULLUP ;        ;              ;                     ; Column I/O   ;                 ; no       ; On           ;
; B16      ; 441        ; 7C             ; RESERVED_INPUT_WITH_WEAK_PULLUP ;        ;              ;                     ; Column I/O   ;                 ; no       ; On           ;
; B17      ; 431        ; 7C             ; RESERVED_INPUT_WITH_WEAK_PULLUP ;        ;              ;                     ; Column I/O   ;                 ; no       ; On           ;
; B18      ; 418        ; 7B             ; RESERVED_INPUT_WITH_WEAK_PULLUP ;        ;              ;                     ; Column I/O   ;                 ; no       ; On           ;
; B19      ;            ;                ; GND                             ; gnd    ;              ;                     ; --           ;                 ; --       ; --           ;
; B20      ; 417        ; 7B             ; RESERVED_INPUT_WITH_WEAK_PULLUP ;        ;              ;                     ; Column I/O   ;                 ; no       ; On           ;
; B21      ; 413        ; 7B             ; RESERVED_INPUT_WITH_WEAK_PULLUP ;        ;              ;                     ; Column I/O   ;                 ; no       ; On           ;
; B22      ; 399        ; 7A             ; RESERVED_INPUT_WITH_WEAK_PULLUP ;        ;              ;                     ; Column I/O   ;                 ; no       ; On           ;
; B23      ; 397        ; 7A             ; RESERVED_INPUT_WITH_WEAK_PULLUP ;        ;              ;                     ; Column I/O   ;                 ; no       ; On           ;
; B24      ;            ;                ; GND                             ; gnd    ;              ;                     ; --           ;                 ; --       ; --           ;
; B25      ; 387        ; 7A             ; RESERVED_INPUT_WITH_WEAK_PULLUP ;        ;              ;                     ; Column I/O   ;                 ; no       ; On           ;
; B26      ; 386        ; 7A             ; RESERVED_INPUT_WITH_WEAK_PULLUP ;        ;              ;                     ; Column I/O   ;                 ; no       ; On           ;
; B27      ; 381        ; 7A             ; ^HPS_TDI                        ;        ;              ;                     ; --           ;                 ; --       ; --           ;
; B28      ; 376        ; 7A             ; ^HPS_TDO                        ;        ;              ;                     ; --           ;                 ; --       ; --           ;
; B29      ;            ;                ; GND                             ; gnd    ;              ;                     ; --           ;                 ; --       ; --           ;
; B30      ; 365        ; 6A             ; RESERVED_INPUT_WITH_WEAK_PULLUP ;        ;              ;                     ; Row I/O      ;                 ; no       ; On           ;
; C1       ;            ;                ; GND                             ; gnd    ;              ;                     ; --           ;                 ; --       ; --           ;
; C2       ; 517        ; 8A             ; RESERVED_INPUT_WITH_WEAK_PULLUP ;        ;              ;                     ; Column I/O   ;                 ; no       ; On           ;
; C3       ; 511        ; 8A             ; RESERVED_INPUT_WITH_WEAK_PULLUP ;        ;              ;                     ; Column I/O   ;                 ; no       ; On           ;
; C4       ; 501        ; 8A             ; RESERVED_INPUT_WITH_WEAK_PULLUP ;        ;              ;                     ; Column I/O   ;                 ; no       ; On           ;
; C5       ; 497        ; 8A             ; RESERVED_INPUT_WITH_WEAK_PULLUP ;        ;              ;                     ; Column I/O   ;                 ; no       ; On           ;
; C6       ;            ;                ; GND                             ; gnd    ;              ;                     ; --           ;                 ; --       ; --           ;
; C7       ; 475        ; 8A             ; RESERVED_INPUT_WITH_WEAK_PULLUP ;        ;              ;                     ; Column I/O   ;                 ; no       ; On           ;
; C8       ; 479        ; 8A             ; RESERVED_INPUT_WITH_WEAK_PULLUP ;        ;              ;                     ; Column I/O   ;                 ; no       ; On           ;
; C9       ; 485        ; 8A             ; RESERVED_INPUT_WITH_WEAK_PULLUP ;        ;              ;                     ; Column I/O   ;                 ; no       ; On           ;
; C10      ; 483        ; 8A             ; VGA_SYNC_N                      ; output ; 3.3-V LVTTL  ;                     ; Column I/O   ; Y               ; no       ; Off          ;
; C11      ;            ; 8A             ; VCCIO8A                         ; power  ;              ; 3.3V                ; --           ;                 ; --       ; --           ;
; C12      ; 467        ; 8A             ; VGA_R[4]                        ; output ; 3.3-V LVTTL  ;                     ; Column I/O   ; Y               ; no       ; Off          ;
; C13      ; 462        ; 8A             ; VGA_R[1]                        ; output ; 3.3-V LVTTL  ;                     ; Column I/O   ; Y               ; no       ; Off          ;
; C14      ; 448        ; 7D             ; RESERVED_INPUT_WITH_WEAK_PULLUP ;        ;              ;                     ; Column I/O   ;                 ; no       ; On           ;
; C15      ; 453        ; 7D             ; RESERVED_INPUT_WITH_WEAK_PULLUP ;        ;              ;                     ; Column I/O   ;                 ; no       ; On           ;
; C16      ;            ;                ; GND                             ; gnd    ;              ;                     ; --           ;                 ; --       ; --           ;
; C17      ; 433        ; 7C             ; RESERVED_INPUT_WITH_WEAK_PULLUP ;        ;              ;                     ; Column I/O   ;                 ; no       ; On           ;
; C18      ; 435        ; 7C             ; RESERVED_INPUT_WITH_WEAK_PULLUP ;        ;              ;                     ; Column I/O   ;                 ; no       ; On           ;
; C19      ; 427        ; 7B             ; RESERVED_INPUT_WITH_WEAK_PULLUP ;        ;              ;                     ; Column I/O   ;                 ; no       ; On           ;
; C20      ; 421        ; 7B             ; RESERVED_INPUT_WITH_WEAK_PULLUP ;        ;              ;                     ; Column I/O   ;                 ; no       ; On           ;
; C21      ;            ;                ; GND                             ; gnd    ;              ;                     ; --           ;                 ; --       ; --           ;
; C22      ; 396        ; 7A             ; RESERVED_INPUT_WITH_WEAK_PULLUP ;        ;              ;                     ; Column I/O   ;                 ; no       ; On           ;
; C23      ; 401        ; 7A             ; RESERVED_INPUT_WITH_WEAK_PULLUP ;        ;              ;                     ; Column I/O   ;                 ; no       ; On           ;
; C24      ; 393        ; 7A             ; RESERVED_INPUT_WITH_WEAK_PULLUP ;        ;              ;                     ; Column I/O   ;                 ; no       ; On           ;
; C25      ; 388        ; 7A             ; RESERVED_INPUT_WITH_WEAK_PULLUP ;        ;              ;                     ; Column I/O   ;                 ; no       ; On           ;
; C26      ;            ;                ; GND                             ; gnd    ;              ;                     ; --           ;                 ; --       ; --           ;
; C27      ; 374        ; 7A             ; ^HPS_nRST                       ;        ;              ;                     ; --           ;                 ; --       ; --           ;
; C28      ; 369        ; 6A             ; RESERVED_INPUT_WITH_WEAK_PULLUP ;        ;              ;                     ; Row I/O      ;                 ; no       ; On           ;
; C29      ; 367        ; 6A             ; RESERVED_INPUT_WITH_WEAK_PULLUP ;        ;              ;                     ; Row I/O      ;                 ; no       ; On           ;
; C30      ; 363        ; 6A             ; RESERVED_INPUT_WITH_WEAK_PULLUP ;        ;              ;                     ; Row I/O      ;                 ; no       ; On           ;
; D1       ; 529        ; 8A             ; RESERVED_INPUT_WITH_WEAK_PULLUP ;        ;              ;                     ; Column I/O   ;                 ; no       ; On           ;
; D2       ; 515        ; 8A             ; RESERVED_INPUT_WITH_WEAK_PULLUP ;        ;              ;                     ; Column I/O   ;                 ; no       ; On           ;
; D3       ;            ;                ; GND                             ; gnd    ;              ;                     ; --           ;                 ; --       ; --           ;
; D4       ; 521        ; 8A             ; RESERVED_INPUT_WITH_WEAK_PULLUP ;        ;              ;                     ; Column I/O   ;                 ; no       ; On           ;
; D5       ; 499        ; 8A             ; RESERVED_INPUT_WITH_WEAK_PULLUP ;        ;              ;                     ; Column I/O   ;                 ; no       ; On           ;
; D6       ; 495        ; 8A             ; RESERVED_INPUT_WITH_WEAK_PULLUP ;        ;              ;                     ; Column I/O   ;                 ; no       ; On           ;
; D7       ; 505        ; 8A             ; RESERVED_INPUT_WITH_WEAK_PULLUP ;        ;              ;                     ; Column I/O   ;                 ; no       ; On           ;
; D8       ;            ; 8A             ; VCCIO8A                         ; power  ;              ; 3.3V                ; --           ;                 ; --       ; --           ;
; D9       ; 480        ; 8A             ; RESERVED_INPUT_WITH_WEAK_PULLUP ;        ;              ;                     ; Column I/O   ;                 ; no       ; On           ;
; D10      ; 472        ; 8A             ; RESERVED_INPUT_WITH_WEAK_PULLUP ;        ;              ;                     ; Column I/O   ;                 ; no       ; On           ;
; D11      ; 470        ; 8A             ; VGA_VS                          ; output ; 3.3-V LVTTL  ;                     ; Column I/O   ; Y               ; no       ; Off          ;
; D12      ; 496        ; 8A             ; VGA_R[5]                        ; output ; 3.3-V LVTTL  ;                     ; Column I/O   ; Y               ; no       ; Off          ;
; D13      ;            ;                ; GND                             ; gnd    ;              ;                     ; --           ;                 ; --       ; --           ;
; D14      ; 446        ; 7D             ; RESERVED_INPUT_WITH_WEAK_PULLUP ;        ;              ;                     ; Column I/O   ;                 ; no       ; On           ;
; D15      ; 449        ; 7D             ; RESERVED_INPUT_WITH_WEAK_PULLUP ;        ;              ;                     ; Column I/O   ;                 ; no       ; On           ;
; D16      ; 445        ; 7D             ; RESERVED_INPUT_WITH_WEAK_PULLUP ;        ;              ;                     ; Column I/O   ;                 ; no       ; On           ;
; D17      ; 440        ; 7C             ; RESERVED_INPUT_WITH_WEAK_PULLUP ;        ;              ;                     ; Column I/O   ;                 ; no       ; On           ;
; D18      ;            ; 7C             ; VCCIO7C_HPS                     ; power  ;              ; 2.5V                ; --           ;                 ; --       ; --           ;
; D19      ; 426        ; 7B             ; RESERVED_INPUT_WITH_WEAK_PULLUP ;        ;              ;                     ; Column I/O   ;                 ; no       ; On           ;
; D20      ; 420        ; 7B             ; RESERVED_INPUT_WITH_WEAK_PULLUP ;        ;              ;                     ; Column I/O   ;                 ; no       ; On           ;
; D21      ; 419        ; 7B             ; RESERVED_INPUT_WITH_WEAK_PULLUP ;        ;              ;                     ; Column I/O   ;                 ; no       ; On           ;
; D22      ; 402        ; 7A             ; RESERVED_INPUT_WITH_WEAK_PULLUP ;        ;              ;                     ; Column I/O   ;                 ; no       ; On           ;
; D23      ;            ;                ; GND                             ; gnd    ;              ;                     ; --           ;                 ; --       ; --           ;
; D24      ; 404        ; 7A             ; RESERVED_INPUT_WITH_WEAK_PULLUP ;        ;              ;                     ; Column I/O   ;                 ; no       ; On           ;
; D25      ; 384        ; 7A             ; ^HPS_CLK1                       ;        ;              ;                     ; --           ;                 ; --       ; --           ;
; D26      ; 373        ; 7A             ; ^GND                            ;        ;              ;                     ; --           ;                 ; --       ; --           ;
; D27      ; 371        ; 6A             ; HPS_RZQ_0                       ;        ;              ;                     ; --           ;                 ; no       ; On           ;
; D28      ;            ; 6A             ; VCCIO6A_HPS                     ; power  ;              ; 2.5V                ; --           ;                 ; --       ; --           ;
; D29      ; 361        ; 6A             ; RESERVED_INPUT_WITH_WEAK_PULLUP ;        ;              ;                     ; Row I/O      ;                 ; no       ; On           ;
; D30      ; 359        ; 6A             ; RESERVED_INPUT_WITH_WEAK_PULLUP ;        ;              ;                     ; Row I/O      ;                 ; no       ; On           ;
; E1       ; 527        ; 8A             ; RESERVED_INPUT_WITH_WEAK_PULLUP ;        ;              ;                     ; Column I/O   ;                 ; no       ; On           ;
; E2       ; 525        ; 8A             ; RESERVED_INPUT_WITH_WEAK_PULLUP ;        ;              ;                     ; Column I/O   ;                 ; no       ; On           ;
; E3       ; 523        ; 8A             ; RESERVED_INPUT_WITH_WEAK_PULLUP ;        ;              ;                     ; Column I/O   ;                 ; no       ; On           ;
; E4       ; 519        ; 8A             ; RESERVED_INPUT_WITH_WEAK_PULLUP ;        ;              ;                     ; Column I/O   ;                 ; no       ; On           ;
; E5       ;            ; 8A             ; VCCIO8A                         ; power  ;              ; 3.3V                ; --           ;                 ; --       ; --           ;
; E6       ; 533        ; 8A             ; RESERVED_INPUT_WITH_WEAK_PULLUP ;        ;              ;                     ; Column I/O   ;                 ; no       ; On           ;
; E7       ; 531        ; 8A             ; RESERVED_INPUT_WITH_WEAK_PULLUP ;        ;              ;                     ; Column I/O   ;                 ; no       ; On           ;
; E8       ; 503        ; 8A             ; RESERVED_INPUT_WITH_WEAK_PULLUP ;        ;              ;                     ; Column I/O   ;                 ; no       ; On           ;
; E9       ; 478        ; 8A             ; RESERVED_INPUT_WITH_WEAK_PULLUP ;        ;              ;                     ; Column I/O   ;                 ; no       ; On           ;
; E10      ;            ;                ; GND                             ; gnd    ;              ;                     ; --           ;                 ; --       ; --           ;
; E11      ; 504        ; 8A             ; VGA_G[7]                        ; output ; 3.3-V LVTTL  ;                     ; Column I/O   ; Y               ; no       ; Off          ;
; E12      ; 494        ; 8A             ; VGA_R[6]                        ; output ; 3.3-V LVTTL  ;                     ; Column I/O   ; Y               ; no       ; Off          ;
; E13      ; 488        ; 8A             ; VGA_R[2]                        ; output ; 3.3-V LVTTL  ;                     ; Column I/O   ; Y               ; no       ; Off          ;
; E14      ; 454        ; 7D             ; RESERVED_INPUT_WITH_WEAK_PULLUP ;        ;              ;                     ; Column I/O   ;                 ; no       ; On           ;
; E15      ;            ; 7D             ; VCCIO7D_HPS                     ; power  ;              ; 2.5V                ; --           ;                 ; --       ; --           ;
; E16      ; 443        ; 7D             ; RESERVED_INPUT_WITH_WEAK_PULLUP ;        ;              ;                     ; Column I/O   ;                 ; no       ; On           ;
; E17      ; 438        ; 7C             ; RESERVED_INPUT_WITH_WEAK_PULLUP ;        ;              ;                     ; Column I/O   ;                 ; no       ; On           ;
; E18      ; 437        ; 7C             ; RESERVED_INPUT_WITH_WEAK_PULLUP ;        ;              ;                     ; Column I/O   ;                 ; no       ; On           ;
; E19      ; 424        ; 7B             ; RESERVED_INPUT_WITH_WEAK_PULLUP ;        ;              ;                     ; Column I/O   ;                 ; no       ; On           ;
; E20      ;            ; 7B             ; VCCIO7B_HPS                     ; power  ;              ; 2.5V                ; --           ;                 ; --       ; --           ;
; E21      ; 412        ; 7B             ; RESERVED_INPUT_WITH_WEAK_PULLUP ;        ;              ;                     ; Column I/O   ;                 ; no       ; On           ;
; E22      ;            ; 7A, 7B, 7C, 7D ; VREFB7A7B7C7DN0_HPS             ; power  ;              ;                     ; --           ;                 ; --       ; --           ;
; E23      ; 394        ; 7A             ; RESERVED_INPUT_WITH_WEAK_PULLUP ;        ;              ;                     ; Column I/O   ;                 ; no       ; On           ;
; E24      ; 403        ; 7A             ; RESERVED_INPUT_WITH_WEAK_PULLUP ;        ;              ;                     ; Column I/O   ;                 ; no       ; On           ;
; E25      ;            ;                ; GND                             ; gnd    ;              ;                     ; --           ;                 ; --       ; --           ;
; E26      ;            ;                ; DNU                             ;        ;              ;                     ; --           ;                 ; --       ; --           ;
; E27      ; 357        ; 6A             ; RESERVED_INPUT_WITH_WEAK_PULLUP ;        ;              ;                     ; Row I/O      ;                 ; no       ; On           ;
; E28      ; 351        ; 6A             ; RESERVED_INPUT_WITH_WEAK_PULLUP ;        ;              ;                     ; Row I/O      ;                 ; no       ; On           ;
; E29      ; 353        ; 6A             ; RESERVED_INPUT_WITH_WEAK_PULLUP ;        ;              ;                     ; Row I/O      ;                 ; no       ; On           ;
; E30      ;            ;                ; GND                             ; gnd    ;              ;                     ; --           ;                 ; --       ; --           ;
; F1       ;            ;                ; DNU                             ;        ;              ;                     ; --           ;                 ; --       ; --           ;
; F2       ;            ;                ; GND                             ; gnd    ;              ;                     ; --           ;                 ; --       ; --           ;
; F3       ; 539        ; 9A             ; ^CONF_DONE                      ;        ;              ;                     ; --           ;                 ; --       ; --           ;
; F4       ; 541        ; 9A             ; ^nSTATUS                        ;        ;              ;                     ; --           ;                 ; --       ; --           ;
; F5       ;            ;                ; GND                             ; gnd    ;              ;                     ; --           ;                 ; --       ; --           ;
; F6       ; 537        ; 8A             ; RESERVED_INPUT_WITH_WEAK_PULLUP ;        ;              ;                     ; Column I/O   ;                 ; no       ; On           ;
; F7       ;            ;                ; GND                             ; gnd    ;              ;                     ; --           ;                 ; --       ; --           ;
; F8       ; 536        ; 8A             ; RESERVED_INPUT_WITH_WEAK_PULLUP ;        ;              ;                     ; Column I/O   ;                 ; no       ; On           ;
; F9       ; 534        ; 8A             ; RESERVED_INPUT_WITH_WEAK_PULLUP ;        ;              ;                     ; Column I/O   ;                 ; no       ; On           ;
; F10      ; 528        ; 8A             ; VGA_BLANK_N                     ; output ; 3.3-V LVTTL  ;                     ; Column I/O   ; Y               ; no       ; Off          ;
; F11      ; 502        ; 8A             ; VGA_G[6]                        ; output ; 3.3-V LVTTL  ;                     ; Column I/O   ; Y               ; no       ; Off          ;
; F12      ;            ; 8A             ; VCCIO8A                         ; power  ;              ; 3.3V                ; --           ;                 ; --       ; --           ;
; F13      ; 486        ; 8A             ; VGA_R[7]                        ; output ; 3.3-V LVTTL  ;                     ; Column I/O   ; Y               ; no       ; Off          ;
; F14      ; 468        ; 8A             ; VGA_B[3]                        ; output ; 3.3-V LVTTL  ;                     ; Column I/O   ; Y               ; no       ; Off          ;
; F15      ; 466        ; 8A             ; VGA_B[5]                        ; output ; 3.3-V LVTTL  ;                     ; Column I/O   ; Y               ; no       ; Off          ;
; F16      ; 442        ; 7D             ; RESERVED_INPUT_WITH_WEAK_PULLUP ;        ;              ;                     ; Column I/O   ;                 ; no       ; On           ;
; F17      ;            ;                ; GND                             ; gnd    ;              ;                     ; --           ;                 ; --       ; --           ;
; F18      ; 430        ; 7C             ; RESERVED_INPUT_WITH_WEAK_PULLUP ;        ;              ;                     ; Column I/O   ;                 ; no       ; On           ;
; F19      ; 410        ; 7B             ; RESERVED_INPUT_WITH_WEAK_PULLUP ;        ;              ;                     ; Column I/O   ;                 ; no       ; On           ;
; F20      ; 407        ; 7B             ; RESERVED_INPUT_WITH_WEAK_PULLUP ;        ;              ;                     ; Column I/O   ;                 ; no       ; On           ;
; F21      ; 409        ; 7B             ; RESERVED_INPUT_WITH_WEAK_PULLUP ;        ;              ;                     ; Column I/O   ;                 ; no       ; On           ;
; F22      ;            ; 7A             ; VCCIO7A_HPS                     ; power  ;              ; 2.5V                ; --           ;                 ; --       ; --           ;
; F23      ; 375        ; 7A             ; ^HPS_nPOR                       ;        ;              ;                     ; --           ;                 ; --       ; --           ;
; F24      ; 383        ; 7A             ; ^HPS_PORSEL                     ;        ;              ;                     ; --           ;                 ; --       ; --           ;
; F25      ; 385        ; 7A             ; ^HPS_CLK2                       ;        ;              ;                     ; --           ;                 ; --       ; --           ;
; F26      ; 341        ; 6A             ; RESERVED_INPUT_WITH_WEAK_PULLUP ;        ;              ;                     ; Row I/O      ;                 ; no       ; On           ;
; F27      ;            ;                ; GND                             ; gnd    ;              ;                     ; --           ;                 ; --       ; --           ;
; F28      ; 345        ; 6A             ; RESERVED_INPUT_WITH_WEAK_PULLUP ;        ;              ;                     ; Row I/O      ;                 ; no       ; On           ;
; F29      ; 349        ; 6A             ; RESERVED_INPUT_WITH_WEAK_PULLUP ;        ;              ;                     ; Row I/O      ;                 ; no       ; On           ;
; F30      ; 347        ; 6A             ; RESERVED_INPUT_WITH_WEAK_PULLUP ;        ;              ;                     ; Row I/O      ;                 ; no       ; On           ;
; G1       ;            ;                ; RREF                            ;        ;              ;                     ; --           ;                 ; --       ; --           ;
; G2       ;            ;                ; DNU                             ;        ;              ;                     ; --           ;                 ; --       ; --           ;
; G3       ;            ;                ; GND                             ; gnd    ;              ;                     ; --           ;                 ; --       ; --           ;
; G4       ;            ;                ; GND                             ; gnd    ;              ;                     ; --           ;                 ; --       ; --           ;
; G5       ; 542        ; 9A             ; ^nCE                            ;        ;              ;                     ; --           ;                 ; --       ; --           ;
; G6       ; 543        ; 9A             ; ^MSEL2                          ;        ;              ;                     ; --           ;                 ; --       ; --           ;
; G7       ; 535        ; 8A             ; RESERVED_INPUT_WITH_WEAK_PULLUP ;        ;              ;                     ; Column I/O   ;                 ; no       ; On           ;
; G8       ; 492        ; 8A             ; RESERVED_INPUT_WITH_WEAK_PULLUP ;        ;              ;                     ; Column I/O   ;                 ; no       ; On           ;
; G9       ;            ; 8A             ; VCCIO8A                         ; power  ;              ; 3.3V                ; --           ;                 ; --       ; --           ;
; G10      ; 526        ; 8A             ; VGA_G[3]                        ; output ; 3.3-V LVTTL  ;                     ; Column I/O   ; Y               ; no       ; Off          ;
; G11      ; 520        ; 8A             ; VGA_G[4]                        ; output ; 3.3-V LVTTL  ;                     ; Column I/O   ; Y               ; no       ; Off          ;
; G12      ; 518        ; 8A             ; VGA_G[5]                        ; output ; 3.3-V LVTTL  ;                     ; Column I/O   ; Y               ; no       ; Off          ;
; G13      ; 484        ; 8A             ; VGA_B[1]                        ; output ; 3.3-V LVTTL  ;                     ; Column I/O   ; Y               ; no       ; Off          ;
; G14      ;            ; 8A             ; VCCIO8A                         ; power  ;              ; 3.3V                ; --           ;                 ; --       ; --           ;
; G15      ; 460        ; 8A             ; VGA_B[6]                        ; output ; 3.3-V LVTTL  ;                     ; Column I/O   ; Y               ; no       ; Off          ;
; G16      ; 444        ; 7D             ; RESERVED_INPUT_WITH_WEAK_PULLUP ;        ;              ;                     ; Column I/O   ;                 ; no       ; On           ;
; G17      ; 436        ; 7C             ; RESERVED_INPUT_WITH_WEAK_PULLUP ;        ;              ;                     ; Column I/O   ;                 ; no       ; On           ;
; G18      ; 432        ; 7C             ; RESERVED_INPUT_WITH_WEAK_PULLUP ;        ;              ;                     ; Column I/O   ;                 ; no       ; On           ;
; G19      ;            ; 7B             ; VCCIO7B_HPS                     ; power  ;              ; 2.5V                ; --           ;                 ; --       ; --           ;
; G20      ; 416        ; 7B             ; RESERVED_INPUT_WITH_WEAK_PULLUP ;        ;              ;                     ; Column I/O   ;                 ; no       ; On           ;
; G21      ; 392        ; 7A             ; RESERVED_INPUT_WITH_WEAK_PULLUP ;        ;              ;                     ; Column I/O   ;                 ; no       ; On           ;
; G22      ; 400        ; 7A             ; RESERVED_INPUT_WITH_WEAK_PULLUP ;        ;              ;                     ; Column I/O   ;                 ; no       ; On           ;
; G23      ; 377        ; 7A             ; ^VCCRSTCLK_HPS                  ;        ;              ;                     ; --           ;                 ; --       ; --           ;
; G24      ;            ;                ; GND                             ; gnd    ;              ;                     ; --           ;                 ; --       ; --           ;
; G25      ; 370        ; 6A             ; RESERVED_INPUT_WITH_WEAK_PULLUP ;        ;              ;                     ; Row I/O      ;                 ; no       ; On           ;
; G26      ; 362        ; 6A             ; RESERVED_INPUT_WITH_WEAK_PULLUP ;        ;              ;                     ; Row I/O      ;                 ; no       ; On           ;
; G27      ; 339        ; 6A             ; RESERVED_INPUT_WITH_WEAK_PULLUP ;        ;              ;                     ; Row I/O      ;                 ; --       ; --           ;
; G28      ; 335        ; 6A             ; RESERVED_INPUT_WITH_WEAK_PULLUP ;        ;              ;                     ; Row I/O      ;                 ; no       ; On           ;
; G29      ;            ; 6A             ; VCCIO6A_HPS                     ; power  ;              ; 2.5V                ; --           ;                 ; --       ; --           ;
; G30      ; 343        ; 6A             ; RESERVED_INPUT_WITH_WEAK_PULLUP ;        ;              ;                     ; Row I/O      ;                 ; no       ; On           ;
; H1       ;            ;                ; GND                             ; gnd    ;              ;                     ; --           ;                 ; --       ; --           ;
; H2       ;            ;                ; GND                             ; gnd    ;              ;                     ; --           ;                 ; --       ; --           ;
; H3       ;            ;                ; DNU                             ;        ;              ;                     ; --           ;                 ; --       ; --           ;
; H4       ;            ;                ; DNU                             ;        ;              ;                     ; --           ;                 ; --       ; --           ;
; H5       ;            ;                ; GND                             ; gnd    ;              ;                     ; --           ;                 ; --       ; --           ;
; H6       ;            ; 8A             ; VCCIO8A                         ; power  ;              ; 3.3V                ; --           ;                 ; --       ; --           ;
; H7       ; 508        ; 8A             ; RESERVED_INPUT_WITH_WEAK_PULLUP ;        ;              ;                     ; Column I/O   ;                 ; no       ; On           ;
; H8       ; 490        ; 8A             ; RESERVED_INPUT_WITH_WEAK_PULLUP ;        ;              ;                     ; Column I/O   ;                 ; no       ; On           ;
; H9       ;            ; --             ; VCCBAT                          ; power  ;              ; 1.2V                ; --           ;                 ; --       ; --           ;
; H10      ;            ; --             ; VCC_AUX                         ; power  ;              ; 2.5V                ; --           ;                 ; --       ; --           ;
; H11      ;            ;                ; GND                             ; gnd    ;              ;                     ; --           ;                 ; --       ; --           ;
; H12      ; 500        ; 8A             ; VGA_G[2]                        ; output ; 3.3-V LVTTL  ;                     ; Column I/O   ; Y               ; no       ; Off          ;
; H13      ; 498        ; 8A             ; VGA_B[2]                        ; output ; 3.3-V LVTTL  ;                     ; Column I/O   ; Y               ; no       ; Off          ;
; H14      ; 482        ; 8A             ; VGA_B[4]                        ; output ; 3.3-V LVTTL  ;                     ; Column I/O   ; Y               ; no       ; Off          ;
; H15      ; 458        ; 8A             ; RESERVED_INPUT_WITH_WEAK_PULLUP ;        ;              ;                     ; Column I/O   ;                 ; no       ; On           ;
; H16      ;            ; 7D             ; VCCIO7D_HPS                     ; power  ;              ; 2.5V                ; --           ;                 ; --       ; --           ;
; H17      ; 434        ; 7C             ; RESERVED_INPUT_WITH_WEAK_PULLUP ;        ;              ;                     ; Column I/O   ;                 ; no       ; On           ;
; H18      ; 422        ; 7B             ; RESERVED_INPUT_WITH_WEAK_PULLUP ;        ;              ;                     ; Column I/O   ;                 ; no       ; On           ;
; H19      ; 406        ; 7B             ; RESERVED_INPUT_WITH_WEAK_PULLUP ;        ;              ;                     ; Column I/O   ;                 ; no       ; On           ;
; H20      ; 398        ; 7A             ; RESERVED_INPUT_WITH_WEAK_PULLUP ;        ;              ;                     ; Column I/O   ;                 ; no       ; On           ;
; H21      ;            ; 7A             ; VCCIO7A_HPS                     ; power  ;              ; 2.5V                ; --           ;                 ; --       ; --           ;
; H22      ; 379        ; 7A             ; ^HPS_TCK                        ;        ;              ;                     ; --           ;                 ; --       ; --           ;
; H23      ; 390        ; 7A             ; RESERVED_INPUT_WITH_WEAK_PULLUP ;        ;              ;                     ; Column I/O   ;                 ; no       ; On           ;
; H24      ; 364        ; 6A             ; RESERVED_INPUT_WITH_WEAK_PULLUP ;        ;              ;                     ; Row I/O      ;                 ; no       ; On           ;
; H25      ; 368        ; 6A             ; RESERVED_INPUT_WITH_WEAK_PULLUP ;        ;              ;                     ; Row I/O      ;                 ; no       ; On           ;
; H26      ;            ; 6A             ; VCCIO6A_HPS                     ; power  ;              ; 2.5V                ; --           ;                 ; --       ; --           ;
; H27      ; 360        ; 6A             ; RESERVED_INPUT_WITH_WEAK_PULLUP ;        ;              ;                     ; Row I/O      ;                 ; no       ; On           ;
; H28      ; 333        ; 6A             ; RESERVED_INPUT_WITH_WEAK_PULLUP ;        ;              ;                     ; Row I/O      ;                 ; no       ; On           ;
; H29      ; 331        ; 6A             ; RESERVED_INPUT_WITH_WEAK_PULLUP ;        ;              ;                     ; Row I/O      ;                 ; no       ; On           ;
; H30      ; 337        ; 6A             ; RESERVED_INPUT_WITH_WEAK_PULLUP ;        ;              ;                     ; Row I/O      ;                 ; no       ; On           ;
; J1       ;            ;                ; GND                             ; gnd    ;              ;                     ; --           ;                 ; --       ; --           ;
; J2       ;            ;                ; GND                             ; gnd    ;              ;                     ; --           ;                 ; --       ; --           ;
; J3       ;            ;                ; GND                             ; gnd    ;              ;                     ; --           ;                 ; --       ; --           ;
; J4       ;            ;                ; GND                             ; gnd    ;              ;                     ; --           ;                 ; --       ; --           ;
; J5       ; 545        ; 9A             ; ^nCONFIG                        ;        ;              ;                     ; --           ;                 ; --       ; --           ;
; J6       ; 547        ; 9A             ; ^GND                            ;        ;              ;                     ; --           ;                 ; --       ; --           ;
; J7       ; 506        ; 8A             ; RESERVED_INPUT_WITH_WEAK_PULLUP ;        ;              ;                     ; Column I/O   ;                 ; no       ; On           ;
; J8       ;            ;                ; GND                             ; gnd    ;              ;                     ; --           ;                 ; --       ; --           ;
; J9       ; 532        ; 8A             ; VGA_G[0]                        ; output ; 3.3-V LVTTL  ;                     ; Column I/O   ; Y               ; no       ; Off          ;
; J10      ; 530        ; 8A             ; VGA_G[1]                        ; output ; 3.3-V LVTTL  ;                     ; Column I/O   ; Y               ; no       ; Off          ;
; J11      ;            ; --             ; VCCPGM                          ; power  ;              ; 1.8V/2.5V/3.0V/3.3V ; --           ;                 ; --       ; --           ;
; J12      ; 516        ; 8A             ; RESERVED_INPUT_WITH_WEAK_PULLUP ;        ;              ;                     ; Column I/O   ;                 ; no       ; On           ;
; J13      ;            ; 8A             ; VCCIO8A                         ; power  ;              ; 3.3V                ; --           ;                 ; --       ; --           ;
; J14      ; 476        ; 8A             ; VGA_B[7]                        ; output ; 3.3-V LVTTL  ;                     ; Column I/O   ; Y               ; no       ; Off          ;
; J15      ;            ;                ; DNU                             ;        ;              ;                     ; --           ;                 ; --       ; --           ;
; J16      ;            ; --             ; VCC_AUX                         ; power  ;              ; 2.5V                ; --           ;                 ; --       ; --           ;
; J17      ;            ; 7C             ; VCCPD7C_HPS                     ; power  ;              ; 2.5V                ; --           ;                 ; --       ; --           ;
; J18      ;            ;                ; GND                             ; gnd    ;              ;                     ; --           ;                 ; --       ; --           ;
; J19      ; 408        ; 7B             ; RESERVED_INPUT_WITH_WEAK_PULLUP ;        ;              ;                     ; Column I/O   ;                 ; no       ; On           ;
; J20      ;            ; --             ; VCCRSTCLK_HPS                   ; power  ;              ; 1.8V/2.5V/3.0V/3.3V ; --           ;                 ; --       ; --           ;
; J21      ;            ; --             ; VCC_AUX_SHARED                  ; power  ;              ; 2.5V                ; --           ;                 ; --       ; --           ;
; J22      ; 372        ; 7A             ; ^GND                            ;        ;              ;                     ; --           ;                 ; --       ; --           ;
; J23      ; 354        ; 6A             ; RESERVED_INPUT_WITH_WEAK_PULLUP ;        ;              ;                     ; Row I/O      ;                 ; no       ; On           ;
; J24      ; 352        ; 6A             ; RESERVED_INPUT_WITH_WEAK_PULLUP ;        ;              ;                     ; Row I/O      ;                 ; no       ; On           ;
; J25      ; 344        ; 6A             ; RESERVED_INPUT_WITH_WEAK_PULLUP ;        ;              ;                     ; Row I/O      ;                 ; no       ; On           ;
; J26      ; 323        ; 6A             ; RESERVED_INPUT_WITH_WEAK_PULLUP ;        ;              ;                     ; Row I/O      ;                 ; no       ; On           ;
; J27      ; 346        ; 6A             ; RESERVED_INPUT_WITH_WEAK_PULLUP ;        ;              ;                     ; Row I/O      ;                 ; no       ; On           ;
; J28      ;            ;                ; GND                             ; gnd    ;              ;                     ; --           ;                 ; --       ; --           ;
; J29      ; 327        ; 6A             ; RESERVED_INPUT_WITH_WEAK_PULLUP ;        ;              ;                     ; Row I/O      ;                 ; no       ; On           ;
; J30      ; 329        ; 6A             ; RESERVED_INPUT_WITH_WEAK_PULLUP ;        ;              ;                     ; Row I/O      ;                 ; no       ; On           ;
; K1       ;            ;                ; GND                             ; gnd    ;              ;                     ; --           ;                 ; --       ; --           ;
; K2       ;            ;                ; GND                             ; gnd    ;              ;                     ; --           ;                 ; --       ; --           ;
; K3       ;            ;                ; DNU                             ;        ;              ;                     ; --           ;                 ; --       ; --           ;
; K4       ;            ;                ; DNU                             ;        ;              ;                     ; --           ;                 ; --       ; --           ;
; K5       ;            ;                ; GND                             ; gnd    ;              ;                     ; --           ;                 ; --       ; --           ;
; K6       ; 540        ; 9A             ; ^MSEL1                          ;        ;              ;                     ; --           ;                 ; --       ; --           ;
; K7       ; 522        ; 8A             ; RESERVED_INPUT_WITH_WEAK_PULLUP ;        ;              ;                     ; Column I/O   ;                 ; no       ; On           ;
; K8       ; 524        ; 8A             ; RESERVED_INPUT_WITH_WEAK_PULLUP ;        ;              ;                     ; Column I/O   ;                 ; no       ; On           ;
; K9       ;            ; --             ; VCCA_FPLL                       ; power  ;              ; 2.5V                ; --           ;                 ; --       ; --           ;
; K10      ;            ;                ; GND                             ; gnd    ;              ;                     ; --           ;                 ; --       ; --           ;
; K11      ;            ; 8A             ; VCCPD8A                         ; power  ;              ; 3.3V                ; --           ;                 ; --       ; --           ;
; K12      ; 514        ; 8A             ; RESERVED_INPUT_WITH_WEAK_PULLUP ;        ;              ;                     ; Column I/O   ;                 ; no       ; On           ;
; K13      ;            ; 8A             ; VCCPD8A                         ; power  ;              ; 3.3V                ; --           ;                 ; --       ; --           ;
; K14      ; 474        ; 8A             ; CLOCK4_50                       ; input  ; 3.3-V LVTTL  ;                     ; Column I/O   ; Y               ; no       ; Off          ;
; K15      ;            ;                ; GND                             ; gnd    ;              ;                     ; --           ;                 ; --       ; --           ;
; K16      ;            ; 7D             ; VCCPD7D_HPS                     ; power  ;              ; 2.5V                ; --           ;                 ; --       ; --           ;
; K17      ; 414        ; 7B             ; RESERVED_INPUT_WITH_WEAK_PULLUP ;        ;              ;                     ; Column I/O   ;                 ; no       ; On           ;
; K18      ;            ; 7B             ; VCCPD7B_HPS                     ; power  ;              ; 2.5V                ; --           ;                 ; --       ; --           ;
; K19      ;            ; 7A             ; VCCPD7A_HPS                     ; power  ;              ; 2.5V                ; --           ;                 ; --       ; --           ;
; K20      ;            ;                ; GND                             ; gnd    ;              ;                     ; --           ;                 ; --       ; --           ;
; K21      ; 366        ; 6A             ; RESERVED_INPUT_WITH_WEAK_PULLUP ;        ;              ;                     ; Row I/O      ;                 ; no       ; On           ;
; K22      ; 336        ; 6A             ; RESERVED_INPUT_WITH_WEAK_PULLUP ;        ;              ;                     ; Row I/O      ;                 ; no       ; On           ;
; K23      ; 338        ; 6A             ; RESERVED_INPUT_WITH_WEAK_PULLUP ;        ;              ;                     ; Row I/O      ;                 ; no       ; On           ;
; K24      ;            ; 6A             ; VCCIO6A_HPS                     ; power  ;              ; 2.5V                ; --           ;                 ; --       ; --           ;
; K25      ;            ;                ; GND                             ; gnd    ;              ;                     ; --           ;                 ; --       ; --           ;
; K26      ; 322        ; 6A             ; RESERVED_INPUT_WITH_WEAK_PULLUP ;        ;              ;                     ; Row I/O      ;                 ; no       ; On           ;
; K27      ; 319        ; 6A             ; RESERVED_INPUT_WITH_WEAK_PULLUP ;        ;              ;                     ; Row I/O      ;                 ; no       ; On           ;
; K28      ; 325        ; 6A             ; RESERVED_INPUT_WITH_WEAK_PULLUP ;        ;              ;                     ; Row I/O      ;                 ; no       ; On           ;
; K29      ; 321        ; 6A             ; RESERVED_INPUT_WITH_WEAK_PULLUP ;        ;              ;                     ; Row I/O      ;                 ; no       ; On           ;
; K30      ;            ; 6A             ; VCCIO6A_HPS                     ; power  ;              ; 2.5V                ; --           ;                 ; --       ; --           ;
; L1       ;            ;                ; GND                             ; gnd    ;              ;                     ; --           ;                 ; --       ; --           ;
; L2       ;            ;                ; GND                             ; gnd    ;              ;                     ; --           ;                 ; --       ; --           ;
; L3       ;            ;                ; GND                             ; gnd    ;              ;                     ; --           ;                 ; --       ; --           ;
; L4       ;            ;                ; GND                             ; gnd    ;              ;                     ; --           ;                 ; --       ; --           ;
; L5       ;            ; --             ; VCC                             ; power  ;              ; 1.1V                ; --           ;                 ; --       ; --           ;
; L6       ;            ;                ; GND                             ; gnd    ;              ;                     ; --           ;                 ; --       ; --           ;
; L7       ; 544        ; 9A             ; ^MSEL3                          ;        ;              ;                     ; --           ;                 ; --       ; --           ;
; L8       ; 538        ; 9A             ; ^MSEL0                          ;        ;              ;                     ; --           ;                 ; --       ; --           ;
; L9       ; 546        ; 9A             ; ^MSEL4                          ;        ;              ;                     ; --           ;                 ; --       ; --           ;
; L10      ;            ; 8A             ; VCCPD8A                         ; power  ;              ; 3.3V                ; --           ;                 ; --       ; --           ;
; L11      ;            ;                ; GND                             ; gnd    ;              ;                     ; --           ;                 ; --       ; --           ;
; L12      ;            ; 8A             ; VCCPD8A                         ; power  ;              ; 3.3V                ; --           ;                 ; --       ; --           ;
; L13      ;            ;                ; GND                             ; gnd    ;              ;                     ; --           ;                 ; --       ; --           ;
; L14      ;            ; 8A             ; VCCPD8A                         ; power  ;              ; 3.3V                ; --           ;                 ; --       ; --           ;
; L15      ;            ;                ; GND                             ; gnd    ;              ;                     ; --           ;                 ; --       ; --           ;
; L16      ;            ; --             ; VCC_HPS                         ; power  ;              ; 1.1V                ; --           ;                 ; --       ; --           ;
; L17      ;            ;                ; GND                             ; gnd    ;              ;                     ; --           ;                 ; --       ; --           ;
; L18      ;            ; --             ; VCC_HPS                         ; power  ;              ; 1.1V                ; --           ;                 ; --       ; --           ;
; L19      ;            ;                ; GND                             ; gnd    ;              ;                     ; --           ;                 ; --       ; --           ;
; L20      ;            ; --             ; VCC_HPS                         ; power  ;              ; 1.1V                ; --           ;                 ; --       ; --           ;
; L21      ;            ; --             ; VCCPLL_HPS                      ; power  ;              ; 2.5V                ; --           ;                 ; --       ; --           ;
; L22      ;            ;                ; GND                             ; gnd    ;              ;                     ; --           ;                 ; --       ; --           ;
; L23      ; 350        ; 6A             ; RESERVED_INPUT_WITH_WEAK_PULLUP ;        ;              ;                     ; Row I/O      ;                 ; no       ; On           ;
; L24      ; 328        ; 6A             ; RESERVED_INPUT_WITH_WEAK_PULLUP ;        ;              ;                     ; Row I/O      ;                 ; no       ; On           ;
; L25      ; 330        ; 6A             ; RESERVED_INPUT_WITH_WEAK_PULLUP ;        ;              ;                     ; Row I/O      ;                 ; no       ; On           ;
; L26      ; 320        ; 6A             ; RESERVED_INPUT_WITH_WEAK_PULLUP ;        ;              ;                     ; Row I/O      ;                 ; no       ; On           ;
; L27      ;            ; 6A             ; VCCIO6A_HPS                     ; power  ;              ; 2.5V                ; --           ;                 ; --       ; --           ;
; L28      ; 313        ; 6A             ; RESERVED_INPUT_WITH_WEAK_PULLUP ;        ;              ;                     ; Row I/O      ;                 ; no       ; On           ;
; L29      ; 315        ; 6A             ; RESERVED_INPUT_WITH_WEAK_PULLUP ;        ;              ;                     ; Row I/O      ;                 ; no       ; On           ;
; L30      ; 317        ; 6A             ; RESERVED_INPUT_WITH_WEAK_PULLUP ;        ;              ;                     ; Row I/O      ;                 ; no       ; On           ;
; M1       ;            ;                ; GND                             ; gnd    ;              ;                     ; --           ;                 ; --       ; --           ;
; M2       ;            ;                ; GND                             ; gnd    ;              ;                     ; --           ;                 ; --       ; --           ;
; M3       ;            ;                ; DNU                             ;        ;              ;                     ; --           ;                 ; --       ; --           ;
; M4       ;            ;                ; DNU                             ;        ;              ;                     ; --           ;                 ; --       ; --           ;
; M5       ;            ;                ; GND                             ; gnd    ;              ;                     ; --           ;                 ; --       ; --           ;
; M6       ;            ; --             ; VCC                             ; power  ;              ; 1.1V                ; --           ;                 ; --       ; --           ;
; M7       ;            ;                ; GND                             ; gnd    ;              ;                     ; --           ;                 ; --       ; --           ;
; M8       ;            ;                ; GND                             ; gnd    ;              ;                     ; --           ;                 ; --       ; --           ;
; M9       ;            ; --             ; VCC                             ; power  ;              ; 1.1V                ; --           ;                 ; --       ; --           ;
; M10      ;            ;                ; GND                             ; gnd    ;              ;                     ; --           ;                 ; --       ; --           ;
; M11      ;            ; --             ; VCC                             ; power  ;              ; 1.1V                ; --           ;                 ; --       ; --           ;
; M12      ;            ;                ; GND                             ; gnd    ;              ;                     ; --           ;                 ; --       ; --           ;
; M13      ;            ; --             ; VCC                             ; power  ;              ; 1.1V                ; --           ;                 ; --       ; --           ;
; M14      ;            ;                ; GND                             ; gnd    ;              ;                     ; --           ;                 ; --       ; --           ;
; M15      ;            ; --             ; VCC_HPS                         ; power  ;              ; 1.1V                ; --           ;                 ; --       ; --           ;
; M16      ;            ;                ; GND                             ; gnd    ;              ;                     ; --           ;                 ; --       ; --           ;
; M17      ; 450        ; 7D             ; RESERVED_INPUT_WITH_WEAK_PULLUP ;        ;              ;                     ; Column I/O   ;                 ; no       ; On           ;
; M18      ;            ;                ; GND                             ; gnd    ;              ;                     ; --           ;                 ; --       ; --           ;
; M19      ; 334        ; 6A             ; RESERVED_INPUT_WITH_WEAK_PULLUP ;        ;              ;                     ; Row I/O      ;                 ; no       ; On           ;
; M20      ;            ;                ; GND                             ; gnd    ;              ;                     ; --           ;                 ; --       ; --           ;
; M21      ;            ; 6A, 6B         ; VCCPD6A6B_HPS                   ; power  ;              ; 2.5V                ; --           ;                 ; --       ; --           ;
; M22      ; 308        ; 6A             ; RESERVED_INPUT_WITH_WEAK_PULLUP ;        ;              ;                     ; Row I/O      ;                 ; no       ; On           ;
; M23      ; 348        ; 6A             ; RESERVED_INPUT_WITH_WEAK_PULLUP ;        ;              ;                     ; Row I/O      ;                 ; no       ; On           ;
; M24      ;            ; 6A             ; VCCIO6A_HPS                     ; power  ;              ; 2.5V                ; --           ;                 ; --       ; --           ;
; M25      ; 324        ; 6A             ; RESERVED_INPUT_WITH_WEAK_PULLUP ;        ;              ;                     ; Row I/O      ;                 ; no       ; On           ;
; M26      ; 314        ; 6A             ; RESERVED_INPUT_WITH_WEAK_PULLUP ;        ;              ;                     ; Row I/O      ;                 ; no       ; On           ;
; M27      ; 312        ; 6A             ; RESERVED_INPUT_WITH_WEAK_PULLUP ;        ;              ;                     ; Row I/O      ;                 ; no       ; On           ;
; M28      ; 309        ; 6A             ; RESERVED_INPUT_WITH_WEAK_PULLUP ;        ;              ;                     ; Row I/O      ;                 ; no       ; On           ;
; M29      ;            ;                ; GND                             ; gnd    ;              ;                     ; --           ;                 ; --       ; --           ;
; M30      ; 311        ; 6A             ; RESERVED_INPUT_WITH_WEAK_PULLUP ;        ;              ;                     ; Row I/O      ;                 ; no       ; On           ;
; N1       ;            ;                ; GND                             ; gnd    ;              ;                     ; --           ;                 ; --       ; --           ;
; N2       ;            ;                ; GND                             ; gnd    ;              ;                     ; --           ;                 ; --       ; --           ;
; N3       ;            ;                ; GND                             ; gnd    ;              ;                     ; --           ;                 ; --       ; --           ;
; N4       ;            ;                ; GND                             ; gnd    ;              ;                     ; --           ;                 ; --       ; --           ;
; N5       ;            ; --             ; VCC                             ; power  ;              ; 1.1V                ; --           ;                 ; --       ; --           ;
; N6       ;            ;                ; GND                             ; gnd    ;              ;                     ; --           ;                 ; --       ; --           ;
; N7       ;            ; --             ; VCCA_FPLL                       ; power  ;              ; 2.5V                ; --           ;                 ; --       ; --           ;
; N8       ;            ;                ; GND                             ; gnd    ;              ;                     ; --           ;                 ; --       ; --           ;
; N9       ;            ;                ; GND                             ; gnd    ;              ;                     ; --           ;                 ; --       ; --           ;
; N10      ;            ; --             ; VCC                             ; power  ;              ; 1.1V                ; --           ;                 ; --       ; --           ;
; N11      ;            ;                ; GND                             ; gnd    ;              ;                     ; --           ;                 ; --       ; --           ;
; N12      ;            ; --             ; VCC                             ; power  ;              ; 1.1V                ; --           ;                 ; --       ; --           ;
; N13      ;            ;                ; GND                             ; gnd    ;              ;                     ; --           ;                 ; --       ; --           ;
; N14      ;            ; --             ; VCC                             ; power  ;              ; 1.1V                ; --           ;                 ; --       ; --           ;
; N15      ;            ;                ; GND                             ; gnd    ;              ;                     ; --           ;                 ; --       ; --           ;
; N16      ; 452        ; 7D             ; RESERVED_INPUT_WITH_WEAK_PULLUP ;        ;              ;                     ; Column I/O   ;                 ; no       ; On           ;
; N17      ;            ;                ; GND                             ; gnd    ;              ;                     ; --           ;                 ; --       ; --           ;
; N18      ; 332        ; 6A             ; RESERVED_INPUT_WITH_WEAK_PULLUP ;        ;              ;                     ; Row I/O      ;                 ; no       ; On           ;
; N19      ;            ;                ; GND                             ; gnd    ;              ;                     ; --           ;                 ; --       ; --           ;
; N20      ;            ; --             ; VCC_HPS                         ; power  ;              ; 1.1V                ; --           ;                 ; --       ; --           ;
; N21      ;            ; 6A             ; VCCIO6A_HPS                     ; power  ;              ; 2.5V                ; --           ;                 ; --       ; --           ;
; N22      ;            ; 6A, 6B         ; VCCPD6A6B_HPS                   ; power  ;              ; 2.5V                ; --           ;                 ; --       ; --           ;
; N23      ; 310        ; 6A             ; RESERVED_INPUT_WITH_WEAK_PULLUP ;        ;              ;                     ; Row I/O      ;                 ; no       ; On           ;
; N24      ; 318        ; 6A             ; RESERVED_INPUT_WITH_WEAK_PULLUP ;        ;              ;                     ; Row I/O      ;                 ; no       ; On           ;
; N25      ; 316        ; 6A             ; RESERVED_INPUT_WITH_WEAK_PULLUP ;        ;              ;                     ; Row I/O      ;                 ; no       ; On           ;
; N26      ;            ;                ; GND                             ; gnd    ;              ;                     ; --           ;                 ; --       ; --           ;
; N27      ; 297        ; 6B             ; RESERVED_INPUT_WITH_WEAK_PULLUP ;        ;              ;                     ; Row I/O      ;                 ; no       ; On           ;
; N28      ; 303        ; 6B             ; RESERVED_INPUT_WITH_WEAK_PULLUP ;        ;              ;                     ; Row I/O      ;                 ; no       ; On           ;
; N29      ; 305        ; 6B             ; RESERVED_INPUT_WITH_WEAK_PULLUP ;        ;              ;                     ; Row I/O      ;                 ; no       ; On           ;
; N30      ; 307        ; 6B             ; RESERVED_INPUT_WITH_WEAK_PULLUP ;        ;              ;                     ; Row I/O      ;                 ; no       ; On           ;
; P1       ;            ;                ; GND                             ; gnd    ;              ;                     ; --           ;                 ; --       ; --           ;
; P2       ;            ;                ; GND                             ; gnd    ;              ;                     ; --           ;                 ; --       ; --           ;
; P3       ;            ;                ; DNU                             ;        ;              ;                     ; --           ;                 ; --       ; --           ;
; P4       ;            ;                ; DNU                             ;        ;              ;                     ; --           ;                 ; --       ; --           ;
; P5       ;            ;                ; GND                             ; gnd    ;              ;                     ; --           ;                 ; --       ; --           ;
; P6       ;            ; --             ; VCCA_FPLL                       ; power  ;              ; 2.5V                ; --           ;                 ; --       ; --           ;
; P7       ;            ;                ; GND                             ; gnd    ;              ;                     ; --           ;                 ; --       ; --           ;
; P8       ;            ;                ; GND                             ; gnd    ;              ;                     ; --           ;                 ; --       ; --           ;
; P9       ;            ;                ; GND                             ; gnd    ;              ;                     ; --           ;                 ; --       ; --           ;
; P10      ;            ;                ; GND                             ; gnd    ;              ;                     ; --           ;                 ; --       ; --           ;
; P11      ;            ; --             ; VCC                             ; power  ;              ; 1.1V                ; --           ;                 ; --       ; --           ;
; P12      ;            ;                ; GND                             ; gnd    ;              ;                     ; --           ;                 ; --       ; --           ;
; P13      ;            ; --             ; VCC                             ; power  ;              ; 1.1V                ; --           ;                 ; --       ; --           ;
; P14      ;            ;                ; GND                             ; gnd    ;              ;                     ; --           ;                 ; --       ; --           ;
; P15      ;            ; --             ; VCC_HPS                         ; power  ;              ; 1.1V                ; --           ;                 ; --       ; --           ;
; P16      ;            ;                ; GND                             ; gnd    ;              ;                     ; --           ;                 ; --       ; --           ;
; P17      ;            ; --             ; VCC_HPS                         ; power  ;              ; 1.1V                ; --           ;                 ; --       ; --           ;
; P18      ;            ;                ; GND                             ; gnd    ;              ;                     ; --           ;                 ; --       ; --           ;
; P19      ;            ; --             ; VCC_HPS                         ; power  ;              ; 1.1V                ; --           ;                 ; --       ; --           ;
; P20      ;            ;                ; GND                             ; gnd    ;              ;                     ; --           ;                 ; --       ; --           ;
; P21      ;            ; 6A, 6B         ; VCCPD6A6B_HPS                   ; power  ;              ; 2.5V                ; --           ;                 ; --       ; --           ;
; P22      ; 294        ; 6B             ; RESERVED_INPUT_WITH_WEAK_PULLUP ;        ;              ;                     ; Row I/O      ;                 ; no       ; On           ;
; P23      ;            ; 6B             ; VCCIO6B_HPS                     ; power  ;              ; 2.5V                ; --           ;                 ; --       ; --           ;
; P24      ; 290        ; 6B             ; RESERVED_INPUT_WITH_WEAK_PULLUP ;        ;              ;                     ; Row I/O      ;                 ; no       ; On           ;
; P25      ; 288        ; 6B             ; RESERVED_INPUT_WITH_WEAK_PULLUP ;        ;              ;                     ; Row I/O      ;                 ; no       ; On           ;
; P26      ; 298        ; 6B             ; RESERVED_INPUT_WITH_WEAK_PULLUP ;        ;              ;                     ; Row I/O      ;                 ; no       ; On           ;
; P27      ; 296        ; 6B             ; RESERVED_INPUT_WITH_WEAK_PULLUP ;        ;              ;                     ; Row I/O      ;                 ; no       ; On           ;
; P28      ;            ; 6B             ; VCCIO6B_HPS                     ; power  ;              ; 2.5V                ; --           ;                 ; --       ; --           ;
; P29      ; 299        ; 6B             ; RESERVED_INPUT_WITH_WEAK_PULLUP ;        ;              ;                     ; Row I/O      ;                 ; no       ; On           ;
; P30      ; 301        ; 6B             ; RESERVED_INPUT_WITH_WEAK_PULLUP ;        ;              ;                     ; Row I/O      ;                 ; no       ; On           ;
; R1       ;            ;                ; GND                             ; gnd    ;              ;                     ; --           ;                 ; --       ; --           ;
; R2       ;            ;                ; GND                             ; gnd    ;              ;                     ; --           ;                 ; --       ; --           ;
; R3       ;            ;                ; GND                             ; gnd    ;              ;                     ; --           ;                 ; --       ; --           ;
; R4       ;            ;                ; GND                             ; gnd    ;              ;                     ; --           ;                 ; --       ; --           ;
; R5       ;            ; --             ; VCC                             ; power  ;              ; 1.1V                ; --           ;                 ; --       ; --           ;
; R6       ;            ;                ; GND                             ; gnd    ;              ;                     ; --           ;                 ; --       ; --           ;
; R7       ;            ; --             ; VCCA_FPLL                       ; power  ;              ; 2.5V                ; --           ;                 ; --       ; --           ;
; R8       ;            ;                ; GND                             ; gnd    ;              ;                     ; --           ;                 ; --       ; --           ;
; R9       ;            ;                ; GND                             ; gnd    ;              ;                     ; --           ;                 ; --       ; --           ;
; R10      ;            ; --             ; VCC                             ; power  ;              ; 1.1V                ; --           ;                 ; --       ; --           ;
; R11      ;            ;                ; GND                             ; gnd    ;              ;                     ; --           ;                 ; --       ; --           ;
; R12      ;            ; --             ; VCC                             ; power  ;              ; 1.1V                ; --           ;                 ; --       ; --           ;
; R13      ;            ;                ; GND                             ; gnd    ;              ;                     ; --           ;                 ; --       ; --           ;
; R14      ;            ; --             ; VCC                             ; power  ;              ; 1.1V                ; --           ;                 ; --       ; --           ;
; R15      ;            ;                ; GND                             ; gnd    ;              ;                     ; --           ;                 ; --       ; --           ;
; R16      ;            ; --             ; VCC_HPS                         ; power  ;              ; 1.1V                ; --           ;                 ; --       ; --           ;
; R17      ;            ;                ; GND                             ; gnd    ;              ;                     ; --           ;                 ; --       ; --           ;
; R18      ; 302        ; 6B             ; RESERVED_INPUT_WITH_WEAK_PULLUP ;        ;              ;                     ; Row I/O      ;                 ; no       ; On           ;
; R19      ; 300        ; 6B             ; RESERVED_INPUT_WITH_WEAK_PULLUP ;        ;              ;                     ; Row I/O      ;                 ; no       ; On           ;
; R20      ;            ; 6A, 6B         ; VCCPD6A6B_HPS                   ; power  ;              ; 2.5V                ; --           ;                 ; --       ; --           ;
; R21      ; 286        ; 6B             ; RESERVED_INPUT_WITH_WEAK_PULLUP ;        ;              ;                     ; Row I/O      ;                 ; no       ; On           ;
; R22      ; 284        ; 6B             ; RESERVED_INPUT_WITH_WEAK_PULLUP ;        ;              ;                     ; Row I/O      ;                 ; no       ; On           ;
; R23      ;            ; 6A, 6B         ; VCCPD6A6B_HPS                   ; power  ;              ; 2.5V                ; --           ;                 ; --       ; --           ;
; R24      ; 272        ; 6B             ; RESERVED_INPUT_WITH_WEAK_PULLUP ;        ;              ;                     ; Row I/O      ;                 ; no       ; On           ;
; R25      ;            ; 6B             ; VCCIO6B_HPS                     ; power  ;              ; 2.5V                ; --           ;                 ; --       ; --           ;
; R26      ; 280        ; 6B             ; RESERVED_INPUT_WITH_WEAK_PULLUP ;        ;              ;                     ; Row I/O      ;                 ; no       ; On           ;
; R27      ; 282        ; 6B             ; RESERVED_INPUT_WITH_WEAK_PULLUP ;        ;              ;                     ; Row I/O      ;                 ; no       ; On           ;
; R28      ; 293        ; 6B             ; RESERVED_INPUT_WITH_WEAK_PULLUP ;        ;              ;                     ; Row I/O      ;                 ; no       ; On           ;
; R29      ; 295        ; 6B             ; RESERVED_INPUT_WITH_WEAK_PULLUP ;        ;              ;                     ; Row I/O      ;                 ; no       ; On           ;
; R30      ;            ;                ; GND                             ; gnd    ;              ;                     ; --           ;                 ; --       ; --           ;
; T1       ;            ;                ; GND                             ; gnd    ;              ;                     ; --           ;                 ; --       ; --           ;
; T2       ;            ;                ; GND                             ; gnd    ;              ;                     ; --           ;                 ; --       ; --           ;
; T3       ;            ;                ; DNU                             ;        ;              ;                     ; --           ;                 ; --       ; --           ;
; T4       ;            ;                ; DNU                             ;        ;              ;                     ; --           ;                 ; --       ; --           ;
; T5       ;            ;                ; GND                             ; gnd    ;              ;                     ; --           ;                 ; --       ; --           ;
; T6       ;            ; --             ; VCC                             ; power  ;              ; 1.1V                ; --           ;                 ; --       ; --           ;
; T7       ;            ;                ; GND                             ; gnd    ;              ;                     ; --           ;                 ; --       ; --           ;
; T8       ;            ;                ; GND                             ; gnd    ;              ;                     ; --           ;                 ; --       ; --           ;
; T9       ;            ;                ; GND                             ; gnd    ;              ;                     ; --           ;                 ; --       ; --           ;
; T10      ;            ;                ; GND                             ; gnd    ;              ;                     ; --           ;                 ; --       ; --           ;
; T11      ;            ; --             ; VCC                             ; power  ;              ; 1.1V                ; --           ;                 ; --       ; --           ;
; T12      ;            ;                ; GND                             ; gnd    ;              ;                     ; --           ;                 ; --       ; --           ;
; T13      ;            ; --             ; VCC                             ; power  ;              ; 1.1V                ; --           ;                 ; --       ; --           ;
; T14      ;            ;                ; GND                             ; gnd    ;              ;                     ; --           ;                 ; --       ; --           ;
; T15      ;            ;                ; GND                             ; gnd    ;              ;                     ; --           ;                 ; --       ; --           ;
; T16      ;            ;                ; GND                             ; gnd    ;              ;                     ; --           ;                 ; --       ; --           ;
; T17      ;            ; --             ; VCC_HPS                         ; power  ;              ; 1.1V                ; --           ;                 ; --       ; --           ;
; T18      ;            ;                ; GND                             ; gnd    ;              ;                     ; --           ;                 ; --       ; --           ;
; T19      ;            ; --             ; VCC_HPS                         ; power  ;              ; 1.1V                ; --           ;                 ; --       ; --           ;
; T20      ;            ;                ; GND                             ; gnd    ;              ;                     ; --           ;                 ; --       ; --           ;
; T21      ; 278        ; 6B             ; RESERVED_INPUT_WITH_WEAK_PULLUP ;        ;              ;                     ; Row I/O      ;                 ; no       ; On           ;
; T22      ;            ; 6B             ; VCCIO6B_HPS                     ; power  ;              ; 2.5V                ; --           ;                 ; --       ; --           ;
; T23      ; 270        ; 6B             ; RESERVED_INPUT_WITH_WEAK_PULLUP ;        ;              ;                     ; Row I/O      ;                 ; no       ; On           ;
; T24      ; 268        ; 6B             ; RESERVED_INPUT_WITH_WEAK_PULLUP ;        ;              ;                     ; Row I/O      ;                 ; no       ; On           ;
; T25      ; 266        ; 6B             ; RESERVED_INPUT_WITH_WEAK_PULLUP ;        ;              ;                     ; Row I/O      ;                 ; no       ; On           ;
; T26      ; 304        ; 6B             ; RESERVED_INPUT_WITH_WEAK_PULLUP ;        ;              ;                     ; Row I/O      ;                 ; no       ; On           ;
; T27      ;            ;                ; GND                             ; gnd    ;              ;                     ; --           ;                 ; --       ; --           ;
; T28      ; 287        ; 6B             ; RESERVED_INPUT_WITH_WEAK_PULLUP ;        ;              ;                     ; Row I/O      ;                 ; no       ; On           ;
; T29      ; 289        ; 6B             ; RESERVED_INPUT_WITH_WEAK_PULLUP ;        ;              ;                     ; Row I/O      ;                 ; no       ; On           ;
; T30      ; 291        ; 6B             ; RESERVED_INPUT_WITH_WEAK_PULLUP ;        ;              ;                     ; Row I/O      ;                 ; no       ; On           ;
; U1       ;            ;                ; GND                             ; gnd    ;              ;                     ; --           ;                 ; --       ; --           ;
; U2       ;            ;                ; GND                             ; gnd    ;              ;                     ; --           ;                 ; --       ; --           ;
; U3       ;            ;                ; GND                             ; gnd    ;              ;                     ; --           ;                 ; --       ; --           ;
; U4       ;            ;                ; GND                             ; gnd    ;              ;                     ; --           ;                 ; --       ; --           ;
; U5       ;            ; --             ; VCC                             ; power  ;              ; 1.1V                ; --           ;                 ; --       ; --           ;
; U6       ;            ;                ; GND                             ; gnd    ;              ;                     ; --           ;                 ; --       ; --           ;
; U7       ; 50         ; 3A             ; ^DCLK                           ;        ;              ;                     ; Weak Pull Up ;                 ; --       ; On           ;
; U8       ; 48         ; 3A             ; #TDI                            ; input  ;              ;                     ; --           ;                 ; --       ; --           ;
; U9       ;            ;                ; GND                             ; gnd    ;              ;                     ; --           ;                 ; --       ; --           ;
; U10      ;            ; --             ; VCC                             ; power  ;              ; 1.1V                ; --           ;                 ; --       ; --           ;
; U11      ;            ;                ; GND                             ; gnd    ;              ;                     ; --           ;                 ; --       ; --           ;
; U12      ;            ; --             ; VCC                             ; power  ;              ; 1.1V                ; --           ;                 ; --       ; --           ;
; U13      ;            ;                ; GND                             ; gnd    ;              ;                     ; --           ;                 ; --       ; --           ;
; U14      ;            ; --             ; VCC                             ; power  ;              ; 1.1V                ; --           ;                 ; --       ; --           ;
; U15      ;            ;                ; GND                             ; gnd    ;              ;                     ; --           ;                 ; --       ; --           ;
; U16      ;            ; --             ; VCC_HPS                         ; power  ;              ; 1.1V                ; --           ;                 ; --       ; --           ;
; U17      ;            ;                ; GND                             ; gnd    ;              ;                     ; --           ;                 ; --       ; --           ;
; U18      ;            ; --             ; VCC_HPS                         ; power  ;              ; 1.1V                ; --           ;                 ; --       ; --           ;
; U19      ;            ; 6B             ; VCCIO6B_HPS                     ; power  ;              ; 2.5V                ; --           ;                 ; --       ; --           ;
; U20      ; 276        ; 6B             ; RESERVED_INPUT_WITH_WEAK_PULLUP ;        ;              ;                     ; Row I/O      ;                 ; no       ; On           ;
; U21      ;            ; --             ; VCC                             ; power  ;              ; 1.1V                ; --           ;                 ; --       ; --           ;
; U22      ;            ;                ; GND                             ; gnd    ;              ;                     ; --           ;                 ; --       ; --           ;
; U23      ;            ; 5B             ; VCCPD5B                         ; power  ;              ; 3.3V                ; --           ;                 ; --       ; --           ;
; U24      ;            ;                ; GND                             ; gnd    ;              ;                     ; --           ;                 ; --       ; --           ;
; U25      ; 264        ; 6B             ; RESERVED_INPUT_WITH_WEAK_PULLUP ;        ;              ;                     ; Row I/O      ;                 ; no       ; On           ;
; U26      ; 306        ; 6B             ; RESERVED_INPUT_WITH_WEAK_PULLUP ;        ;              ;                     ; Row I/O      ;                 ; no       ; On           ;
; U27      ; 273        ; 6B             ; RESERVED_INPUT_WITH_WEAK_PULLUP ;        ;              ;                     ; Row I/O      ;                 ; no       ; On           ;
; U28      ; 285        ; 6B             ; RESERVED_INPUT_WITH_WEAK_PULLUP ;        ;              ;                     ; Row I/O      ;                 ; no       ; On           ;
; U29      ;            ;                ; GND                             ; gnd    ;              ;                     ; --           ;                 ; --       ; --           ;
; U30      ; 283        ; 6B             ; RESERVED_INPUT_WITH_WEAK_PULLUP ;        ;              ;                     ; Row I/O      ;                 ; --       ; --           ;
; V1       ;            ;                ; GND                             ; gnd    ;              ;                     ; --           ;                 ; --       ; --           ;
; V2       ;            ;                ; GND                             ; gnd    ;              ;                     ; --           ;                 ; --       ; --           ;
; V3       ;            ;                ; DNU                             ;        ;              ;                     ; --           ;                 ; --       ; --           ;
; V4       ;            ;                ; DNU                             ;        ;              ;                     ; --           ;                 ; --       ; --           ;
; V5       ;            ;                ; GND                             ; gnd    ;              ;                     ; --           ;                 ; --       ; --           ;
; V6       ;            ; --             ; VCCA_FPLL                       ; power  ;              ; 2.5V                ; --           ;                 ; --       ; --           ;
; V7       ;            ;                ; GND                             ; gnd    ;              ;                     ; --           ;                 ; --       ; --           ;
; V8       ;            ; --             ; VCCA_FPLL                       ; power  ;              ; 2.5V                ; --           ;                 ; --       ; --           ;
; V9       ; 44         ; 3A             ; #TMS                            ; input  ;              ;                     ; --           ;                 ; --       ; --           ;
; V10      ;            ;                ; GND                             ; gnd    ;              ;                     ; --           ;                 ; --       ; --           ;
; V11      ;            ; --             ; VCC                             ; power  ;              ; 1.1V                ; --           ;                 ; --       ; --           ;
; V12      ;            ;                ; GND                             ; gnd    ;              ;                     ; --           ;                 ; --       ; --           ;
; V13      ;            ; --             ; VCC                             ; power  ;              ; 1.1V                ; --           ;                 ; --       ; --           ;
; V14      ;            ;                ; GND                             ; gnd    ;              ;                     ; --           ;                 ; --       ; --           ;
; V15      ;            ; --             ; VCC                             ; power  ;              ; 1.1V                ; --           ;                 ; --       ; --           ;
; V16      ; 138        ; 4A             ; LEDR[0]                         ; output ; 3.3-V LVTTL  ;                     ; Column I/O   ; Y               ; no       ; Off          ;
; V17      ; 154        ; 4A             ; LEDR[2]                         ; output ; 3.3-V LVTTL  ;                     ; Column I/O   ; Y               ; no       ; Off          ;
; V18      ; 194        ; 4A             ; LEDR[3]                         ; output ; 3.3-V LVTTL  ;                     ; Column I/O   ; Y               ; no       ; Off          ;
; V19      ;            ;                ; GND                             ; gnd    ;              ;                     ; --           ;                 ; --       ; --           ;
; V20      ; 292        ; 6B             ; RESERVED_INPUT_WITH_WEAK_PULLUP ;        ;              ;                     ; Row I/O      ;                 ; no       ; On           ;
; V21      ;            ;                ; GND                             ; gnd    ;              ;                     ; --           ;                 ; --       ; --           ;
; V22      ;            ; 5A             ; VCCPD5A                         ; power  ;              ; 3.3V                ; --           ;                 ; --       ; --           ;
; V23      ; 236        ; 5A             ; HEX4[5]                         ; output ; 3.3-V LVTTL  ;                     ; Row I/O      ; Y               ; no       ; Off          ;
; V24      ;            ; 5A             ; VCCPD5A                         ; power  ;              ; 3.3V                ; --           ;                 ; --       ; --           ;
; V25      ; 246        ; 5B             ; HEX5[0]                         ; output ; 3.3-V LVTTL  ;                     ; Row I/O      ; Y               ; no       ; Off          ;
; V26      ;            ; 6B             ; VCCIO6B_HPS                     ; power  ;              ; 2.5V                ; --           ;                 ; --       ; --           ;
; V27      ; 265        ; 6B             ; RESERVED_INPUT_WITH_WEAK_PULLUP ;        ;              ;                     ; Row I/O      ;                 ; no       ; On           ;
; V28      ; 271        ; 6B             ; RESERVED_INPUT_WITH_WEAK_PULLUP ;        ;              ;                     ; Row I/O      ;                 ; no       ; On           ;
; V29      ; 275        ; 6B             ; RESERVED_INPUT_WITH_WEAK_PULLUP ;        ;              ;                     ; Row I/O      ;                 ; no       ; On           ;
; V30      ; 281        ; 6B             ; RESERVED_INPUT_WITH_WEAK_PULLUP ;        ;              ;                     ; Row I/O      ;                 ; no       ; On           ;
; W1       ;            ;                ; GND                             ; gnd    ;              ;                     ; --           ;                 ; --       ; --           ;
; W2       ;            ;                ; GND                             ; gnd    ;              ;                     ; --           ;                 ; --       ; --           ;
; W3       ;            ;                ; GND                             ; gnd    ;              ;                     ; --           ;                 ; --       ; --           ;
; W4       ;            ;                ; GND                             ; gnd    ;              ;                     ; --           ;                 ; --       ; --           ;
; W5       ;            ; --             ; VCC                             ; power  ;              ; 1.1V                ; --           ;                 ; --       ; --           ;
; W6       ;            ;                ; GND                             ; gnd    ;              ;                     ; --           ;                 ; --       ; --           ;
; W7       ;            ;                ; GND                             ; gnd    ;              ;                     ; --           ;                 ; --       ; --           ;
; W8       ;            ;                ; GND                             ; gnd    ;              ;                     ; --           ;                 ; --       ; --           ;
; W9       ;            ;                ; GND                             ; gnd    ;              ;                     ; --           ;                 ; --       ; --           ;
; W10      ;            ; --             ; VCC                             ; power  ;              ; 1.1V                ; --           ;                 ; --       ; --           ;
; W11      ;            ;                ; GND                             ; gnd    ;              ;                     ; --           ;                 ; --       ; --           ;
; W12      ;            ; --             ; VCC                             ; power  ;              ; 1.1V                ; --           ;                 ; --       ; --           ;
; W13      ;            ;                ; GND                             ; gnd    ;              ;                     ; --           ;                 ; --       ; --           ;
; W14      ;            ; --             ; VCC                             ; power  ;              ; 1.1V                ; --           ;                 ; --       ; --           ;
; W15      ; 130        ; 3B             ; KEY[2]                          ; input  ; 3.3-V LVTTL  ;                     ; Column I/O   ; Y               ; no       ; Off          ;
; W16      ; 136        ; 4A             ; LEDR[1]                         ; output ; 3.3-V LVTTL  ;                     ; Column I/O   ; Y               ; no       ; Off          ;
; W17      ; 152        ; 4A             ; LEDR[4]                         ; output ; 3.3-V LVTTL  ;                     ; Column I/O   ; Y               ; no       ; Off          ;
; W18      ;            ;                ; GND                             ; gnd    ;              ;                     ; --           ;                 ; --       ; --           ;
; W19      ; 192        ; 4A             ; LEDR[5]                         ; output ; 3.3-V LVTTL  ;                     ; Column I/O   ; Y               ; no       ; Off          ;
; W20      ; 217        ; 5A             ; LEDR[7]                         ; output ; 3.3-V LVTTL  ;                     ; Row I/O      ; Y               ; no       ; Off          ;
; W21      ; 221        ; 5A             ; LEDR[8]                         ; output ; 3.3-V LVTTL  ;                     ; Row I/O      ; Y               ; no       ; Off          ;
; W22      ; 223        ; 5A             ; HEX4[3]                         ; output ; 3.3-V LVTTL  ;                     ; Row I/O      ; Y               ; no       ; Off          ;
; W23      ;            ; 5A             ; VCCIO5A                         ; power  ;              ; 3.3V                ; --           ;                 ; --       ; --           ;
; W24      ; 238        ; 5A             ; HEX4[4]                         ; output ; 3.3-V LVTTL  ;                     ; Row I/O      ; Y               ; no       ; Off          ;
; W25      ; 244        ; 5B             ; HEX4[6]                         ; output ; 3.3-V LVTTL  ;                     ; Row I/O      ; Y               ; no       ; Off          ;
; W26      ; 274        ; 6B             ; RESERVED_INPUT_WITH_WEAK_PULLUP ;        ;              ;                     ; Row I/O      ;                 ; no       ; On           ;
; W27      ; 261        ; 6B             ; RESERVED_INPUT_WITH_WEAK_PULLUP ;        ;              ;                     ; Row I/O      ;                 ; no       ; On           ;
; W28      ;            ;                ; GND                             ; gnd    ;              ;                     ; --           ;                 ; --       ; --           ;
; W29      ; 279        ; 6B             ; RESERVED_INPUT_WITH_WEAK_PULLUP ;        ;              ;                     ; Row I/O      ;                 ; no       ; On           ;
; W30      ; 277        ; 6B             ; RESERVED_INPUT_WITH_WEAK_PULLUP ;        ;              ;                     ; Row I/O      ;                 ; no       ; On           ;
; Y1       ;            ;                ; GND                             ; gnd    ;              ;                     ; --           ;                 ; --       ; --           ;
; Y2       ;            ;                ; GND                             ; gnd    ;              ;                     ; --           ;                 ; --       ; --           ;
; Y3       ;            ;                ; DNU                             ;        ;              ;                     ; --           ;                 ; --       ; --           ;
; Y4       ;            ;                ; DNU                             ;        ;              ;                     ; --           ;                 ; --       ; --           ;
; Y5       ;            ;                ; GND                             ; gnd    ;              ;                     ; --           ;                 ; --       ; --           ;
; Y6       ;            ; --             ; VCC                             ; power  ;              ; 1.1V                ; --           ;                 ; --       ; --           ;
; Y7       ;            ;                ; GND                             ; gnd    ;              ;                     ; --           ;                 ; --       ; --           ;
; Y8       ;            ;                ; GND                             ; gnd    ;              ;                     ; --           ;                 ; --       ; --           ;
; Y9       ;            ; --             ; VCC                             ; power  ;              ; 1.1V                ; --           ;                 ; --       ; --           ;
; Y10      ;            ;                ; GND                             ; gnd    ;              ;                     ; --           ;                 ; --       ; --           ;
; Y11      ;            ; --             ; VCC                             ; power  ;              ; 1.1V                ; --           ;                 ; --       ; --           ;
; Y12      ;            ;                ; GND                             ; gnd    ;              ;                     ; --           ;                 ; --       ; --           ;
; Y13      ;            ; --             ; VCC                             ; power  ;              ; 1.1V                ; --           ;                 ; --       ; --           ;
; Y14      ;            ;                ; GND                             ; gnd    ;              ;                     ; --           ;                 ; --       ; --           ;
; Y15      ;            ;                ; GND                             ; gnd    ;              ;                     ; --           ;                 ; --       ; --           ;
; Y16      ; 128        ; 3B             ; KEY[3]                          ; input  ; 3.3-V LVTTL  ;                     ; Column I/O   ; Y               ; no       ; Off          ;
; Y17      ; 170        ; 4A             ; RESERVED_INPUT_WITH_WEAK_PULLUP ;        ;              ;                     ; Column I/O   ;                 ; no       ; On           ;
; Y18      ; 178        ; 4A             ; RESERVED_INPUT_WITH_WEAK_PULLUP ;        ;              ;                     ; Column I/O   ;                 ; no       ; On           ;
; Y19      ; 202        ; 4A             ; LEDR[6]                         ; output ; 3.3-V LVTTL  ;                     ; Column I/O   ; Y               ; no       ; Off          ;
; Y20      ;            ;                ; GND                             ; gnd    ;              ;                     ; --           ;                 ; --       ; --           ;
; Y21      ; 219        ; 5A             ; LEDR[9]                         ; output ; 3.3-V LVTTL  ;                     ; Row I/O      ; Y               ; no       ; Off          ;
; Y22      ;            ; --             ; VCCA_FPLL                       ; power  ;              ; 2.5V                ; --           ;                 ; --       ; --           ;
; Y23      ; 232        ; 5A             ; HEX4[1]                         ; output ; 3.3-V LVTTL  ;                     ; Row I/O      ; Y               ; no       ; Off          ;
; Y24      ; 234        ; 5A             ; HEX4[2]                         ; output ; 3.3-V LVTTL  ;                     ; Row I/O      ; Y               ; no       ; Off          ;
; Y25      ;            ;                ; GND                             ; gnd    ;              ;                     ; --           ;                 ; --       ; --           ;
; Y26      ; 256        ; 5B             ; CLOCK3_50                       ; input  ; 3.3-V LVTTL  ;                     ; Row I/O      ; Y               ; no       ; Off          ;
; Y27      ; 258        ; 5B             ; HEX5[2]                         ; output ; 3.3-V LVTTL  ;                     ; Row I/O      ; Y               ; no       ; Off          ;
; Y28      ; 269        ; 6B             ; RESERVED_INPUT_WITH_WEAK_PULLUP ;        ;              ;                     ; Row I/O      ;                 ; no       ; On           ;
; Y29      ; 263        ; 6B             ; RESERVED_INPUT_WITH_WEAK_PULLUP ;        ;              ;                     ; Row I/O      ;                 ; no       ; On           ;
; Y30      ;            ;                ; GND                             ; gnd    ;              ;                     ; --           ;                 ; --       ; --           ;
+----------+------------+----------------+---------------------------------+--------+--------------+---------------------+--------------+-----------------+----------+--------------+
Note: Pin directions (input, output or bidir) are based on device operating in user mode.


+-------------------------------------------------------+
; I/O Assignment Warnings                               ;
+----------------+--------------------------------------+
; Pin Name       ; Reason                               ;
+----------------+--------------------------------------+
; HEX0[0]        ; Missing drive strength and slew rate ;
; HEX0[1]        ; Missing drive strength and slew rate ;
; HEX0[2]        ; Missing drive strength and slew rate ;
; HEX0[3]        ; Missing drive strength and slew rate ;
; HEX0[4]        ; Missing drive strength and slew rate ;
; HEX0[5]        ; Missing drive strength and slew rate ;
; HEX0[6]        ; Missing drive strength and slew rate ;
; HEX1[0]        ; Missing drive strength and slew rate ;
; HEX1[1]        ; Missing drive strength and slew rate ;
; HEX1[2]        ; Missing drive strength and slew rate ;
; HEX1[3]        ; Missing drive strength and slew rate ;
; HEX1[4]        ; Missing drive strength and slew rate ;
; HEX1[5]        ; Missing drive strength and slew rate ;
; HEX1[6]        ; Missing drive strength and slew rate ;
; HEX2[0]        ; Missing drive strength and slew rate ;
; HEX2[1]        ; Missing drive strength and slew rate ;
; HEX2[2]        ; Missing drive strength and slew rate ;
; HEX2[3]        ; Missing drive strength and slew rate ;
; HEX2[4]        ; Missing drive strength and slew rate ;
; HEX2[5]        ; Missing drive strength and slew rate ;
; HEX2[6]        ; Missing drive strength and slew rate ;
; HEX3[0]        ; Missing drive strength and slew rate ;
; HEX3[1]        ; Missing drive strength and slew rate ;
; HEX3[2]        ; Missing drive strength and slew rate ;
; HEX3[3]        ; Missing drive strength and slew rate ;
; HEX3[4]        ; Missing drive strength and slew rate ;
; HEX3[5]        ; Missing drive strength and slew rate ;
; HEX3[6]        ; Missing drive strength and slew rate ;
; HEX4[0]        ; Missing drive strength and slew rate ;
; HEX4[1]        ; Missing drive strength and slew rate ;
; HEX4[2]        ; Missing drive strength and slew rate ;
; HEX4[3]        ; Missing drive strength and slew rate ;
; HEX4[4]        ; Missing drive strength and slew rate ;
; HEX4[5]        ; Missing drive strength and slew rate ;
; HEX4[6]        ; Missing drive strength and slew rate ;
; HEX5[0]        ; Missing drive strength and slew rate ;
; HEX5[1]        ; Missing drive strength and slew rate ;
; HEX5[2]        ; Missing drive strength and slew rate ;
; HEX5[3]        ; Missing drive strength and slew rate ;
; HEX5[4]        ; Missing drive strength and slew rate ;
; HEX5[5]        ; Missing drive strength and slew rate ;
; HEX5[6]        ; Missing drive strength and slew rate ;
; LEDR[0]        ; Missing drive strength and slew rate ;
; LEDR[1]        ; Missing drive strength and slew rate ;
; LEDR[2]        ; Missing drive strength and slew rate ;
; LEDR[3]        ; Missing drive strength and slew rate ;
; LEDR[4]        ; Missing drive strength and slew rate ;
; LEDR[5]        ; Missing drive strength and slew rate ;
; LEDR[6]        ; Missing drive strength and slew rate ;
; LEDR[7]        ; Missing drive strength and slew rate ;
; LEDR[8]        ; Missing drive strength and slew rate ;
; LEDR[9]        ; Missing drive strength and slew rate ;
; VGA_BLANK_N    ; Missing drive strength and slew rate ;
; VGA_B[0]       ; Missing drive strength and slew rate ;
; VGA_B[1]       ; Missing drive strength and slew rate ;
; VGA_B[2]       ; Missing drive strength and slew rate ;
; VGA_B[3]       ; Missing drive strength and slew rate ;
; VGA_B[4]       ; Missing drive strength and slew rate ;
; VGA_B[5]       ; Missing drive strength and slew rate ;
; VGA_B[6]       ; Missing drive strength and slew rate ;
; VGA_B[7]       ; Missing drive strength and slew rate ;
; VGA_CLK        ; Missing drive strength and slew rate ;
; VGA_G[0]       ; Missing drive strength and slew rate ;
; VGA_G[1]       ; Missing drive strength and slew rate ;
; VGA_G[2]       ; Missing drive strength and slew rate ;
; VGA_G[3]       ; Missing drive strength and slew rate ;
; VGA_G[4]       ; Missing drive strength and slew rate ;
; VGA_G[5]       ; Missing drive strength and slew rate ;
; VGA_G[6]       ; Missing drive strength and slew rate ;
; VGA_G[7]       ; Missing drive strength and slew rate ;
; VGA_HS         ; Missing drive strength and slew rate ;
; VGA_R[0]       ; Missing drive strength and slew rate ;
; VGA_R[1]       ; Missing drive strength and slew rate ;
; VGA_R[2]       ; Missing drive strength and slew rate ;
; VGA_R[3]       ; Missing drive strength and slew rate ;
; VGA_R[4]       ; Missing drive strength and slew rate ;
; VGA_R[5]       ; Missing drive strength and slew rate ;
; VGA_R[6]       ; Missing drive strength and slew rate ;
; VGA_R[7]       ; Missing drive strength and slew rate ;
; VGA_SYNC_N     ; Missing drive strength and slew rate ;
; VGA_VS         ; Missing drive strength and slew rate ;
; CAMERA_PWDN_n  ; Missing drive strength and slew rate ;
; MIPI_CS_n      ; Missing drive strength and slew rate ;
; MIPI_MCLK      ; Missing drive strength and slew rate ;
; MIPI_REFCLK    ; Missing drive strength and slew rate ;
; MIPI_RESET_n   ; Missing drive strength and slew rate ;
; CAMERA_I2C_SCL ; Missing drive strength and slew rate ;
; CAMERA_I2C_SDA ; Missing drive strength and slew rate ;
; MIPI_I2C_SCL   ; Missing drive strength and slew rate ;
; MIPI_I2C_SDA   ; Missing drive strength and slew rate ;
+----------------+--------------------------------------+


+---------------------------------------------------------------------------------------------------------------------------------------------+
; PLL Usage Summary                                                                                                                           ;
+----------------------------------------------------------------------------------------------------------------+----------------------------+
;                                                                                                                ;                            ;
+----------------------------------------------------------------------------------------------------------------+----------------------------+
; vga_pll:pllv|vga_pll_0002:vga_pll_inst|altera_pll:altera_pll_i|general[0].gpll~FRACTIONAL_PLL                  ;                            ;
;     -- PLL Type                                                                                                ; Integer PLL                ;
;     -- PLL Location                                                                                            ; FRACTIONALPLL_X0_Y56_N0    ;
;     -- PLL Feedback clock type                                                                                 ; none                       ;
;     -- PLL Bandwidth                                                                                           ; Auto                       ;
;         -- PLL Bandwidth Range                                                                                 ; 300000 to 100000 Hz        ;
;     -- Reference Clock Frequency                                                                               ; 50.0 MHz                   ;
;     -- Reference Clock Sourced by                                                                              ; Dedicated Pin              ;
;     -- PLL VCO Frequency                                                                                       ; 1535.714285 MHz            ;
;     -- PLL Operation Mode                                                                                      ; Direct                     ;
;     -- PLL Freq Min Lock                                                                                       ; 35.000000 MHz              ;
;     -- PLL Freq Max Lock                                                                                       ; 52.093023 MHz              ;
;     -- PLL Enable                                                                                              ; On                         ;
;     -- PLL Fractional Division                                                                                 ; N/A                        ;
;     -- M Counter                                                                                               ; 215                        ;
;     -- N Counter                                                                                               ; 7                          ;
;     -- PLL Refclk Select                                                                                       ;                            ;
;             -- PLL Refclk Select Location                                                                      ; PLLREFCLKSELECT_X0_Y62_N0  ;
;             -- PLL Reference Clock Input 0 source                                                              ; clk_0                      ;
;             -- PLL Reference Clock Input 1 source                                                              ; ref_clk1                   ;
;             -- ADJPLLIN source                                                                                 ; N/A                        ;
;             -- CORECLKIN source                                                                                ; N/A                        ;
;             -- IQTXRXCLKIN source                                                                              ; N/A                        ;
;             -- PLLIQCLKIN source                                                                               ; N/A                        ;
;             -- RXIQCLKIN source                                                                                ; N/A                        ;
;             -- CLKIN(0) source                                                                                 ; CLOCK4_50~input            ;
;             -- CLKIN(1) source                                                                                 ; N/A                        ;
;             -- CLKIN(2) source                                                                                 ; N/A                        ;
;             -- CLKIN(3) source                                                                                 ; N/A                        ;
;     -- PLL Output Counter                                                                                      ;                            ;
;         -- vga_pll:pllv|vga_pll_0002:vga_pll_inst|altera_pll:altera_pll_i|general[0].gpll~PLL_OUTPUT_COUNTER   ;                            ;
;             -- Output Clock Frequency                                                                          ; 25.175644 MHz              ;
;             -- Output Clock Location                                                                           ; PLLOUTPUTCOUNTER_X0_Y61_N1 ;
;             -- C Counter Odd Divider Even Duty Enable                                                          ; On                         ;
;             -- Duty Cycle                                                                                      ; 50.0000                    ;
;             -- Phase Shift                                                                                     ; 0.000000 degrees           ;
;             -- C Counter                                                                                       ; 61                         ;
;             -- C Counter PH Mux PRST                                                                           ; 0                          ;
;             -- C Counter PRST                                                                                  ; 1                          ;
;                                                                                                                ;                            ;
; pll_test:ref|pll_test_0002:pll_test_inst|altera_pll:altera_pll_i|general[0].gpll~FRACTIONAL_PLL                ;                            ;
;     -- PLL Type                                                                                                ; Integer PLL                ;
;     -- PLL Location                                                                                            ; FRACTIONALPLL_X0_Y1_N0     ;
;     -- PLL Feedback clock type                                                                                 ; none                       ;
;     -- PLL Bandwidth                                                                                           ; Auto                       ;
;         -- PLL Bandwidth Range                                                                                 ; 2100000 to 1400000 Hz      ;
;     -- Reference Clock Frequency                                                                               ; 50.0 MHz                   ;
;     -- Reference Clock Sourced by                                                                              ; Dedicated Pin              ;
;     -- PLL VCO Frequency                                                                                       ; 300.0 MHz                  ;
;     -- PLL Operation Mode                                                                                      ; Direct                     ;
;     -- PLL Freq Min Lock                                                                                       ; 50.000000 MHz              ;
;     -- PLL Freq Max Lock                                                                                       ; 133.333333 MHz             ;
;     -- PLL Enable                                                                                              ; On                         ;
;     -- PLL Fractional Division                                                                                 ; N/A                        ;
;     -- M Counter                                                                                               ; 12                         ;
;     -- N Counter                                                                                               ; 2                          ;
;     -- PLL Refclk Select                                                                                       ;                            ;
;             -- PLL Refclk Select Location                                                                      ; PLLREFCLKSELECT_X0_Y7_N0   ;
;             -- PLL Reference Clock Input 0 source                                                              ; clk_0                      ;
;             -- PLL Reference Clock Input 1 source                                                              ; ref_clk1                   ;
;             -- ADJPLLIN source                                                                                 ; N/A                        ;
;             -- CORECLKIN source                                                                                ; N/A                        ;
;             -- IQTXRXCLKIN source                                                                              ; N/A                        ;
;             -- PLLIQCLKIN source                                                                               ; N/A                        ;
;             -- RXIQCLKIN source                                                                                ; N/A                        ;
;             -- CLKIN(0) source                                                                                 ; CLOCK_50~input             ;
;             -- CLKIN(1) source                                                                                 ; N/A                        ;
;             -- CLKIN(2) source                                                                                 ; N/A                        ;
;             -- CLKIN(3) source                                                                                 ; N/A                        ;
;     -- PLL Output Counter                                                                                      ;                            ;
;         -- pll_test:ref|pll_test_0002:pll_test_inst|altera_pll:altera_pll_i|general[0].gpll~PLL_OUTPUT_COUNTER ;                            ;
;             -- Output Clock Frequency                                                                          ; 20.0 MHz                   ;
;             -- Output Clock Location                                                                           ; PLLOUTPUTCOUNTER_X0_Y8_N1  ;
;             -- C Counter Odd Divider Even Duty Enable                                                          ; On                         ;
;             -- Duty Cycle                                                                                      ; 50.0000                    ;
;             -- Phase Shift                                                                                     ; 0.000000 degrees           ;
;             -- C Counter                                                                                       ; 15                         ;
;             -- C Counter PH Mux PRST                                                                           ; 0                          ;
;             -- C Counter PRST                                                                                  ; 1                          ;
;                                                                                                                ;                            ;
+----------------------------------------------------------------------------------------------------------------+----------------------------+


+---------------------------------------------------------------------------------------------------------------------------------------------------------------------------------------------------------------------------------------------------------------------------------------------------------------------------------------------------------------------------------------------------------------------------------------------------------------------------------------------------------------------------------------------------+
; Fitter Resource Utilization by Entity                                                                                                                                                                                                                                                                                                                                                                                                                                                                                                             ;
+----------------------------------------------------+----------------------+----------------------------------+---------------------------------------------------+----------------------------------+----------------------+---------------------+---------------------------+---------------+-------------------+-------+------------+------+--------------+------------------------------------------------------------------------------------------------------------------------------------------+---------------------------+--------------+
; Compilation Hierarchy Node                         ; ALMs needed [=A-B+C] ; [A] ALMs used in final placement ; [B] Estimate of ALMs recoverable by dense packing ; [C] Estimate of ALMs unavailable ; ALMs used for memory ; Combinational ALUTs ; Dedicated Logic Registers ; I/O Registers ; Block Memory Bits ; M10Ks ; DSP Blocks ; Pins ; Virtual Pins ; Full Hierarchy Name                                                                                                                      ; Entity Name               ; Library Name ;
+----------------------------------------------------+----------------------+----------------------------------+---------------------------------------------------+----------------------------------+----------------------+---------------------+---------------------------+---------------+-------------------+-------+------------+------+--------------+------------------------------------------------------------------------------------------------------------------------------------------+---------------------------+--------------+
; |DE1_SOC_D8M_LB_RTL                                ; 1614.5 (3.0)         ; 1717.5 (3.2)                     ; 108.0 (0.2)                                       ; 5.0 (0.0)                        ; 0.0 (0.0)            ; 2595 (6)            ; 1421 (0)                  ; 0 (0)         ; 122880            ; 15    ; 4          ; 121  ; 0            ; |DE1_SOC_D8M_LB_RTL                                                                                                                      ; DE1_SOC_D8M_LB_RTL        ; work         ;
;    |CLOCKMEM:ck1|                                  ; 23.5 (23.5)          ; 23.5 (23.5)                      ; 0.0 (0.0)                                         ; 0.0 (0.0)                        ; 0.0 (0.0)            ; 41 (41)             ; 34 (34)                   ; 0 (0)         ; 0                 ; 0     ; 0          ; 0    ; 0            ; |DE1_SOC_D8M_LB_RTL|CLOCKMEM:ck1                                                                                                         ; CLOCKMEM                  ; work         ;
;    |CLOCKMEM:ck2|                                  ; 24.0 (24.0)          ; 24.0 (24.0)                      ; 0.0 (0.0)                                         ; 0.0 (0.0)                        ; 0.0 (0.0)            ; 42 (42)             ; 33 (33)                   ; 0 (0)         ; 0                 ; 0     ; 0          ; 0    ; 0            ; |DE1_SOC_D8M_LB_RTL|CLOCKMEM:ck2                                                                                                         ; CLOCKMEM                  ; work         ;
;    |CLOCKMEM:ck3|                                  ; 23.5 (23.5)          ; 23.5 (23.5)                      ; 0.0 (0.0)                                         ; 0.0 (0.0)                        ; 0.0 (0.0)            ; 41 (41)             ; 33 (33)                   ; 0 (0)         ; 0                 ; 0     ; 0          ; 0    ; 0            ; |DE1_SOC_D8M_LB_RTL|CLOCKMEM:ck3                                                                                                         ; CLOCKMEM                  ; work         ;
;    |D8M_SET:ccd|                                   ; 105.3 (0.0)          ; 109.3 (0.0)                      ; 4.0 (0.0)                                         ; 0.0 (0.0)                        ; 0.0 (0.0)            ; 164 (0)             ; 110 (0)                   ; 0 (0)         ; 122880            ; 15    ; 0          ; 0    ; 0            ; |DE1_SOC_D8M_LB_RTL|D8M_SET:ccd                                                                                                          ; D8M_SET                   ; work         ;
;       |D8M_WRITE_COUNTER:u3|                       ; 29.7 (29.7)          ; 31.2 (31.2)                      ; 1.5 (1.5)                                         ; 0.0 (0.0)                        ; 0.0 (0.0)            ; 58 (58)             ; 46 (46)                   ; 0 (0)         ; 0                 ; 0     ; 0          ; 0    ; 0            ; |DE1_SOC_D8M_LB_RTL|D8M_SET:ccd|D8M_WRITE_COUNTER:u3                                                                                     ; D8M_WRITE_COUNTER         ; work         ;
;       |RAW2RGB_L:u4|                               ; 68.7 (3.5)           ; 71.7 (3.5)                       ; 3.0 (0.0)                                         ; 0.0 (0.0)                        ; 0.0 (0.0)            ; 92 (6)              ; 47 (0)                    ; 0 (0)         ; 122880            ; 15    ; 0          ; 0    ; 0            ; |DE1_SOC_D8M_LB_RTL|D8M_SET:ccd|RAW2RGB_L:u4                                                                                             ; RAW2RGB_L                 ; work         ;
;          |Line_Buffer_J:u0|                        ; 20.3 (20.3)          ; 20.3 (20.3)                      ; 0.0 (0.0)                                         ; 0.0 (0.0)                        ; 0.0 (0.0)            ; 25 (25)             ; 2 (2)                     ; 0 (0)         ; 122880            ; 15    ; 0          ; 0    ; 0            ; |DE1_SOC_D8M_LB_RTL|D8M_SET:ccd|RAW2RGB_L:u4|Line_Buffer_J:u0                                                                            ; Line_Buffer_J             ; work         ;
;             |int_line:d1|                          ; 0.0 (0.0)            ; 0.0 (0.0)                        ; 0.0 (0.0)                                         ; 0.0 (0.0)                        ; 0.0 (0.0)            ; 0 (0)               ; 0 (0)                     ; 0 (0)         ; 40960             ; 5     ; 0          ; 0    ; 0            ; |DE1_SOC_D8M_LB_RTL|D8M_SET:ccd|RAW2RGB_L:u4|Line_Buffer_J:u0|int_line:d1                                                                ; int_line                  ; work         ;
;                |altsyncram:altsyncram_component|   ; 0.0 (0.0)            ; 0.0 (0.0)                        ; 0.0 (0.0)                                         ; 0.0 (0.0)                        ; 0.0 (0.0)            ; 0 (0)               ; 0 (0)                     ; 0 (0)         ; 40960             ; 5     ; 0          ; 0    ; 0            ; |DE1_SOC_D8M_LB_RTL|D8M_SET:ccd|RAW2RGB_L:u4|Line_Buffer_J:u0|int_line:d1|altsyncram:altsyncram_component                                ; altsyncram                ; work         ;
;                   |altsyncram_iup1:auto_generated| ; 0.0 (0.0)            ; 0.0 (0.0)                        ; 0.0 (0.0)                                         ; 0.0 (0.0)                        ; 0.0 (0.0)            ; 0 (0)               ; 0 (0)                     ; 0 (0)         ; 40960             ; 5     ; 0          ; 0    ; 0            ; |DE1_SOC_D8M_LB_RTL|D8M_SET:ccd|RAW2RGB_L:u4|Line_Buffer_J:u0|int_line:d1|altsyncram:altsyncram_component|altsyncram_iup1:auto_generated ; altsyncram_iup1           ; work         ;
;             |int_line:d2|                          ; 0.0 (0.0)            ; 0.0 (0.0)                        ; 0.0 (0.0)                                         ; 0.0 (0.0)                        ; 0.0 (0.0)            ; 0 (0)               ; 0 (0)                     ; 0 (0)         ; 40960             ; 5     ; 0          ; 0    ; 0            ; |DE1_SOC_D8M_LB_RTL|D8M_SET:ccd|RAW2RGB_L:u4|Line_Buffer_J:u0|int_line:d2                                                                ; int_line                  ; work         ;
;                |altsyncram:altsyncram_component|   ; 0.0 (0.0)            ; 0.0 (0.0)                        ; 0.0 (0.0)                                         ; 0.0 (0.0)                        ; 0.0 (0.0)            ; 0 (0)               ; 0 (0)                     ; 0 (0)         ; 40960             ; 5     ; 0          ; 0    ; 0            ; |DE1_SOC_D8M_LB_RTL|D8M_SET:ccd|RAW2RGB_L:u4|Line_Buffer_J:u0|int_line:d2|altsyncram:altsyncram_component                                ; altsyncram                ; work         ;
;                   |altsyncram_iup1:auto_generated| ; 0.0 (0.0)            ; 0.0 (0.0)                        ; 0.0 (0.0)                                         ; 0.0 (0.0)                        ; 0.0 (0.0)            ; 0 (0)               ; 0 (0)                     ; 0 (0)         ; 40960             ; 5     ; 0          ; 0    ; 0            ; |DE1_SOC_D8M_LB_RTL|D8M_SET:ccd|RAW2RGB_L:u4|Line_Buffer_J:u0|int_line:d2|altsyncram:altsyncram_component|altsyncram_iup1:auto_generated ; altsyncram_iup1           ; work         ;
;             |int_line:d3|                          ; 0.0 (0.0)            ; 0.0 (0.0)                        ; 0.0 (0.0)                                         ; 0.0 (0.0)                        ; 0.0 (0.0)            ; 0 (0)               ; 0 (0)                     ; 0 (0)         ; 40960             ; 5     ; 0          ; 0    ; 0            ; |DE1_SOC_D8M_LB_RTL|D8M_SET:ccd|RAW2RGB_L:u4|Line_Buffer_J:u0|int_line:d3                                                                ; int_line                  ; work         ;
;                |altsyncram:altsyncram_component|   ; 0.0 (0.0)            ; 0.0 (0.0)                        ; 0.0 (0.0)                                         ; 0.0 (0.0)                        ; 0.0 (0.0)            ; 0 (0)               ; 0 (0)                     ; 0 (0)         ; 40960             ; 5     ; 0          ; 0    ; 0            ; |DE1_SOC_D8M_LB_RTL|D8M_SET:ccd|RAW2RGB_L:u4|Line_Buffer_J:u0|int_line:d3|altsyncram:altsyncram_component                                ; altsyncram                ; work         ;
;                   |altsyncram_iup1:auto_generated| ; 0.0 (0.0)            ; 0.0 (0.0)                        ; 0.0 (0.0)                                         ; 0.0 (0.0)                        ; 0.0 (0.0)            ; 0 (0)               ; 0 (0)                     ; 0 (0)         ; 40960             ; 5     ; 0          ; 0    ; 0            ; |DE1_SOC_D8M_LB_RTL|D8M_SET:ccd|RAW2RGB_L:u4|Line_Buffer_J:u0|int_line:d3|altsyncram:altsyncram_component|altsyncram_iup1:auto_generated ; altsyncram_iup1           ; work         ;
;          |RAW_RGB_BIN:bin|                         ; 44.2 (44.2)          ; 47.8 (47.8)                      ; 3.7 (3.7)                                         ; 0.0 (0.0)                        ; 0.0 (0.0)            ; 61 (61)             ; 45 (45)                   ; 0 (0)         ; 0                 ; 0     ; 0          ; 0    ; 0            ; |DE1_SOC_D8M_LB_RTL|D8M_SET:ccd|RAW2RGB_L:u4|RAW_RGB_BIN:bin                                                                             ; RAW_RGB_BIN               ; work         ;
;       |VGA_READ_COUNTER:cnt|                       ; 6.5 (6.5)            ; 6.5 (6.5)                        ; 0.0 (0.0)                                         ; 0.0 (0.0)                        ; 0.0 (0.0)            ; 14 (14)             ; 17 (17)                   ; 0 (0)         ; 0                 ; 0     ; 0          ; 0    ; 0            ; |DE1_SOC_D8M_LB_RTL|D8M_SET:ccd|VGA_READ_COUNTER:cnt                                                                                     ; VGA_READ_COUNTER          ; work         ;
;    |FOCUS_ADJ:adl|                                 ; 545.0 (10.7)         ; 583.2 (10.7)                     ; 39.2 (0.0)                                        ; 1.0 (0.0)                        ; 0.0 (0.0)            ; 872 (17)            ; 643 (24)                  ; 0 (0)         ; 0                 ; 0     ; 2          ; 0    ; 0            ; |DE1_SOC_D8M_LB_RTL|FOCUS_ADJ:adl                                                                                                        ; FOCUS_ADJ                 ; work         ;
;       |AUTO_SYNC_MODIFY:RE|                        ; 46.7 (0.0)           ; 52.8 (0.0)                       ; 6.2 (0.0)                                         ; 0.0 (0.0)                        ; 0.0 (0.0)            ; 69 (0)              ; 107 (0)                   ; 0 (0)         ; 0                 ; 0     ; 0          ; 0    ; 0            ; |DE1_SOC_D8M_LB_RTL|FOCUS_ADJ:adl|AUTO_SYNC_MODIFY:RE                                                                                    ; AUTO_SYNC_MODIFY          ; work         ;
;          |MODIFY_SYNC:hs|                          ; 26.3 (26.3)          ; 26.3 (26.3)                      ; 0.0 (0.0)                                         ; 0.0 (0.0)                        ; 0.0 (0.0)            ; 36 (36)             ; 55 (55)                   ; 0 (0)         ; 0                 ; 0     ; 0          ; 0    ; 0            ; |DE1_SOC_D8M_LB_RTL|FOCUS_ADJ:adl|AUTO_SYNC_MODIFY:RE|MODIFY_SYNC:hs                                                                     ; MODIFY_SYNC               ; work         ;
;          |MODIFY_SYNC:vs|                          ; 20.0 (20.0)          ; 26.5 (26.5)                      ; 6.5 (6.5)                                         ; 0.0 (0.0)                        ; 0.0 (0.0)            ; 33 (33)             ; 52 (52)                   ; 0 (0)         ; 0                 ; 0     ; 0          ; 0    ; 0            ; |DE1_SOC_D8M_LB_RTL|FOCUS_ADJ:adl|AUTO_SYNC_MODIFY:RE|MODIFY_SYNC:vs                                                                     ; MODIFY_SYNC               ; work         ;
;       |I2C_DELAY:i2c|                              ; 22.5 (22.5)          ; 23.0 (23.0)                      ; 0.5 (0.5)                                         ; 0.0 (0.0)                        ; 0.0 (0.0)            ; 38 (38)             ; 41 (41)                   ; 0 (0)         ; 0                 ; 0     ; 0          ; 0    ; 0            ; |DE1_SOC_D8M_LB_RTL|FOCUS_ADJ:adl|I2C_DELAY:i2c                                                                                          ; I2C_DELAY                 ; work         ;
;       |LCD_COUNTER:cv1|                            ; 104.2 (104.2)        ; 106.3 (106.3)                    ; 2.2 (2.2)                                         ; 0.0 (0.0)                        ; 0.0 (0.0)            ; 177 (177)           ; 79 (79)                   ; 0 (0)         ; 0                 ; 0     ; 0          ; 0    ; 0            ; |DE1_SOC_D8M_LB_RTL|FOCUS_ADJ:adl|LCD_COUNTER:cv1                                                                                        ; LCD_COUNTER               ; work         ;
;       |VCM_CTRL_P:pp|                              ; 119.7 (66.8)         ; 133.7 (79.3)                     ; 14.0 (12.5)                                       ; 0.0 (0.0)                        ; 0.0 (0.0)            ; 203 (99)            ; 164 (136)                 ; 0 (0)         ; 0                 ; 0     ; 2          ; 0    ; 0            ; |DE1_SOC_D8M_LB_RTL|FOCUS_ADJ:adl|VCM_CTRL_P:pp                                                                                          ; VCM_CTRL_P                ; work         ;
;          |F_VCM:f|                                 ; 52.8 (52.8)          ; 54.3 (54.3)                      ; 1.5 (1.5)                                         ; 0.0 (0.0)                        ; 0.0 (0.0)            ; 104 (104)           ; 28 (28)                   ; 0 (0)         ; 0                 ; 0     ; 0          ; 0    ; 0            ; |DE1_SOC_D8M_LB_RTL|FOCUS_ADJ:adl|VCM_CTRL_P:pp|F_VCM:f                                                                                  ; F_VCM                     ; work         ;
;       |VCM_I2C:i2c2|                               ; 241.3 (100.3)        ; 256.7 (103.3)                    ; 16.3 (3.8)                                        ; 1.0 (0.8)                        ; 0.0 (0.0)            ; 368 (146)           ; 228 (73)                  ; 0 (0)         ; 0                 ; 0     ; 0          ; 0    ; 0            ; |DE1_SOC_D8M_LB_RTL|FOCUS_ADJ:adl|VCM_I2C:i2c2                                                                                           ; VCM_I2C                   ; work         ;
;          |CLOCKMEM:c1|                             ; 16.5 (16.5)          ; 17.0 (17.0)                      ; 0.5 (0.5)                                         ; 0.0 (0.0)                        ; 0.0 (0.0)            ; 33 (33)             ; 42 (42)                   ; 0 (0)         ; 0                 ; 0     ; 0          ; 0    ; 0            ; |DE1_SOC_D8M_LB_RTL|FOCUS_ADJ:adl|VCM_I2C:i2c2|CLOCKMEM:c1                                                                               ; CLOCKMEM                  ; work         ;
;          |I2C_READ_DATA:rd|                        ; 43.6 (43.6)          ; 50.5 (50.5)                      ; 7.0 (7.0)                                         ; 0.1 (0.1)                        ; 0.0 (0.0)            ; 69 (69)             ; 44 (44)                   ; 0 (0)         ; 0                 ; 0     ; 0          ; 0    ; 0            ; |DE1_SOC_D8M_LB_RTL|FOCUS_ADJ:adl|VCM_I2C:i2c2|I2C_READ_DATA:rd                                                                          ; I2C_READ_DATA             ; work         ;
;          |I2C_WRITE_PTR:wpt|                       ; 47.0 (47.0)          ; 50.5 (50.5)                      ; 3.5 (3.5)                                         ; 0.0 (0.0)                        ; 0.0 (0.0)            ; 70 (70)             ; 37 (37)                   ; 0 (0)         ; 0                 ; 0     ; 0          ; 0    ; 0            ; |DE1_SOC_D8M_LB_RTL|FOCUS_ADJ:adl|VCM_I2C:i2c2|I2C_WRITE_PTR:wpt                                                                         ; I2C_WRITE_PTR             ; work         ;
;          |I2C_WRITE_WDATA:wrd|                     ; 34.0 (34.0)          ; 35.3 (35.3)                      ; 1.5 (1.5)                                         ; 0.1 (0.1)                        ; 0.0 (0.0)            ; 50 (50)             ; 32 (32)                   ; 0 (0)         ; 0                 ; 0     ; 0          ; 0    ; 0            ; |DE1_SOC_D8M_LB_RTL|FOCUS_ADJ:adl|VCM_I2C:i2c2|I2C_WRITE_WDATA:wrd                                                                       ; I2C_WRITE_WDATA           ; work         ;
;    |FpsMonitor:uFps2|                              ; 38.5 (38.5)          ; 40.5 (40.5)                      ; 2.0 (2.0)                                         ; 0.0 (0.0)                        ; 0.0 (0.0)            ; 66 (66)             ; 47 (47)                   ; 0 (0)         ; 0                 ; 0     ; 0          ; 0    ; 0            ; |DE1_SOC_D8M_LB_RTL|FpsMonitor:uFps2                                                                                                     ; FpsMonitor                ; work         ;
;    |MIPI_BRIDGE_CAMERA_Config:cfin|                ; 811.8 (0.3)          ; 870.2 (0.3)                      ; 62.3 (0.0)                                        ; 4.0 (0.0)                        ; 0.0 (0.0)            ; 1279 (1)            ; 476 (0)                   ; 0 (0)         ; 0                 ; 0     ; 0          ; 0    ; 0            ; |DE1_SOC_D8M_LB_RTL|MIPI_BRIDGE_CAMERA_Config:cfin                                                                                       ; MIPI_BRIDGE_CAMERA_Config ; work         ;
;       |MIPI_BRIDGE_CONFIG:mpiv|                    ; 240.3 (121.5)        ; 262.5 (128.4)                    ; 22.2 (6.9)                                        ; 0.0 (0.0)                        ; 0.0 (0.0)            ; 384 (195)           ; 216 (104)                 ; 0 (0)         ; 0                 ; 0     ; 0          ; 0    ; 0            ; |DE1_SOC_D8M_LB_RTL|MIPI_BRIDGE_CAMERA_Config:cfin|MIPI_BRIDGE_CONFIG:mpiv                                                               ; MIPI_BRIDGE_CONFIG        ; work         ;
;          |CLOCKMEM:c1|                             ; 6.8 (6.8)            ; 6.8 (6.8)                        ; 0.0 (0.0)                                         ; 0.0 (0.0)                        ; 0.0 (0.0)            ; 8 (8)               ; 1 (1)                     ; 0 (0)         ; 0                 ; 0     ; 0          ; 0    ; 0            ; |DE1_SOC_D8M_LB_RTL|MIPI_BRIDGE_CAMERA_Config:cfin|MIPI_BRIDGE_CONFIG:mpiv|CLOCKMEM:c1                                                   ; CLOCKMEM                  ; work         ;
;          |I2C_READ_DATA:rd|                        ; 37.9 (37.9)          ; 46.7 (46.7)                      ; 8.8 (8.8)                                         ; 0.0 (0.0)                        ; 0.0 (0.0)            ; 65 (65)             ; 45 (45)                   ; 0 (0)         ; 0                 ; 0     ; 0          ; 0    ; 0            ; |DE1_SOC_D8M_LB_RTL|MIPI_BRIDGE_CAMERA_Config:cfin|MIPI_BRIDGE_CONFIG:mpiv|I2C_READ_DATA:rd                                              ; I2C_READ_DATA             ; work         ;
;          |I2C_WRITE_PTR:wpt|                       ; 42.7 (42.7)          ; 47.1 (47.1)                      ; 4.3 (4.3)                                         ; 0.0 (0.0)                        ; 0.0 (0.0)            ; 66 (66)             ; 38 (38)                   ; 0 (0)         ; 0                 ; 0     ; 0          ; 0    ; 0            ; |DE1_SOC_D8M_LB_RTL|MIPI_BRIDGE_CAMERA_Config:cfin|MIPI_BRIDGE_CONFIG:mpiv|I2C_WRITE_PTR:wpt                                             ; I2C_WRITE_PTR             ; work         ;
;          |I2C_WRITE_WDATA:wrd|                     ; 31.3 (31.3)          ; 33.4 (33.4)                      ; 2.1 (2.1)                                         ; 0.0 (0.0)                        ; 0.0 (0.0)            ; 50 (50)             ; 28 (28)                   ; 0 (0)         ; 0                 ; 0     ; 0          ; 0    ; 0            ; |DE1_SOC_D8M_LB_RTL|MIPI_BRIDGE_CAMERA_Config:cfin|MIPI_BRIDGE_CONFIG:mpiv|I2C_WRITE_WDATA:wrd                                           ; I2C_WRITE_WDATA           ; work         ;
;       |MIPI_CAMERA_CONFIG:camiv|                   ; 571.2 (453.8)        ; 607.4 (477.2)                    ; 40.3 (27.4)                                       ; 4.0 (4.0)                        ; 0.0 (0.0)            ; 894 (706)           ; 260 (138)                 ; 0 (0)         ; 0                 ; 0     ; 0          ; 0    ; 0            ; |DE1_SOC_D8M_LB_RTL|MIPI_BRIDGE_CAMERA_Config:cfin|MIPI_CAMERA_CONFIG:camiv                                                              ; MIPI_CAMERA_CONFIG        ; work         ;
;          |CLOCKMEM:c1|                             ; 0.3 (0.3)            ; 0.3 (0.3)                        ; 0.0 (0.0)                                         ; 0.0 (0.0)                        ; 0.0 (0.0)            ; 1 (1)               ; 1 (1)                     ; 0 (0)         ; 0                 ; 0     ; 0          ; 0    ; 0            ; |DE1_SOC_D8M_LB_RTL|MIPI_BRIDGE_CAMERA_Config:cfin|MIPI_CAMERA_CONFIG:camiv|CLOCKMEM:c1                                                  ; CLOCKMEM                  ; work         ;
;          |I2C_READ_DATA:rd|                        ; 41.7 (41.7)          ; 48.9 (48.9)                      ; 7.2 (7.2)                                         ; 0.0 (0.0)                        ; 0.0 (0.0)            ; 66 (66)             ; 52 (52)                   ; 0 (0)         ; 0                 ; 0     ; 0          ; 0    ; 0            ; |DE1_SOC_D8M_LB_RTL|MIPI_BRIDGE_CAMERA_Config:cfin|MIPI_CAMERA_CONFIG:camiv|I2C_READ_DATA:rd                                             ; I2C_READ_DATA             ; work         ;
;          |I2C_WRITE_PTR:wpt|                       ; 43.3 (43.3)          ; 47.2 (47.2)                      ; 3.9 (3.9)                                         ; 0.0 (0.0)                        ; 0.0 (0.0)            ; 69 (69)             ; 38 (38)                   ; 0 (0)         ; 0                 ; 0     ; 0          ; 0    ; 0            ; |DE1_SOC_D8M_LB_RTL|MIPI_BRIDGE_CAMERA_Config:cfin|MIPI_CAMERA_CONFIG:camiv|I2C_WRITE_PTR:wpt                                            ; I2C_WRITE_PTR             ; work         ;
;          |I2C_WRITE_WDATA:wrd|                     ; 31.9 (31.9)          ; 33.7 (33.7)                      ; 1.8 (1.8)                                         ; 0.0 (0.0)                        ; 0.0 (0.0)            ; 52 (52)             ; 31 (31)                   ; 0 (0)         ; 0                 ; 0     ; 0          ; 0    ; 0            ; |DE1_SOC_D8M_LB_RTL|MIPI_BRIDGE_CAMERA_Config:cfin|MIPI_CAMERA_CONFIG:camiv|I2C_WRITE_WDATA:wrd                                          ; I2C_WRITE_WDATA           ; work         ;
;    |RESET_DELAY:u2|                                ; 24.0 (24.0)          ; 24.0 (24.0)                      ; 0.0 (0.0)                                         ; 0.0 (0.0)                        ; 0.0 (0.0)            ; 42 (42)             ; 45 (45)                   ; 0 (0)         ; 0                 ; 0     ; 0          ; 0    ; 0            ; |DE1_SOC_D8M_LB_RTL|RESET_DELAY:u2                                                                                                       ; RESET_DELAY               ; work         ;
;    |VGA_Controller_trig:u1|                        ; 15.8 (15.8)          ; 16.2 (16.2)                      ; 0.3 (0.3)                                         ; 0.0 (0.0)                        ; 0.0 (0.0)            ; 42 (42)             ; 0 (0)                     ; 0 (0)         ; 0                 ; 0     ; 0          ; 0    ; 0            ; |DE1_SOC_D8M_LB_RTL|VGA_Controller_trig:u1                                                                                               ; VGA_Controller_trig       ; work         ;
;    |pll_test:ref|                                  ; 0.0 (0.0)            ; 0.0 (0.0)                        ; 0.0 (0.0)                                         ; 0.0 (0.0)                        ; 0.0 (0.0)            ; 0 (0)               ; 0 (0)                     ; 0 (0)         ; 0                 ; 0     ; 0          ; 0    ; 0            ; |DE1_SOC_D8M_LB_RTL|pll_test:ref                                                                                                         ; pll_test                  ; work         ;
;       |pll_test_0002:pll_test_inst|                ; 0.0 (0.0)            ; 0.0 (0.0)                        ; 0.0 (0.0)                                         ; 0.0 (0.0)                        ; 0.0 (0.0)            ; 0 (0)               ; 0 (0)                     ; 0 (0)         ; 0                 ; 0     ; 0          ; 0    ; 0            ; |DE1_SOC_D8M_LB_RTL|pll_test:ref|pll_test_0002:pll_test_inst                                                                             ; pll_test_0002             ; work         ;
;          |altera_pll:altera_pll_i|                 ; 0.0 (0.0)            ; 0.0 (0.0)                        ; 0.0 (0.0)                                         ; 0.0 (0.0)                        ; 0.0 (0.0)            ; 0 (0)               ; 0 (0)                     ; 0 (0)         ; 0                 ; 0     ; 0          ; 0    ; 0            ; |DE1_SOC_D8M_LB_RTL|pll_test:ref|pll_test_0002:pll_test_inst|altera_pll:altera_pll_i                                                     ; altera_pll                ; work         ;
;    |vga_pll:pllv|                                  ; 0.0 (0.0)            ; 0.0 (0.0)                        ; 0.0 (0.0)                                         ; 0.0 (0.0)                        ; 0.0 (0.0)            ; 0 (0)               ; 0 (0)                     ; 0 (0)         ; 0                 ; 0     ; 0          ; 0    ; 0            ; |DE1_SOC_D8M_LB_RTL|vga_pll:pllv                                                                                                         ; vga_pll                   ; vga_pll      ;
;       |vga_pll_0002:vga_pll_inst|                  ; 0.0 (0.0)            ; 0.0 (0.0)                        ; 0.0 (0.0)                                         ; 0.0 (0.0)                        ; 0.0 (0.0)            ; 0 (0)               ; 0 (0)                     ; 0 (0)         ; 0                 ; 0     ; 0          ; 0    ; 0            ; |DE1_SOC_D8M_LB_RTL|vga_pll:pllv|vga_pll_0002:vga_pll_inst                                                                               ; vga_pll_0002              ; vga_pll      ;
;          |altera_pll:altera_pll_i|                 ; 0.0 (0.0)            ; 0.0 (0.0)                        ; 0.0 (0.0)                                         ; 0.0 (0.0)                        ; 0.0 (0.0)            ; 0 (0)               ; 0 (0)                     ; 0 (0)         ; 0                 ; 0     ; 0          ; 0    ; 0            ; |DE1_SOC_D8M_LB_RTL|vga_pll:pllv|vga_pll_0002:vga_pll_inst|altera_pll:altera_pll_i                                                       ; altera_pll                ; work         ;
+----------------------------------------------------+----------------------+----------------------------------+---------------------------------------------------+----------------------------------+----------------------+---------------------+---------------------------+---------------+-------------------+-------+------------+------+--------------+------------------------------------------------------------------------------------------------------------------------------------------+---------------------------+--------------+
Note: For table entries with two numbers listed, the numbers in parentheses indicate the number of resources of the given type used by the specific entity alone. The numbers listed outside of parentheses indicate the total resources of the given type used by the specific entity and all of its sub-entities in the hierarchy.


+--------------------------------------------------------------------------------------------------------------------------------+
; Delay Chain Summary                                                                                                            ;
+-----------------+----------+----+------+------+----+------+-------+--------+------------------------+--------------------------+
; Name            ; Pin Type ; D1 ; D3_0 ; D3_1 ; D4 ; D5   ; D5 OE ; D5 OCT ; T11 (Postamble Gating) ; T11 (Postamble Ungating) ;
+-----------------+----------+----+------+------+----+------+-------+--------+------------------------+--------------------------+
; CLOCK3_50       ; Input    ; -- ; --   ; --   ; -- ; --   ; --    ; --     ; --                     ; --                       ;
; HEX0[0]         ; Output   ; -- ; --   ; --   ; -- ; (0)  ; (31)  ; --     ; --                     ; --                       ;
; HEX0[1]         ; Output   ; -- ; --   ; --   ; -- ; (0)  ; (31)  ; --     ; --                     ; --                       ;
; HEX0[2]         ; Output   ; -- ; --   ; --   ; -- ; (0)  ; (31)  ; --     ; --                     ; --                       ;
; HEX0[3]         ; Output   ; -- ; --   ; --   ; -- ; (0)  ; (31)  ; --     ; --                     ; --                       ;
; HEX0[4]         ; Output   ; -- ; --   ; --   ; -- ; (0)  ; (31)  ; --     ; --                     ; --                       ;
; HEX0[5]         ; Output   ; -- ; --   ; --   ; -- ; (0)  ; (31)  ; --     ; --                     ; --                       ;
; HEX0[6]         ; Output   ; -- ; --   ; --   ; -- ; (0)  ; (31)  ; --     ; --                     ; --                       ;
; HEX1[0]         ; Output   ; -- ; --   ; --   ; -- ; (0)  ; (31)  ; --     ; --                     ; --                       ;
; HEX1[1]         ; Output   ; -- ; --   ; --   ; -- ; (0)  ; (31)  ; --     ; --                     ; --                       ;
; HEX1[2]         ; Output   ; -- ; --   ; --   ; -- ; (0)  ; (31)  ; --     ; --                     ; --                       ;
; HEX1[3]         ; Output   ; -- ; --   ; --   ; -- ; (0)  ; (31)  ; --     ; --                     ; --                       ;
; HEX1[4]         ; Output   ; -- ; --   ; --   ; -- ; (0)  ; (31)  ; --     ; --                     ; --                       ;
; HEX1[5]         ; Output   ; -- ; --   ; --   ; -- ; (0)  ; (31)  ; --     ; --                     ; --                       ;
; HEX1[6]         ; Output   ; -- ; --   ; --   ; -- ; (0)  ; (31)  ; --     ; --                     ; --                       ;
; HEX2[0]         ; Output   ; -- ; --   ; --   ; -- ; (0)  ; (31)  ; --     ; --                     ; --                       ;
; HEX2[1]         ; Output   ; -- ; --   ; --   ; -- ; (0)  ; (31)  ; --     ; --                     ; --                       ;
; HEX2[2]         ; Output   ; -- ; --   ; --   ; -- ; (0)  ; (31)  ; --     ; --                     ; --                       ;
; HEX2[3]         ; Output   ; -- ; --   ; --   ; -- ; (0)  ; (31)  ; --     ; --                     ; --                       ;
; HEX2[4]         ; Output   ; -- ; --   ; --   ; -- ; (0)  ; (31)  ; --     ; --                     ; --                       ;
; HEX2[5]         ; Output   ; -- ; --   ; --   ; -- ; (0)  ; (31)  ; --     ; --                     ; --                       ;
; HEX2[6]         ; Output   ; -- ; --   ; --   ; -- ; (0)  ; (31)  ; --     ; --                     ; --                       ;
; HEX3[0]         ; Output   ; -- ; --   ; --   ; -- ; (0)  ; (31)  ; --     ; --                     ; --                       ;
; HEX3[1]         ; Output   ; -- ; --   ; --   ; -- ; (0)  ; (31)  ; --     ; --                     ; --                       ;
; HEX3[2]         ; Output   ; -- ; --   ; --   ; -- ; (0)  ; (31)  ; --     ; --                     ; --                       ;
; HEX3[3]         ; Output   ; -- ; --   ; --   ; -- ; (0)  ; (31)  ; --     ; --                     ; --                       ;
; HEX3[4]         ; Output   ; -- ; --   ; --   ; -- ; (0)  ; (31)  ; --     ; --                     ; --                       ;
; HEX3[5]         ; Output   ; -- ; --   ; --   ; -- ; (0)  ; (31)  ; --     ; --                     ; --                       ;
; HEX3[6]         ; Output   ; -- ; --   ; --   ; -- ; (0)  ; (31)  ; --     ; --                     ; --                       ;
; HEX4[0]         ; Output   ; -- ; --   ; --   ; -- ; (0)  ; (31)  ; --     ; --                     ; --                       ;
; HEX4[1]         ; Output   ; -- ; --   ; --   ; -- ; (0)  ; (31)  ; --     ; --                     ; --                       ;
; HEX4[2]         ; Output   ; -- ; --   ; --   ; -- ; (0)  ; (31)  ; --     ; --                     ; --                       ;
; HEX4[3]         ; Output   ; -- ; --   ; --   ; -- ; (0)  ; (31)  ; --     ; --                     ; --                       ;
; HEX4[4]         ; Output   ; -- ; --   ; --   ; -- ; (0)  ; (31)  ; --     ; --                     ; --                       ;
; HEX4[5]         ; Output   ; -- ; --   ; --   ; -- ; (0)  ; (31)  ; --     ; --                     ; --                       ;
; HEX4[6]         ; Output   ; -- ; --   ; --   ; -- ; (0)  ; (31)  ; --     ; --                     ; --                       ;
; HEX5[0]         ; Output   ; -- ; --   ; --   ; -- ; (0)  ; (31)  ; --     ; --                     ; --                       ;
; HEX5[1]         ; Output   ; -- ; --   ; --   ; -- ; (0)  ; (31)  ; --     ; --                     ; --                       ;
; HEX5[2]         ; Output   ; -- ; --   ; --   ; -- ; (0)  ; (31)  ; --     ; --                     ; --                       ;
; HEX5[3]         ; Output   ; -- ; --   ; --   ; -- ; (0)  ; (31)  ; --     ; --                     ; --                       ;
; HEX5[4]         ; Output   ; -- ; --   ; --   ; -- ; (0)  ; (31)  ; --     ; --                     ; --                       ;
; HEX5[5]         ; Output   ; -- ; --   ; --   ; -- ; (0)  ; (31)  ; --     ; --                     ; --                       ;
; HEX5[6]         ; Output   ; -- ; --   ; --   ; -- ; (0)  ; (31)  ; --     ; --                     ; --                       ;
; KEY[1]          ; Input    ; -- ; --   ; --   ; -- ; --   ; --    ; --     ; --                     ; --                       ;
; KEY[2]          ; Input    ; -- ; --   ; --   ; -- ; --   ; --    ; --     ; --                     ; --                       ;
; LEDR[0]         ; Output   ; -- ; --   ; --   ; -- ; (0)  ; (31)  ; --     ; --                     ; --                       ;
; LEDR[1]         ; Output   ; -- ; --   ; --   ; -- ; (0)  ; (31)  ; --     ; --                     ; --                       ;
; LEDR[2]         ; Output   ; -- ; --   ; --   ; -- ; (0)  ; (31)  ; --     ; --                     ; --                       ;
; LEDR[3]         ; Output   ; -- ; --   ; --   ; -- ; (0)  ; (31)  ; --     ; --                     ; --                       ;
; LEDR[4]         ; Output   ; -- ; --   ; --   ; -- ; (0)  ; (31)  ; --     ; --                     ; --                       ;
; LEDR[5]         ; Output   ; -- ; --   ; --   ; -- ; (0)  ; (31)  ; --     ; --                     ; --                       ;
; LEDR[6]         ; Output   ; -- ; --   ; --   ; -- ; (0)  ; (31)  ; --     ; --                     ; --                       ;
; LEDR[7]         ; Output   ; -- ; --   ; --   ; -- ; (0)  ; (31)  ; --     ; --                     ; --                       ;
; LEDR[8]         ; Output   ; -- ; --   ; --   ; -- ; (0)  ; (31)  ; --     ; --                     ; --                       ;
; LEDR[9]         ; Output   ; -- ; --   ; --   ; -- ; (0)  ; (31)  ; --     ; --                     ; --                       ;
; SW[2]           ; Input    ; -- ; --   ; --   ; -- ; --   ; --    ; --     ; --                     ; --                       ;
; SW[4]           ; Input    ; -- ; --   ; --   ; -- ; --   ; --    ; --     ; --                     ; --                       ;
; SW[5]           ; Input    ; -- ; --   ; --   ; -- ; --   ; --    ; --     ; --                     ; --                       ;
; SW[6]           ; Input    ; -- ; --   ; --   ; -- ; --   ; --    ; --     ; --                     ; --                       ;
; SW[7]           ; Input    ; -- ; --   ; --   ; -- ; --   ; --    ; --     ; --                     ; --                       ;
; SW[8]           ; Input    ; -- ; --   ; --   ; -- ; --   ; --    ; --     ; --                     ; --                       ;
; SW[9]           ; Input    ; -- ; --   ; --   ; -- ; --   ; --    ; --     ; --                     ; --                       ;
; VGA_BLANK_N     ; Output   ; -- ; --   ; --   ; -- ; (0)  ; (31)  ; --     ; --                     ; --                       ;
; VGA_B[0]        ; Output   ; -- ; --   ; --   ; -- ; (0)  ; (31)  ; --     ; --                     ; --                       ;
; VGA_B[1]        ; Output   ; -- ; --   ; --   ; -- ; (0)  ; (31)  ; --     ; --                     ; --                       ;
; VGA_B[2]        ; Output   ; -- ; --   ; --   ; -- ; (0)  ; (31)  ; --     ; --                     ; --                       ;
; VGA_B[3]        ; Output   ; -- ; --   ; --   ; -- ; (0)  ; (31)  ; --     ; --                     ; --                       ;
; VGA_B[4]        ; Output   ; -- ; --   ; --   ; -- ; (0)  ; (31)  ; --     ; --                     ; --                       ;
; VGA_B[5]        ; Output   ; -- ; --   ; --   ; -- ; (0)  ; (31)  ; --     ; --                     ; --                       ;
; VGA_B[6]        ; Output   ; -- ; --   ; --   ; -- ; (0)  ; (31)  ; --     ; --                     ; --                       ;
; VGA_B[7]        ; Output   ; -- ; --   ; --   ; -- ; (0)  ; (31)  ; --     ; --                     ; --                       ;
; VGA_CLK         ; Output   ; -- ; --   ; --   ; -- ; (0)  ; (31)  ; --     ; --                     ; --                       ;
; VGA_G[0]        ; Output   ; -- ; --   ; --   ; -- ; (0)  ; (31)  ; --     ; --                     ; --                       ;
; VGA_G[1]        ; Output   ; -- ; --   ; --   ; -- ; (0)  ; (31)  ; --     ; --                     ; --                       ;
; VGA_G[2]        ; Output   ; -- ; --   ; --   ; -- ; (0)  ; (31)  ; --     ; --                     ; --                       ;
; VGA_G[3]        ; Output   ; -- ; --   ; --   ; -- ; (0)  ; (31)  ; --     ; --                     ; --                       ;
; VGA_G[4]        ; Output   ; -- ; --   ; --   ; -- ; (0)  ; (31)  ; --     ; --                     ; --                       ;
; VGA_G[5]        ; Output   ; -- ; --   ; --   ; -- ; (0)  ; (31)  ; --     ; --                     ; --                       ;
; VGA_G[6]        ; Output   ; -- ; --   ; --   ; -- ; (0)  ; (31)  ; --     ; --                     ; --                       ;
; VGA_G[7]        ; Output   ; -- ; --   ; --   ; -- ; (0)  ; (31)  ; --     ; --                     ; --                       ;
; VGA_HS          ; Output   ; -- ; --   ; --   ; -- ; (0)  ; (31)  ; --     ; --                     ; --                       ;
; VGA_R[0]        ; Output   ; -- ; --   ; --   ; -- ; (0)  ; (31)  ; --     ; --                     ; --                       ;
; VGA_R[1]        ; Output   ; -- ; --   ; --   ; -- ; (0)  ; (31)  ; --     ; --                     ; --                       ;
; VGA_R[2]        ; Output   ; -- ; --   ; --   ; -- ; (0)  ; (31)  ; --     ; --                     ; --                       ;
; VGA_R[3]        ; Output   ; -- ; --   ; --   ; -- ; (0)  ; (31)  ; --     ; --                     ; --                       ;
; VGA_R[4]        ; Output   ; -- ; --   ; --   ; -- ; (0)  ; (31)  ; --     ; --                     ; --                       ;
; VGA_R[5]        ; Output   ; -- ; --   ; --   ; -- ; (0)  ; (31)  ; --     ; --                     ; --                       ;
; VGA_R[6]        ; Output   ; -- ; --   ; --   ; -- ; (0)  ; (31)  ; --     ; --                     ; --                       ;
; VGA_R[7]        ; Output   ; -- ; --   ; --   ; -- ; (0)  ; (31)  ; --     ; --                     ; --                       ;
; VGA_SYNC_N      ; Output   ; -- ; --   ; --   ; -- ; (0)  ; (31)  ; --     ; --                     ; --                       ;
; VGA_VS          ; Output   ; -- ; --   ; --   ; -- ; (0)  ; (31)  ; --     ; --                     ; --                       ;
; CAMERA_PWDN_n   ; Output   ; -- ; --   ; --   ; -- ; (0)  ; (31)  ; --     ; --                     ; --                       ;
; MIPI_CS_n       ; Output   ; -- ; --   ; --   ; -- ; (0)  ; (31)  ; --     ; --                     ; --                       ;
; MIPI_MCLK       ; Output   ; -- ; --   ; --   ; -- ; (0)  ; (31)  ; --     ; --                     ; --                       ;
; MIPI_REFCLK     ; Output   ; -- ; --   ; --   ; -- ; (0)  ; (31)  ; --     ; --                     ; --                       ;
; MIPI_RESET_n    ; Output   ; -- ; --   ; --   ; -- ; (0)  ; (31)  ; --     ; --                     ; --                       ;
; CAMERA_I2C_SCL  ; Bidir    ; -- ; --   ; --   ; -- ; (0)  ; (31)  ; --     ; --                     ; --                       ;
; CAMERA_I2C_SDA  ; Bidir    ; -- ; (0)  ; --   ; -- ; (0)  ; (31)  ; --     ; --                     ; --                       ;
; MIPI_I2C_SCL    ; Bidir    ; -- ; --   ; --   ; -- ; (0)  ; (31)  ; --     ; --                     ; --                       ;
; MIPI_I2C_SDA    ; Bidir    ; -- ; (0)  ; --   ; -- ; (0)  ; (31)  ; --     ; --                     ; --                       ;
; KEY[0]          ; Input    ; -- ; (0)  ; --   ; -- ; --   ; --    ; --     ; --                     ; --                       ;
; CLOCK2_50       ; Input    ; -- ; (0)  ; (0)  ; -- ; --   ; --    ; --     ; --                     ; --                       ;
; MIPI_PIXEL_CLK  ; Input    ; -- ; (0)  ; --   ; -- ; --   ; --    ; --     ; --                     ; --                       ;
; MIPI_PIXEL_HS   ; Input    ; -- ; (7)  ; --   ; -- ; --   ; --    ; --     ; --                     ; --                       ;
; MIPI_PIXEL_VS   ; Input    ; -- ; (7)  ; --   ; -- ; --   ; --    ; --     ; --                     ; --                       ;
; SW[1]           ; Input    ; -- ; (0)  ; --   ; -- ; --   ; --    ; --     ; --                     ; --                       ;
; SW[3]           ; Input    ; -- ; --   ; (0)  ; -- ; --   ; --    ; --     ; --                     ; --                       ;
; CLOCK4_50       ; Input    ; -- ; (0)  ; --   ; -- ; --   ; --    ; --     ; --                     ; --                       ;
; CLOCK_50        ; Input    ; -- ; (0)  ; --   ; -- ; --   ; --    ; --     ; --                     ; --                       ;
; SW[0]           ; Input    ; -- ; --   ; (0)  ; -- ; --   ; --    ; --     ; --                     ; --                       ;
; MIPI_PIXEL_D[2] ; Input    ; -- ; --   ; (7)  ; -- ; --   ; --    ; --     ; --                     ; --                       ;
; MIPI_PIXEL_D[3] ; Input    ; -- ; (7)  ; --   ; -- ; --   ; --    ; --     ; --                     ; --                       ;
; MIPI_PIXEL_D[4] ; Input    ; -- ; --   ; (7)  ; -- ; --   ; --    ; --     ; --                     ; --                       ;
; MIPI_PIXEL_D[5] ; Input    ; -- ; --   ; (7)  ; -- ; --   ; --    ; --     ; --                     ; --                       ;
; MIPI_PIXEL_D[6] ; Input    ; -- ; --   ; (7)  ; -- ; --   ; --    ; --     ; --                     ; --                       ;
; MIPI_PIXEL_D[7] ; Input    ; -- ; --   ; (7)  ; -- ; --   ; --    ; --     ; --                     ; --                       ;
; MIPI_PIXEL_D[8] ; Input    ; -- ; --   ; (7)  ; -- ; --   ; --    ; --     ; --                     ; --                       ;
; MIPI_PIXEL_D[9] ; Input    ; -- ; (7)  ; --   ; -- ; --   ; --    ; --     ; --                     ; --                       ;
; MIPI_PIXEL_D[1] ; Input    ; -- ; --   ; (7)  ; -- ; --   ; --    ; --     ; --                     ; --                       ;
; KEY[3]          ; Input    ; -- ; (0)  ; --   ; -- ; --   ; --    ; --     ; --                     ; --                       ;
; MIPI_PIXEL_D[0] ; Input    ; -- ; (7)  ; --   ; -- ; --   ; --    ; --     ; --                     ; --                       ;
+-----------------+----------+----+------+------+----+------+-------+--------+------------------------+--------------------------+


+------------------------------------------------------------------------------------------------------------------------------------------------------------------------+
; Pad To Core Delay Chain Fanout                                                                                                                                         ;
+------------------------------------------------------------------------------------------------------------------------------------------+-------------------+---------+
; Source Pin / Fanout                                                                                                                      ; Pad To Core Index ; Setting ;
+------------------------------------------------------------------------------------------------------------------------------------------+-------------------+---------+
; CLOCK3_50                                                                                                                                ;                   ;         ;
; KEY[1]                                                                                                                                   ;                   ;         ;
; KEY[2]                                                                                                                                   ;                   ;         ;
; SW[2]                                                                                                                                    ;                   ;         ;
; SW[4]                                                                                                                                    ;                   ;         ;
; SW[5]                                                                                                                                    ;                   ;         ;
; SW[6]                                                                                                                                    ;                   ;         ;
; SW[7]                                                                                                                                    ;                   ;         ;
; SW[8]                                                                                                                                    ;                   ;         ;
; SW[9]                                                                                                                                    ;                   ;         ;
; CAMERA_I2C_SCL                                                                                                                           ;                   ;         ;
; CAMERA_I2C_SDA                                                                                                                           ;                   ;         ;
;      - MIPI_BRIDGE_CAMERA_Config:cfin|MIPI_CAMERA_CONFIG:camiv|I2C_READ_DATA:rd|DATA16[0]                                                ; 0                 ; 0       ;
;      - MIPI_BRIDGE_CAMERA_Config:cfin|MIPI_CAMERA_CONFIG:camiv|I2C_WRITE_PTR:wpt|SCLO~0                                                  ; 0                 ; 0       ;
;      - FOCUS_ADJ:adl|VCM_I2C:i2c2|I2C_WRITE_PTR:wpt|SCLO~0                                                                               ; 0                 ; 0       ;
;      - MIPI_BRIDGE_CAMERA_Config:cfin|MIPI_CAMERA_CONFIG:camiv|I2C_WRITE_PTR:wpt|Selector11~2                                            ; 0                 ; 0       ;
;      - FOCUS_ADJ:adl|VCM_I2C:i2c2|I2C_WRITE_PTR:wpt|Selector11~0                                                                         ; 0                 ; 0       ;
;      - FOCUS_ADJ:adl|VCM_I2C:i2c2|I2C_WRITE_PTR:wpt|Selector13~8                                                                         ; 0                 ; 0       ;
;      - MIPI_BRIDGE_CAMERA_Config:cfin|MIPI_CAMERA_CONFIG:camiv|I2C_WRITE_PTR:wpt|Selector13~7                                            ; 0                 ; 0       ;
; MIPI_I2C_SCL                                                                                                                             ;                   ;         ;
; MIPI_I2C_SDA                                                                                                                             ;                   ;         ;
;      - MIPI_BRIDGE_CAMERA_Config:cfin|MIPI_BRIDGE_CONFIG:mpiv|I2C_WRITE_PTR:wpt|SCLO~0                                                   ; 0                 ; 0       ;
; KEY[0]                                                                                                                                   ;                   ;         ;
;      - CAMERA_PWDN_n~output                                                                                                              ; 0                 ; 0       ;
; CLOCK2_50                                                                                                                                ;                   ;         ;
;      - MIPI_BRIDGE_CAMERA_Config:cfin|MIPI_BRIDGE_CONFIG:mpiv|CLOCKMEM:c1|CK_1HZ                                                         ; 1                 ; 0       ;
;      - MIPI_BRIDGE_CAMERA_Config:cfin|MIPI_CAMERA_CONFIG:camiv|CLOCKMEM:c1|CK_1HZ                                                        ; 1                 ; 0       ;
;      - FOCUS_ADJ:adl|VCM_I2C:i2c2|CLOCKMEM:c1|CK_1HZ                                                                                     ; 1                 ; 0       ;
; MIPI_PIXEL_CLK                                                                                                                           ;                   ;         ;
;      - MIPI_PIXEL_CLK~inputCLKENA0                                                                                                       ; 0                 ; 0       ;
; MIPI_PIXEL_HS                                                                                                                            ;                   ;         ;
;      - D8M_SET:ccd|D8M_WRITE_COUNTER:u3|X_Cont[15]~0                                                                                     ; 0                 ; 7       ;
;      - D8M_SET:ccd|D8M_WRITE_COUNTER:u3|Y_Cont[3]~0                                                                                      ; 0                 ; 7       ;
;      - D8M_SET:ccd|D8M_WRITE_COUNTER:u3|Pre_LVAL~2                                                                                       ; 0                 ; 7       ;
;      - D8M_SET:ccd|D8M_WRITE_COUNTER:u3|Pre_LVAL~3                                                                                       ; 0                 ; 7       ;
;      - D8M_SET:ccd|RAW2RGB_L:u4|Line_Buffer_J:u0|comb~0                                                                                  ; 0                 ; 7       ;
;      - D8M_SET:ccd|RAW2RGB_L:u4|Line_Buffer_J:u0|comb~1                                                                                  ; 0                 ; 7       ;
;      - D8M_SET:ccd|RAW2RGB_L:u4|Line_Buffer_J:u0|comb~2                                                                                  ; 0                 ; 7       ;
;      - D8M_SET:ccd|D8M_WRITE_COUNTER:u3|always0~4                                                                                        ; 0                 ; 7       ;
;      - D8M_SET:ccd|D8M_WRITE_COUNTER:u3|X_WR_CNT[2]~0                                                                                    ; 0                 ; 7       ;
;      - D8M_SET:ccd|D8M_WRITE_COUNTER:u3|Pre_LVAL~1                                                                                       ; 0                 ; 7       ;
;      - MIPI_PIXEL_HS~inputCLKENA0                                                                                                        ; 0                 ; 7       ;
; MIPI_PIXEL_VS                                                                                                                            ;                   ;         ;
;      - D8M_SET:ccd|D8M_WRITE_COUNTER:u3|always0~3                                                                                        ; 0                 ; 7       ;
;      - D8M_SET:ccd|D8M_WRITE_COUNTER:u3|Y_Cont[3]~0                                                                                      ; 0                 ; 7       ;
;      - D8M_SET:ccd|D8M_WRITE_COUNTER:u3|Pre_FVAL~2                                                                                       ; 0                 ; 7       ;
;      - D8M_SET:ccd|D8M_WRITE_COUNTER:u3|Pre_FVAL~3                                                                                       ; 0                 ; 7       ;
;      - D8M_SET:ccd|D8M_WRITE_COUNTER:u3|Pre_FVAL~1                                                                                       ; 0                 ; 7       ;
; SW[1]                                                                                                                                    ;                   ;         ;
;      - VGA_Controller_trig:u1|oVGA_B[0]~0                                                                                                ; 0                 ; 0       ;
;      - VGA_Controller_trig:u1|oVGA_B[1]~1                                                                                                ; 0                 ; 0       ;
;      - VGA_Controller_trig:u1|oVGA_B[2]~2                                                                                                ; 0                 ; 0       ;
;      - VGA_Controller_trig:u1|oVGA_B[3]~3                                                                                                ; 0                 ; 0       ;
;      - VGA_Controller_trig:u1|oVGA_B[4]~4                                                                                                ; 0                 ; 0       ;
;      - VGA_Controller_trig:u1|oVGA_B[5]~5                                                                                                ; 0                 ; 0       ;
;      - VGA_Controller_trig:u1|oVGA_B[6]~6                                                                                                ; 0                 ; 0       ;
;      - VGA_Controller_trig:u1|oVGA_B[7]~7                                                                                                ; 0                 ; 0       ;
;      - FOCUS_ADJ:adl|concat~1                                                                                                            ; 0                 ; 0       ;
;      - FOCUS_ADJ:adl|concat~2                                                                                                            ; 0                 ; 0       ;
;      - FOCUS_ADJ:adl|concat~3                                                                                                            ; 0                 ; 0       ;
;      - FOCUS_ADJ:adl|concat~4                                                                                                            ; 0                 ; 0       ;
;      - FOCUS_ADJ:adl|concat~5                                                                                                            ; 0                 ; 0       ;
;      - FOCUS_ADJ:adl|concat~6                                                                                                            ; 0                 ; 0       ;
;      - FOCUS_ADJ:adl|concat~7                                                                                                            ; 0                 ; 0       ;
;      - FOCUS_ADJ:adl|concat~8                                                                                                            ; 0                 ; 0       ;
;      - FOCUS_ADJ:adl|concat~9                                                                                                            ; 0                 ; 0       ;
;      - FOCUS_ADJ:adl|concat~10                                                                                                           ; 0                 ; 0       ;
;      - FOCUS_ADJ:adl|concat~11                                                                                                           ; 0                 ; 0       ;
;      - FOCUS_ADJ:adl|concat~12                                                                                                           ; 0                 ; 0       ;
;      - FOCUS_ADJ:adl|concat~13                                                                                                           ; 0                 ; 0       ;
;      - FOCUS_ADJ:adl|concat~14                                                                                                           ; 0                 ; 0       ;
;      - FOCUS_ADJ:adl|concat~15                                                                                                           ; 0                 ; 0       ;
;      - FOCUS_ADJ:adl|concat~16                                                                                                           ; 0                 ; 0       ;
;      - VGA_Controller_trig:u1|oVGA_G[0]~0                                                                                                ; 0                 ; 0       ;
;      - VGA_Controller_trig:u1|oVGA_G[1]~1                                                                                                ; 0                 ; 0       ;
;      - VGA_Controller_trig:u1|oVGA_G[2]~2                                                                                                ; 0                 ; 0       ;
;      - VGA_Controller_trig:u1|oVGA_G[3]~3                                                                                                ; 0                 ; 0       ;
;      - VGA_Controller_trig:u1|oVGA_G[4]~4                                                                                                ; 0                 ; 0       ;
;      - VGA_Controller_trig:u1|oVGA_G[5]~5                                                                                                ; 0                 ; 0       ;
;      - VGA_Controller_trig:u1|oVGA_G[6]~6                                                                                                ; 0                 ; 0       ;
;      - VGA_Controller_trig:u1|oVGA_G[7]~7                                                                                                ; 0                 ; 0       ;
;      - VGA_Controller_trig:u1|oVGA_R[0]~0                                                                                                ; 0                 ; 0       ;
;      - VGA_Controller_trig:u1|oVGA_R[1]~1                                                                                                ; 0                 ; 0       ;
;      - VGA_Controller_trig:u1|oVGA_R[2]~2                                                                                                ; 0                 ; 0       ;
;      - VGA_Controller_trig:u1|oVGA_R[3]~3                                                                                                ; 0                 ; 0       ;
;      - VGA_Controller_trig:u1|oVGA_R[4]~4                                                                                                ; 0                 ; 0       ;
;      - VGA_Controller_trig:u1|oVGA_R[5]~5                                                                                                ; 0                 ; 0       ;
;      - VGA_Controller_trig:u1|oVGA_R[6]~6                                                                                                ; 0                 ; 0       ;
;      - VGA_Controller_trig:u1|oVGA_R[7]~7                                                                                                ; 0                 ; 0       ;
; SW[3]                                                                                                                                    ;                   ;         ;
;      - FOCUS_ADJ:adl|concat~0                                                                                                            ; 1                 ; 0       ;
;      - FOCUS_ADJ:adl|concat~1                                                                                                            ; 1                 ; 0       ;
;      - FOCUS_ADJ:adl|concat~2                                                                                                            ; 1                 ; 0       ;
;      - FOCUS_ADJ:adl|concat~3                                                                                                            ; 1                 ; 0       ;
;      - FOCUS_ADJ:adl|concat~4                                                                                                            ; 1                 ; 0       ;
;      - FOCUS_ADJ:adl|concat~5                                                                                                            ; 1                 ; 0       ;
;      - FOCUS_ADJ:adl|concat~6                                                                                                            ; 1                 ; 0       ;
;      - FOCUS_ADJ:adl|concat~7                                                                                                            ; 1                 ; 0       ;
;      - FOCUS_ADJ:adl|concat~8                                                                                                            ; 1                 ; 0       ;
;      - FOCUS_ADJ:adl|concat~9                                                                                                            ; 1                 ; 0       ;
;      - FOCUS_ADJ:adl|concat~10                                                                                                           ; 1                 ; 0       ;
;      - FOCUS_ADJ:adl|concat~11                                                                                                           ; 1                 ; 0       ;
;      - FOCUS_ADJ:adl|concat~12                                                                                                           ; 1                 ; 0       ;
;      - FOCUS_ADJ:adl|concat~13                                                                                                           ; 1                 ; 0       ;
;      - FOCUS_ADJ:adl|concat~14                                                                                                           ; 1                 ; 0       ;
;      - FOCUS_ADJ:adl|concat~15                                                                                                           ; 1                 ; 0       ;
;      - FOCUS_ADJ:adl|concat~16                                                                                                           ; 1                 ; 0       ;
;      - FOCUS_ADJ:adl|VCM_CTRL_P:pp|rSUM[12]~2                                                                                            ; 1                 ; 0       ;
; CLOCK4_50                                                                                                                                ;                   ;         ;
; CLOCK_50                                                                                                                                 ;                   ;         ;
; SW[0]                                                                                                                                    ;                   ;         ;
;      - RESET_DELAY:u2|oREADY                                                                                                             ; 1                 ; 0       ;
;      - RESET_DELAY:u2|Cont[8]                                                                                                            ; 1                 ; 0       ;
;      - RESET_DELAY:u2|Cont[9]                                                                                                            ; 1                 ; 0       ;
;      - RESET_DELAY:u2|Cont[10]                                                                                                           ; 1                 ; 0       ;
;      - RESET_DELAY:u2|Cont[11]                                                                                                           ; 1                 ; 0       ;
;      - RESET_DELAY:u2|Cont[12]                                                                                                           ; 1                 ; 0       ;
;      - RESET_DELAY:u2|Cont[13]                                                                                                           ; 1                 ; 0       ;
;      - RESET_DELAY:u2|Cont[14]                                                                                                           ; 1                 ; 0       ;
;      - RESET_DELAY:u2|Cont[15]                                                                                                           ; 1                 ; 0       ;
;      - RESET_DELAY:u2|Cont[16]                                                                                                           ; 1                 ; 0       ;
;      - RESET_DELAY:u2|Cont[17]                                                                                                           ; 1                 ; 0       ;
;      - RESET_DELAY:u2|Cont[18]                                                                                                           ; 1                 ; 0       ;
;      - RESET_DELAY:u2|Cont[19]                                                                                                           ; 1                 ; 0       ;
;      - RESET_DELAY:u2|Cont[20]                                                                                                           ; 1                 ; 0       ;
;      - RESET_DELAY:u2|Cont[21]                                                                                                           ; 1                 ; 0       ;
;      - RESET_DELAY:u2|Cont[22]                                                                                                           ; 1                 ; 0       ;
;      - RESET_DELAY:u2|Cont[23]                                                                                                           ; 1                 ; 0       ;
;      - RESET_DELAY:u2|Cont[24]                                                                                                           ; 1                 ; 0       ;
;      - RESET_DELAY:u2|Cont[25]                                                                                                           ; 1                 ; 0       ;
;      - RESET_DELAY:u2|Cont[26]                                                                                                           ; 1                 ; 0       ;
;      - RESET_DELAY:u2|Cont[27]                                                                                                           ; 1                 ; 0       ;
;      - RESET_DELAY:u2|Cont[28]                                                                                                           ; 1                 ; 0       ;
;      - RESET_DELAY:u2|Cont[29]                                                                                                           ; 1                 ; 0       ;
;      - RESET_DELAY:u2|Cont[30]                                                                                                           ; 1                 ; 0       ;
;      - RESET_DELAY:u2|Cont[31]                                                                                                           ; 1                 ; 0       ;
;      - RESET_DELAY:u2|Cont[3]                                                                                                            ; 1                 ; 0       ;
;      - RESET_DELAY:u2|Cont[2]                                                                                                            ; 1                 ; 0       ;
;      - RESET_DELAY:u2|Cont[0]                                                                                                            ; 1                 ; 0       ;
;      - RESET_DELAY:u2|Cont[1]                                                                                                            ; 1                 ; 0       ;
;      - RESET_DELAY:u2|Cont[7]                                                                                                            ; 1                 ; 0       ;
;      - RESET_DELAY:u2|Cont[6]                                                                                                            ; 1                 ; 0       ;
;      - RESET_DELAY:u2|Cont[5]                                                                                                            ; 1                 ; 0       ;
;      - RESET_DELAY:u2|Cont[4]                                                                                                            ; 1                 ; 0       ;
;      - RESET_DELAY:u2|Cont[23]~DUPLICATE                                                                                                 ; 1                 ; 0       ;
;      - RESET_DELAY:u2|Cont[12]~DUPLICATE                                                                                                 ; 1                 ; 0       ;
;      - RESET_DELAY:u2|Cont[9]~DUPLICATE                                                                                                  ; 1                 ; 0       ;
;      - RESET_DELAY:u2|Cont[8]~DUPLICATE                                                                                                  ; 1                 ; 0       ;
;      - RESET_DELAY:u2|Cont[28]~DUPLICATE                                                                                                 ; 1                 ; 0       ;
;      - RESET_DELAY:u2|Cont[22]~DUPLICATE                                                                                                 ; 1                 ; 0       ;
;      - RESET_DELAY:u2|Cont[3]~DUPLICATE                                                                                                  ; 1                 ; 0       ;
;      - RESET_DELAY:u2|Cont[1]~DUPLICATE                                                                                                  ; 1                 ; 0       ;
;      - RESET_DELAY:u2|Cont[7]~DUPLICATE                                                                                                  ; 1                 ; 0       ;
;      - RESET_DELAY:u2|Cont[6]~DUPLICATE                                                                                                  ; 1                 ; 0       ;
;      - RESET_DELAY:u2|Cont[5]~DUPLICATE                                                                                                  ; 1                 ; 0       ;
;      - RESET_DELAY:u2|Cont[4]~DUPLICATE                                                                                                  ; 1                 ; 0       ;
; MIPI_PIXEL_D[2]                                                                                                                          ;                   ;         ;
;      - D8M_SET:ccd|RAW2RGB_L:u4|Line_Buffer_J:u0|int_line:d1|altsyncram:altsyncram_component|altsyncram_iup1:auto_generated|ram_block1a2 ; 1                 ; 7       ;
;      - D8M_SET:ccd|RAW2RGB_L:u4|Line_Buffer_J:u0|int_line:d2|altsyncram:altsyncram_component|altsyncram_iup1:auto_generated|ram_block1a2 ; 1                 ; 7       ;
;      - D8M_SET:ccd|RAW2RGB_L:u4|Line_Buffer_J:u0|int_line:d3|altsyncram:altsyncram_component|altsyncram_iup1:auto_generated|ram_block1a2 ; 1                 ; 7       ;
;      - D8M_SET:ccd|RAW2RGB_L:u4|Line_Buffer_J:u0|int_line:d1|altsyncram:altsyncram_component|altsyncram_iup1:auto_generated|ram_block1a2 ; 1                 ; 7       ;
;      - D8M_SET:ccd|RAW2RGB_L:u4|Line_Buffer_J:u0|int_line:d1|altsyncram:altsyncram_component|altsyncram_iup1:auto_generated|ram_block1a2 ; 1                 ; 7       ;
;      - D8M_SET:ccd|RAW2RGB_L:u4|Line_Buffer_J:u0|int_line:d1|altsyncram:altsyncram_component|altsyncram_iup1:auto_generated|ram_block1a2 ; 1                 ; 7       ;
;      - D8M_SET:ccd|RAW2RGB_L:u4|Line_Buffer_J:u0|int_line:d1|altsyncram:altsyncram_component|altsyncram_iup1:auto_generated|ram_block1a2 ; 1                 ; 7       ;
;      - D8M_SET:ccd|RAW2RGB_L:u4|Line_Buffer_J:u0|int_line:d1|altsyncram:altsyncram_component|altsyncram_iup1:auto_generated|ram_block1a2 ; 1                 ; 7       ;
;      - D8M_SET:ccd|RAW2RGB_L:u4|Line_Buffer_J:u0|int_line:d1|altsyncram:altsyncram_component|altsyncram_iup1:auto_generated|ram_block1a2 ; 1                 ; 7       ;
;      - D8M_SET:ccd|RAW2RGB_L:u4|Line_Buffer_J:u0|int_line:d1|altsyncram:altsyncram_component|altsyncram_iup1:auto_generated|ram_block1a2 ; 1                 ; 7       ;
;      - D8M_SET:ccd|RAW2RGB_L:u4|Line_Buffer_J:u0|int_line:d3|altsyncram:altsyncram_component|altsyncram_iup1:auto_generated|ram_block1a2 ; 1                 ; 7       ;
;      - D8M_SET:ccd|RAW2RGB_L:u4|Line_Buffer_J:u0|int_line:d3|altsyncram:altsyncram_component|altsyncram_iup1:auto_generated|ram_block1a2 ; 1                 ; 7       ;
;      - D8M_SET:ccd|RAW2RGB_L:u4|Line_Buffer_J:u0|int_line:d3|altsyncram:altsyncram_component|altsyncram_iup1:auto_generated|ram_block1a2 ; 1                 ; 7       ;
;      - D8M_SET:ccd|RAW2RGB_L:u4|Line_Buffer_J:u0|int_line:d3|altsyncram:altsyncram_component|altsyncram_iup1:auto_generated|ram_block1a2 ; 1                 ; 7       ;
;      - D8M_SET:ccd|RAW2RGB_L:u4|Line_Buffer_J:u0|int_line:d3|altsyncram:altsyncram_component|altsyncram_iup1:auto_generated|ram_block1a2 ; 1                 ; 7       ;
;      - D8M_SET:ccd|RAW2RGB_L:u4|Line_Buffer_J:u0|int_line:d3|altsyncram:altsyncram_component|altsyncram_iup1:auto_generated|ram_block1a2 ; 1                 ; 7       ;
;      - D8M_SET:ccd|RAW2RGB_L:u4|Line_Buffer_J:u0|int_line:d3|altsyncram:altsyncram_component|altsyncram_iup1:auto_generated|ram_block1a2 ; 1                 ; 7       ;
;      - D8M_SET:ccd|RAW2RGB_L:u4|Line_Buffer_J:u0|int_line:d2|altsyncram:altsyncram_component|altsyncram_iup1:auto_generated|ram_block1a2 ; 1                 ; 7       ;
;      - D8M_SET:ccd|RAW2RGB_L:u4|Line_Buffer_J:u0|int_line:d2|altsyncram:altsyncram_component|altsyncram_iup1:auto_generated|ram_block1a2 ; 1                 ; 7       ;
;      - D8M_SET:ccd|RAW2RGB_L:u4|Line_Buffer_J:u0|int_line:d2|altsyncram:altsyncram_component|altsyncram_iup1:auto_generated|ram_block1a2 ; 1                 ; 7       ;
;      - D8M_SET:ccd|RAW2RGB_L:u4|Line_Buffer_J:u0|int_line:d2|altsyncram:altsyncram_component|altsyncram_iup1:auto_generated|ram_block1a2 ; 1                 ; 7       ;
;      - D8M_SET:ccd|RAW2RGB_L:u4|Line_Buffer_J:u0|int_line:d2|altsyncram:altsyncram_component|altsyncram_iup1:auto_generated|ram_block1a2 ; 1                 ; 7       ;
;      - D8M_SET:ccd|RAW2RGB_L:u4|Line_Buffer_J:u0|int_line:d2|altsyncram:altsyncram_component|altsyncram_iup1:auto_generated|ram_block1a2 ; 1                 ; 7       ;
;      - D8M_SET:ccd|RAW2RGB_L:u4|Line_Buffer_J:u0|int_line:d2|altsyncram:altsyncram_component|altsyncram_iup1:auto_generated|ram_block1a2 ; 1                 ; 7       ;
; MIPI_PIXEL_D[3]                                                                                                                          ;                   ;         ;
;      - D8M_SET:ccd|RAW2RGB_L:u4|Line_Buffer_J:u0|int_line:d1|altsyncram:altsyncram_component|altsyncram_iup1:auto_generated|ram_block1a2 ; 0                 ; 7       ;
;      - D8M_SET:ccd|RAW2RGB_L:u4|Line_Buffer_J:u0|int_line:d1|altsyncram:altsyncram_component|altsyncram_iup1:auto_generated|ram_block1a2 ; 0                 ; 7       ;
;      - D8M_SET:ccd|RAW2RGB_L:u4|Line_Buffer_J:u0|int_line:d1|altsyncram:altsyncram_component|altsyncram_iup1:auto_generated|ram_block1a2 ; 0                 ; 7       ;
;      - D8M_SET:ccd|RAW2RGB_L:u4|Line_Buffer_J:u0|int_line:d1|altsyncram:altsyncram_component|altsyncram_iup1:auto_generated|ram_block1a2 ; 0                 ; 7       ;
;      - D8M_SET:ccd|RAW2RGB_L:u4|Line_Buffer_J:u0|int_line:d1|altsyncram:altsyncram_component|altsyncram_iup1:auto_generated|ram_block1a2 ; 0                 ; 7       ;
;      - D8M_SET:ccd|RAW2RGB_L:u4|Line_Buffer_J:u0|int_line:d1|altsyncram:altsyncram_component|altsyncram_iup1:auto_generated|ram_block1a2 ; 0                 ; 7       ;
;      - D8M_SET:ccd|RAW2RGB_L:u4|Line_Buffer_J:u0|int_line:d1|altsyncram:altsyncram_component|altsyncram_iup1:auto_generated|ram_block1a2 ; 0                 ; 7       ;
;      - D8M_SET:ccd|RAW2RGB_L:u4|Line_Buffer_J:u0|int_line:d1|altsyncram:altsyncram_component|altsyncram_iup1:auto_generated|ram_block1a2 ; 0                 ; 7       ;
;      - D8M_SET:ccd|RAW2RGB_L:u4|Line_Buffer_J:u0|int_line:d3|altsyncram:altsyncram_component|altsyncram_iup1:auto_generated|ram_block1a2 ; 0                 ; 7       ;
;      - D8M_SET:ccd|RAW2RGB_L:u4|Line_Buffer_J:u0|int_line:d3|altsyncram:altsyncram_component|altsyncram_iup1:auto_generated|ram_block1a2 ; 0                 ; 7       ;
;      - D8M_SET:ccd|RAW2RGB_L:u4|Line_Buffer_J:u0|int_line:d3|altsyncram:altsyncram_component|altsyncram_iup1:auto_generated|ram_block1a2 ; 0                 ; 7       ;
;      - D8M_SET:ccd|RAW2RGB_L:u4|Line_Buffer_J:u0|int_line:d3|altsyncram:altsyncram_component|altsyncram_iup1:auto_generated|ram_block1a2 ; 0                 ; 7       ;
;      - D8M_SET:ccd|RAW2RGB_L:u4|Line_Buffer_J:u0|int_line:d3|altsyncram:altsyncram_component|altsyncram_iup1:auto_generated|ram_block1a2 ; 0                 ; 7       ;
;      - D8M_SET:ccd|RAW2RGB_L:u4|Line_Buffer_J:u0|int_line:d3|altsyncram:altsyncram_component|altsyncram_iup1:auto_generated|ram_block1a2 ; 0                 ; 7       ;
;      - D8M_SET:ccd|RAW2RGB_L:u4|Line_Buffer_J:u0|int_line:d3|altsyncram:altsyncram_component|altsyncram_iup1:auto_generated|ram_block1a2 ; 0                 ; 7       ;
;      - D8M_SET:ccd|RAW2RGB_L:u4|Line_Buffer_J:u0|int_line:d3|altsyncram:altsyncram_component|altsyncram_iup1:auto_generated|ram_block1a2 ; 0                 ; 7       ;
;      - D8M_SET:ccd|RAW2RGB_L:u4|Line_Buffer_J:u0|int_line:d2|altsyncram:altsyncram_component|altsyncram_iup1:auto_generated|ram_block1a2 ; 0                 ; 7       ;
;      - D8M_SET:ccd|RAW2RGB_L:u4|Line_Buffer_J:u0|int_line:d2|altsyncram:altsyncram_component|altsyncram_iup1:auto_generated|ram_block1a2 ; 0                 ; 7       ;
;      - D8M_SET:ccd|RAW2RGB_L:u4|Line_Buffer_J:u0|int_line:d2|altsyncram:altsyncram_component|altsyncram_iup1:auto_generated|ram_block1a2 ; 0                 ; 7       ;
;      - D8M_SET:ccd|RAW2RGB_L:u4|Line_Buffer_J:u0|int_line:d2|altsyncram:altsyncram_component|altsyncram_iup1:auto_generated|ram_block1a2 ; 0                 ; 7       ;
;      - D8M_SET:ccd|RAW2RGB_L:u4|Line_Buffer_J:u0|int_line:d2|altsyncram:altsyncram_component|altsyncram_iup1:auto_generated|ram_block1a2 ; 0                 ; 7       ;
;      - D8M_SET:ccd|RAW2RGB_L:u4|Line_Buffer_J:u0|int_line:d2|altsyncram:altsyncram_component|altsyncram_iup1:auto_generated|ram_block1a2 ; 0                 ; 7       ;
;      - D8M_SET:ccd|RAW2RGB_L:u4|Line_Buffer_J:u0|int_line:d2|altsyncram:altsyncram_component|altsyncram_iup1:auto_generated|ram_block1a2 ; 0                 ; 7       ;
;      - D8M_SET:ccd|RAW2RGB_L:u4|Line_Buffer_J:u0|int_line:d2|altsyncram:altsyncram_component|altsyncram_iup1:auto_generated|ram_block1a2 ; 0                 ; 7       ;
; MIPI_PIXEL_D[4]                                                                                                                          ;                   ;         ;
;      - D8M_SET:ccd|RAW2RGB_L:u4|Line_Buffer_J:u0|int_line:d1|altsyncram:altsyncram_component|altsyncram_iup1:auto_generated|ram_block1a4 ; 1                 ; 7       ;
;      - D8M_SET:ccd|RAW2RGB_L:u4|Line_Buffer_J:u0|int_line:d2|altsyncram:altsyncram_component|altsyncram_iup1:auto_generated|ram_block1a4 ; 1                 ; 7       ;
;      - D8M_SET:ccd|RAW2RGB_L:u4|Line_Buffer_J:u0|int_line:d3|altsyncram:altsyncram_component|altsyncram_iup1:auto_generated|ram_block1a4 ; 1                 ; 7       ;
;      - D8M_SET:ccd|RAW2RGB_L:u4|Line_Buffer_J:u0|int_line:d1|altsyncram:altsyncram_component|altsyncram_iup1:auto_generated|ram_block1a4 ; 1                 ; 7       ;
;      - D8M_SET:ccd|RAW2RGB_L:u4|Line_Buffer_J:u0|int_line:d1|altsyncram:altsyncram_component|altsyncram_iup1:auto_generated|ram_block1a4 ; 1                 ; 7       ;
;      - D8M_SET:ccd|RAW2RGB_L:u4|Line_Buffer_J:u0|int_line:d1|altsyncram:altsyncram_component|altsyncram_iup1:auto_generated|ram_block1a4 ; 1                 ; 7       ;
;      - D8M_SET:ccd|RAW2RGB_L:u4|Line_Buffer_J:u0|int_line:d1|altsyncram:altsyncram_component|altsyncram_iup1:auto_generated|ram_block1a4 ; 1                 ; 7       ;
;      - D8M_SET:ccd|RAW2RGB_L:u4|Line_Buffer_J:u0|int_line:d1|altsyncram:altsyncram_component|altsyncram_iup1:auto_generated|ram_block1a4 ; 1                 ; 7       ;
;      - D8M_SET:ccd|RAW2RGB_L:u4|Line_Buffer_J:u0|int_line:d1|altsyncram:altsyncram_component|altsyncram_iup1:auto_generated|ram_block1a4 ; 1                 ; 7       ;
;      - D8M_SET:ccd|RAW2RGB_L:u4|Line_Buffer_J:u0|int_line:d1|altsyncram:altsyncram_component|altsyncram_iup1:auto_generated|ram_block1a4 ; 1                 ; 7       ;
;      - D8M_SET:ccd|RAW2RGB_L:u4|Line_Buffer_J:u0|int_line:d3|altsyncram:altsyncram_component|altsyncram_iup1:auto_generated|ram_block1a4 ; 1                 ; 7       ;
;      - D8M_SET:ccd|RAW2RGB_L:u4|Line_Buffer_J:u0|int_line:d3|altsyncram:altsyncram_component|altsyncram_iup1:auto_generated|ram_block1a4 ; 1                 ; 7       ;
;      - D8M_SET:ccd|RAW2RGB_L:u4|Line_Buffer_J:u0|int_line:d3|altsyncram:altsyncram_component|altsyncram_iup1:auto_generated|ram_block1a4 ; 1                 ; 7       ;
;      - D8M_SET:ccd|RAW2RGB_L:u4|Line_Buffer_J:u0|int_line:d3|altsyncram:altsyncram_component|altsyncram_iup1:auto_generated|ram_block1a4 ; 1                 ; 7       ;
;      - D8M_SET:ccd|RAW2RGB_L:u4|Line_Buffer_J:u0|int_line:d3|altsyncram:altsyncram_component|altsyncram_iup1:auto_generated|ram_block1a4 ; 1                 ; 7       ;
;      - D8M_SET:ccd|RAW2RGB_L:u4|Line_Buffer_J:u0|int_line:d3|altsyncram:altsyncram_component|altsyncram_iup1:auto_generated|ram_block1a4 ; 1                 ; 7       ;
;      - D8M_SET:ccd|RAW2RGB_L:u4|Line_Buffer_J:u0|int_line:d3|altsyncram:altsyncram_component|altsyncram_iup1:auto_generated|ram_block1a4 ; 1                 ; 7       ;
;      - D8M_SET:ccd|RAW2RGB_L:u4|Line_Buffer_J:u0|int_line:d2|altsyncram:altsyncram_component|altsyncram_iup1:auto_generated|ram_block1a4 ; 1                 ; 7       ;
;      - D8M_SET:ccd|RAW2RGB_L:u4|Line_Buffer_J:u0|int_line:d2|altsyncram:altsyncram_component|altsyncram_iup1:auto_generated|ram_block1a4 ; 1                 ; 7       ;
;      - D8M_SET:ccd|RAW2RGB_L:u4|Line_Buffer_J:u0|int_line:d2|altsyncram:altsyncram_component|altsyncram_iup1:auto_generated|ram_block1a4 ; 1                 ; 7       ;
;      - D8M_SET:ccd|RAW2RGB_L:u4|Line_Buffer_J:u0|int_line:d2|altsyncram:altsyncram_component|altsyncram_iup1:auto_generated|ram_block1a4 ; 1                 ; 7       ;
;      - D8M_SET:ccd|RAW2RGB_L:u4|Line_Buffer_J:u0|int_line:d2|altsyncram:altsyncram_component|altsyncram_iup1:auto_generated|ram_block1a4 ; 1                 ; 7       ;
;      - D8M_SET:ccd|RAW2RGB_L:u4|Line_Buffer_J:u0|int_line:d2|altsyncram:altsyncram_component|altsyncram_iup1:auto_generated|ram_block1a4 ; 1                 ; 7       ;
;      - D8M_SET:ccd|RAW2RGB_L:u4|Line_Buffer_J:u0|int_line:d2|altsyncram:altsyncram_component|altsyncram_iup1:auto_generated|ram_block1a4 ; 1                 ; 7       ;
; MIPI_PIXEL_D[5]                                                                                                                          ;                   ;         ;
;      - D8M_SET:ccd|RAW2RGB_L:u4|Line_Buffer_J:u0|int_line:d1|altsyncram:altsyncram_component|altsyncram_iup1:auto_generated|ram_block1a4 ; 1                 ; 7       ;
;      - D8M_SET:ccd|RAW2RGB_L:u4|Line_Buffer_J:u0|int_line:d1|altsyncram:altsyncram_component|altsyncram_iup1:auto_generated|ram_block1a4 ; 1                 ; 7       ;
;      - D8M_SET:ccd|RAW2RGB_L:u4|Line_Buffer_J:u0|int_line:d1|altsyncram:altsyncram_component|altsyncram_iup1:auto_generated|ram_block1a4 ; 1                 ; 7       ;
;      - D8M_SET:ccd|RAW2RGB_L:u4|Line_Buffer_J:u0|int_line:d1|altsyncram:altsyncram_component|altsyncram_iup1:auto_generated|ram_block1a4 ; 1                 ; 7       ;
;      - D8M_SET:ccd|RAW2RGB_L:u4|Line_Buffer_J:u0|int_line:d1|altsyncram:altsyncram_component|altsyncram_iup1:auto_generated|ram_block1a4 ; 1                 ; 7       ;
;      - D8M_SET:ccd|RAW2RGB_L:u4|Line_Buffer_J:u0|int_line:d1|altsyncram:altsyncram_component|altsyncram_iup1:auto_generated|ram_block1a4 ; 1                 ; 7       ;
;      - D8M_SET:ccd|RAW2RGB_L:u4|Line_Buffer_J:u0|int_line:d1|altsyncram:altsyncram_component|altsyncram_iup1:auto_generated|ram_block1a4 ; 1                 ; 7       ;
;      - D8M_SET:ccd|RAW2RGB_L:u4|Line_Buffer_J:u0|int_line:d1|altsyncram:altsyncram_component|altsyncram_iup1:auto_generated|ram_block1a4 ; 1                 ; 7       ;
;      - D8M_SET:ccd|RAW2RGB_L:u4|Line_Buffer_J:u0|int_line:d3|altsyncram:altsyncram_component|altsyncram_iup1:auto_generated|ram_block1a4 ; 1                 ; 7       ;
;      - D8M_SET:ccd|RAW2RGB_L:u4|Line_Buffer_J:u0|int_line:d3|altsyncram:altsyncram_component|altsyncram_iup1:auto_generated|ram_block1a4 ; 1                 ; 7       ;
;      - D8M_SET:ccd|RAW2RGB_L:u4|Line_Buffer_J:u0|int_line:d3|altsyncram:altsyncram_component|altsyncram_iup1:auto_generated|ram_block1a4 ; 1                 ; 7       ;
;      - D8M_SET:ccd|RAW2RGB_L:u4|Line_Buffer_J:u0|int_line:d3|altsyncram:altsyncram_component|altsyncram_iup1:auto_generated|ram_block1a4 ; 1                 ; 7       ;
;      - D8M_SET:ccd|RAW2RGB_L:u4|Line_Buffer_J:u0|int_line:d3|altsyncram:altsyncram_component|altsyncram_iup1:auto_generated|ram_block1a4 ; 1                 ; 7       ;
;      - D8M_SET:ccd|RAW2RGB_L:u4|Line_Buffer_J:u0|int_line:d3|altsyncram:altsyncram_component|altsyncram_iup1:auto_generated|ram_block1a4 ; 1                 ; 7       ;
;      - D8M_SET:ccd|RAW2RGB_L:u4|Line_Buffer_J:u0|int_line:d3|altsyncram:altsyncram_component|altsyncram_iup1:auto_generated|ram_block1a4 ; 1                 ; 7       ;
;      - D8M_SET:ccd|RAW2RGB_L:u4|Line_Buffer_J:u0|int_line:d3|altsyncram:altsyncram_component|altsyncram_iup1:auto_generated|ram_block1a4 ; 1                 ; 7       ;
;      - D8M_SET:ccd|RAW2RGB_L:u4|Line_Buffer_J:u0|int_line:d2|altsyncram:altsyncram_component|altsyncram_iup1:auto_generated|ram_block1a4 ; 1                 ; 7       ;
;      - D8M_SET:ccd|RAW2RGB_L:u4|Line_Buffer_J:u0|int_line:d2|altsyncram:altsyncram_component|altsyncram_iup1:auto_generated|ram_block1a4 ; 1                 ; 7       ;
;      - D8M_SET:ccd|RAW2RGB_L:u4|Line_Buffer_J:u0|int_line:d2|altsyncram:altsyncram_component|altsyncram_iup1:auto_generated|ram_block1a4 ; 1                 ; 7       ;
;      - D8M_SET:ccd|RAW2RGB_L:u4|Line_Buffer_J:u0|int_line:d2|altsyncram:altsyncram_component|altsyncram_iup1:auto_generated|ram_block1a4 ; 1                 ; 7       ;
;      - D8M_SET:ccd|RAW2RGB_L:u4|Line_Buffer_J:u0|int_line:d2|altsyncram:altsyncram_component|altsyncram_iup1:auto_generated|ram_block1a4 ; 1                 ; 7       ;
;      - D8M_SET:ccd|RAW2RGB_L:u4|Line_Buffer_J:u0|int_line:d2|altsyncram:altsyncram_component|altsyncram_iup1:auto_generated|ram_block1a4 ; 1                 ; 7       ;
;      - D8M_SET:ccd|RAW2RGB_L:u4|Line_Buffer_J:u0|int_line:d2|altsyncram:altsyncram_component|altsyncram_iup1:auto_generated|ram_block1a4 ; 1                 ; 7       ;
;      - D8M_SET:ccd|RAW2RGB_L:u4|Line_Buffer_J:u0|int_line:d2|altsyncram:altsyncram_component|altsyncram_iup1:auto_generated|ram_block1a4 ; 1                 ; 7       ;
; MIPI_PIXEL_D[6]                                                                                                                          ;                   ;         ;
;      - D8M_SET:ccd|RAW2RGB_L:u4|Line_Buffer_J:u0|int_line:d1|altsyncram:altsyncram_component|altsyncram_iup1:auto_generated|ram_block1a6 ; 1                 ; 7       ;
;      - D8M_SET:ccd|RAW2RGB_L:u4|Line_Buffer_J:u0|int_line:d2|altsyncram:altsyncram_component|altsyncram_iup1:auto_generated|ram_block1a6 ; 1                 ; 7       ;
;      - D8M_SET:ccd|RAW2RGB_L:u4|Line_Buffer_J:u0|int_line:d3|altsyncram:altsyncram_component|altsyncram_iup1:auto_generated|ram_block1a6 ; 1                 ; 7       ;
;      - D8M_SET:ccd|RAW2RGB_L:u4|Line_Buffer_J:u0|int_line:d1|altsyncram:altsyncram_component|altsyncram_iup1:auto_generated|ram_block1a6 ; 1                 ; 7       ;
;      - D8M_SET:ccd|RAW2RGB_L:u4|Line_Buffer_J:u0|int_line:d1|altsyncram:altsyncram_component|altsyncram_iup1:auto_generated|ram_block1a6 ; 1                 ; 7       ;
;      - D8M_SET:ccd|RAW2RGB_L:u4|Line_Buffer_J:u0|int_line:d1|altsyncram:altsyncram_component|altsyncram_iup1:auto_generated|ram_block1a6 ; 1                 ; 7       ;
;      - D8M_SET:ccd|RAW2RGB_L:u4|Line_Buffer_J:u0|int_line:d1|altsyncram:altsyncram_component|altsyncram_iup1:auto_generated|ram_block1a6 ; 1                 ; 7       ;
;      - D8M_SET:ccd|RAW2RGB_L:u4|Line_Buffer_J:u0|int_line:d1|altsyncram:altsyncram_component|altsyncram_iup1:auto_generated|ram_block1a6 ; 1                 ; 7       ;
;      - D8M_SET:ccd|RAW2RGB_L:u4|Line_Buffer_J:u0|int_line:d1|altsyncram:altsyncram_component|altsyncram_iup1:auto_generated|ram_block1a6 ; 1                 ; 7       ;
;      - D8M_SET:ccd|RAW2RGB_L:u4|Line_Buffer_J:u0|int_line:d1|altsyncram:altsyncram_component|altsyncram_iup1:auto_generated|ram_block1a6 ; 1                 ; 7       ;
;      - D8M_SET:ccd|RAW2RGB_L:u4|Line_Buffer_J:u0|int_line:d3|altsyncram:altsyncram_component|altsyncram_iup1:auto_generated|ram_block1a6 ; 1                 ; 7       ;
;      - D8M_SET:ccd|RAW2RGB_L:u4|Line_Buffer_J:u0|int_line:d3|altsyncram:altsyncram_component|altsyncram_iup1:auto_generated|ram_block1a6 ; 1                 ; 7       ;
;      - D8M_SET:ccd|RAW2RGB_L:u4|Line_Buffer_J:u0|int_line:d3|altsyncram:altsyncram_component|altsyncram_iup1:auto_generated|ram_block1a6 ; 1                 ; 7       ;
;      - D8M_SET:ccd|RAW2RGB_L:u4|Line_Buffer_J:u0|int_line:d3|altsyncram:altsyncram_component|altsyncram_iup1:auto_generated|ram_block1a6 ; 1                 ; 7       ;
;      - D8M_SET:ccd|RAW2RGB_L:u4|Line_Buffer_J:u0|int_line:d3|altsyncram:altsyncram_component|altsyncram_iup1:auto_generated|ram_block1a6 ; 1                 ; 7       ;
;      - D8M_SET:ccd|RAW2RGB_L:u4|Line_Buffer_J:u0|int_line:d3|altsyncram:altsyncram_component|altsyncram_iup1:auto_generated|ram_block1a6 ; 1                 ; 7       ;
;      - D8M_SET:ccd|RAW2RGB_L:u4|Line_Buffer_J:u0|int_line:d3|altsyncram:altsyncram_component|altsyncram_iup1:auto_generated|ram_block1a6 ; 1                 ; 7       ;
;      - D8M_SET:ccd|RAW2RGB_L:u4|Line_Buffer_J:u0|int_line:d2|altsyncram:altsyncram_component|altsyncram_iup1:auto_generated|ram_block1a6 ; 1                 ; 7       ;
;      - D8M_SET:ccd|RAW2RGB_L:u4|Line_Buffer_J:u0|int_line:d2|altsyncram:altsyncram_component|altsyncram_iup1:auto_generated|ram_block1a6 ; 1                 ; 7       ;
;      - D8M_SET:ccd|RAW2RGB_L:u4|Line_Buffer_J:u0|int_line:d2|altsyncram:altsyncram_component|altsyncram_iup1:auto_generated|ram_block1a6 ; 1                 ; 7       ;
;      - D8M_SET:ccd|RAW2RGB_L:u4|Line_Buffer_J:u0|int_line:d2|altsyncram:altsyncram_component|altsyncram_iup1:auto_generated|ram_block1a6 ; 1                 ; 7       ;
;      - D8M_SET:ccd|RAW2RGB_L:u4|Line_Buffer_J:u0|int_line:d2|altsyncram:altsyncram_component|altsyncram_iup1:auto_generated|ram_block1a6 ; 1                 ; 7       ;
;      - D8M_SET:ccd|RAW2RGB_L:u4|Line_Buffer_J:u0|int_line:d2|altsyncram:altsyncram_component|altsyncram_iup1:auto_generated|ram_block1a6 ; 1                 ; 7       ;
;      - D8M_SET:ccd|RAW2RGB_L:u4|Line_Buffer_J:u0|int_line:d2|altsyncram:altsyncram_component|altsyncram_iup1:auto_generated|ram_block1a6 ; 1                 ; 7       ;
; MIPI_PIXEL_D[7]                                                                                                                          ;                   ;         ;
;      - D8M_SET:ccd|RAW2RGB_L:u4|Line_Buffer_J:u0|int_line:d1|altsyncram:altsyncram_component|altsyncram_iup1:auto_generated|ram_block1a6 ; 1                 ; 7       ;
;      - D8M_SET:ccd|RAW2RGB_L:u4|Line_Buffer_J:u0|int_line:d1|altsyncram:altsyncram_component|altsyncram_iup1:auto_generated|ram_block1a6 ; 1                 ; 7       ;
;      - D8M_SET:ccd|RAW2RGB_L:u4|Line_Buffer_J:u0|int_line:d1|altsyncram:altsyncram_component|altsyncram_iup1:auto_generated|ram_block1a6 ; 1                 ; 7       ;
;      - D8M_SET:ccd|RAW2RGB_L:u4|Line_Buffer_J:u0|int_line:d1|altsyncram:altsyncram_component|altsyncram_iup1:auto_generated|ram_block1a6 ; 1                 ; 7       ;
;      - D8M_SET:ccd|RAW2RGB_L:u4|Line_Buffer_J:u0|int_line:d1|altsyncram:altsyncram_component|altsyncram_iup1:auto_generated|ram_block1a6 ; 1                 ; 7       ;
;      - D8M_SET:ccd|RAW2RGB_L:u4|Line_Buffer_J:u0|int_line:d1|altsyncram:altsyncram_component|altsyncram_iup1:auto_generated|ram_block1a6 ; 1                 ; 7       ;
;      - D8M_SET:ccd|RAW2RGB_L:u4|Line_Buffer_J:u0|int_line:d1|altsyncram:altsyncram_component|altsyncram_iup1:auto_generated|ram_block1a6 ; 1                 ; 7       ;
;      - D8M_SET:ccd|RAW2RGB_L:u4|Line_Buffer_J:u0|int_line:d1|altsyncram:altsyncram_component|altsyncram_iup1:auto_generated|ram_block1a6 ; 1                 ; 7       ;
;      - D8M_SET:ccd|RAW2RGB_L:u4|Line_Buffer_J:u0|int_line:d3|altsyncram:altsyncram_component|altsyncram_iup1:auto_generated|ram_block1a6 ; 1                 ; 7       ;
;      - D8M_SET:ccd|RAW2RGB_L:u4|Line_Buffer_J:u0|int_line:d3|altsyncram:altsyncram_component|altsyncram_iup1:auto_generated|ram_block1a6 ; 1                 ; 7       ;
;      - D8M_SET:ccd|RAW2RGB_L:u4|Line_Buffer_J:u0|int_line:d3|altsyncram:altsyncram_component|altsyncram_iup1:auto_generated|ram_block1a6 ; 1                 ; 7       ;
;      - D8M_SET:ccd|RAW2RGB_L:u4|Line_Buffer_J:u0|int_line:d3|altsyncram:altsyncram_component|altsyncram_iup1:auto_generated|ram_block1a6 ; 1                 ; 7       ;
;      - D8M_SET:ccd|RAW2RGB_L:u4|Line_Buffer_J:u0|int_line:d3|altsyncram:altsyncram_component|altsyncram_iup1:auto_generated|ram_block1a6 ; 1                 ; 7       ;
;      - D8M_SET:ccd|RAW2RGB_L:u4|Line_Buffer_J:u0|int_line:d3|altsyncram:altsyncram_component|altsyncram_iup1:auto_generated|ram_block1a6 ; 1                 ; 7       ;
;      - D8M_SET:ccd|RAW2RGB_L:u4|Line_Buffer_J:u0|int_line:d3|altsyncram:altsyncram_component|altsyncram_iup1:auto_generated|ram_block1a6 ; 1                 ; 7       ;
;      - D8M_SET:ccd|RAW2RGB_L:u4|Line_Buffer_J:u0|int_line:d3|altsyncram:altsyncram_component|altsyncram_iup1:auto_generated|ram_block1a6 ; 1                 ; 7       ;
;      - D8M_SET:ccd|RAW2RGB_L:u4|Line_Buffer_J:u0|int_line:d2|altsyncram:altsyncram_component|altsyncram_iup1:auto_generated|ram_block1a6 ; 1                 ; 7       ;
;      - D8M_SET:ccd|RAW2RGB_L:u4|Line_Buffer_J:u0|int_line:d2|altsyncram:altsyncram_component|altsyncram_iup1:auto_generated|ram_block1a6 ; 1                 ; 7       ;
;      - D8M_SET:ccd|RAW2RGB_L:u4|Line_Buffer_J:u0|int_line:d2|altsyncram:altsyncram_component|altsyncram_iup1:auto_generated|ram_block1a6 ; 1                 ; 7       ;
;      - D8M_SET:ccd|RAW2RGB_L:u4|Line_Buffer_J:u0|int_line:d2|altsyncram:altsyncram_component|altsyncram_iup1:auto_generated|ram_block1a6 ; 1                 ; 7       ;
;      - D8M_SET:ccd|RAW2RGB_L:u4|Line_Buffer_J:u0|int_line:d2|altsyncram:altsyncram_component|altsyncram_iup1:auto_generated|ram_block1a6 ; 1                 ; 7       ;
;      - D8M_SET:ccd|RAW2RGB_L:u4|Line_Buffer_J:u0|int_line:d2|altsyncram:altsyncram_component|altsyncram_iup1:auto_generated|ram_block1a6 ; 1                 ; 7       ;
;      - D8M_SET:ccd|RAW2RGB_L:u4|Line_Buffer_J:u0|int_line:d2|altsyncram:altsyncram_component|altsyncram_iup1:auto_generated|ram_block1a6 ; 1                 ; 7       ;
;      - D8M_SET:ccd|RAW2RGB_L:u4|Line_Buffer_J:u0|int_line:d2|altsyncram:altsyncram_component|altsyncram_iup1:auto_generated|ram_block1a6 ; 1                 ; 7       ;
; MIPI_PIXEL_D[8]                                                                                                                          ;                   ;         ;
;      - D8M_SET:ccd|RAW2RGB_L:u4|Line_Buffer_J:u0|int_line:d1|altsyncram:altsyncram_component|altsyncram_iup1:auto_generated|ram_block1a8 ; 1                 ; 7       ;
;      - D8M_SET:ccd|RAW2RGB_L:u4|Line_Buffer_J:u0|int_line:d2|altsyncram:altsyncram_component|altsyncram_iup1:auto_generated|ram_block1a8 ; 1                 ; 7       ;
;      - D8M_SET:ccd|RAW2RGB_L:u4|Line_Buffer_J:u0|int_line:d3|altsyncram:altsyncram_component|altsyncram_iup1:auto_generated|ram_block1a8 ; 1                 ; 7       ;
;      - D8M_SET:ccd|RAW2RGB_L:u4|Line_Buffer_J:u0|int_line:d1|altsyncram:altsyncram_component|altsyncram_iup1:auto_generated|ram_block1a8 ; 1                 ; 7       ;
;      - D8M_SET:ccd|RAW2RGB_L:u4|Line_Buffer_J:u0|int_line:d1|altsyncram:altsyncram_component|altsyncram_iup1:auto_generated|ram_block1a8 ; 1                 ; 7       ;
;      - D8M_SET:ccd|RAW2RGB_L:u4|Line_Buffer_J:u0|int_line:d1|altsyncram:altsyncram_component|altsyncram_iup1:auto_generated|ram_block1a8 ; 1                 ; 7       ;
;      - D8M_SET:ccd|RAW2RGB_L:u4|Line_Buffer_J:u0|int_line:d1|altsyncram:altsyncram_component|altsyncram_iup1:auto_generated|ram_block1a8 ; 1                 ; 7       ;
;      - D8M_SET:ccd|RAW2RGB_L:u4|Line_Buffer_J:u0|int_line:d1|altsyncram:altsyncram_component|altsyncram_iup1:auto_generated|ram_block1a8 ; 1                 ; 7       ;
;      - D8M_SET:ccd|RAW2RGB_L:u4|Line_Buffer_J:u0|int_line:d1|altsyncram:altsyncram_component|altsyncram_iup1:auto_generated|ram_block1a8 ; 1                 ; 7       ;
;      - D8M_SET:ccd|RAW2RGB_L:u4|Line_Buffer_J:u0|int_line:d1|altsyncram:altsyncram_component|altsyncram_iup1:auto_generated|ram_block1a8 ; 1                 ; 7       ;
;      - D8M_SET:ccd|RAW2RGB_L:u4|Line_Buffer_J:u0|int_line:d3|altsyncram:altsyncram_component|altsyncram_iup1:auto_generated|ram_block1a8 ; 1                 ; 7       ;
;      - D8M_SET:ccd|RAW2RGB_L:u4|Line_Buffer_J:u0|int_line:d3|altsyncram:altsyncram_component|altsyncram_iup1:auto_generated|ram_block1a8 ; 1                 ; 7       ;
;      - D8M_SET:ccd|RAW2RGB_L:u4|Line_Buffer_J:u0|int_line:d3|altsyncram:altsyncram_component|altsyncram_iup1:auto_generated|ram_block1a8 ; 1                 ; 7       ;
;      - D8M_SET:ccd|RAW2RGB_L:u4|Line_Buffer_J:u0|int_line:d3|altsyncram:altsyncram_component|altsyncram_iup1:auto_generated|ram_block1a8 ; 1                 ; 7       ;
;      - D8M_SET:ccd|RAW2RGB_L:u4|Line_Buffer_J:u0|int_line:d3|altsyncram:altsyncram_component|altsyncram_iup1:auto_generated|ram_block1a8 ; 1                 ; 7       ;
;      - D8M_SET:ccd|RAW2RGB_L:u4|Line_Buffer_J:u0|int_line:d3|altsyncram:altsyncram_component|altsyncram_iup1:auto_generated|ram_block1a8 ; 1                 ; 7       ;
;      - D8M_SET:ccd|RAW2RGB_L:u4|Line_Buffer_J:u0|int_line:d3|altsyncram:altsyncram_component|altsyncram_iup1:auto_generated|ram_block1a8 ; 1                 ; 7       ;
;      - D8M_SET:ccd|RAW2RGB_L:u4|Line_Buffer_J:u0|int_line:d2|altsyncram:altsyncram_component|altsyncram_iup1:auto_generated|ram_block1a8 ; 1                 ; 7       ;
;      - D8M_SET:ccd|RAW2RGB_L:u4|Line_Buffer_J:u0|int_line:d2|altsyncram:altsyncram_component|altsyncram_iup1:auto_generated|ram_block1a8 ; 1                 ; 7       ;
;      - D8M_SET:ccd|RAW2RGB_L:u4|Line_Buffer_J:u0|int_line:d2|altsyncram:altsyncram_component|altsyncram_iup1:auto_generated|ram_block1a8 ; 1                 ; 7       ;
;      - D8M_SET:ccd|RAW2RGB_L:u4|Line_Buffer_J:u0|int_line:d2|altsyncram:altsyncram_component|altsyncram_iup1:auto_generated|ram_block1a8 ; 1                 ; 7       ;
;      - D8M_SET:ccd|RAW2RGB_L:u4|Line_Buffer_J:u0|int_line:d2|altsyncram:altsyncram_component|altsyncram_iup1:auto_generated|ram_block1a8 ; 1                 ; 7       ;
;      - D8M_SET:ccd|RAW2RGB_L:u4|Line_Buffer_J:u0|int_line:d2|altsyncram:altsyncram_component|altsyncram_iup1:auto_generated|ram_block1a8 ; 1                 ; 7       ;
;      - D8M_SET:ccd|RAW2RGB_L:u4|Line_Buffer_J:u0|int_line:d2|altsyncram:altsyncram_component|altsyncram_iup1:auto_generated|ram_block1a8 ; 1                 ; 7       ;
; MIPI_PIXEL_D[9]                                                                                                                          ;                   ;         ;
;      - D8M_SET:ccd|RAW2RGB_L:u4|Line_Buffer_J:u0|int_line:d1|altsyncram:altsyncram_component|altsyncram_iup1:auto_generated|ram_block1a8 ; 0                 ; 7       ;
;      - D8M_SET:ccd|RAW2RGB_L:u4|Line_Buffer_J:u0|int_line:d1|altsyncram:altsyncram_component|altsyncram_iup1:auto_generated|ram_block1a8 ; 0                 ; 7       ;
;      - D8M_SET:ccd|RAW2RGB_L:u4|Line_Buffer_J:u0|int_line:d1|altsyncram:altsyncram_component|altsyncram_iup1:auto_generated|ram_block1a8 ; 0                 ; 7       ;
;      - D8M_SET:ccd|RAW2RGB_L:u4|Line_Buffer_J:u0|int_line:d1|altsyncram:altsyncram_component|altsyncram_iup1:auto_generated|ram_block1a8 ; 0                 ; 7       ;
;      - D8M_SET:ccd|RAW2RGB_L:u4|Line_Buffer_J:u0|int_line:d1|altsyncram:altsyncram_component|altsyncram_iup1:auto_generated|ram_block1a8 ; 0                 ; 7       ;
;      - D8M_SET:ccd|RAW2RGB_L:u4|Line_Buffer_J:u0|int_line:d1|altsyncram:altsyncram_component|altsyncram_iup1:auto_generated|ram_block1a8 ; 0                 ; 7       ;
;      - D8M_SET:ccd|RAW2RGB_L:u4|Line_Buffer_J:u0|int_line:d1|altsyncram:altsyncram_component|altsyncram_iup1:auto_generated|ram_block1a8 ; 0                 ; 7       ;
;      - D8M_SET:ccd|RAW2RGB_L:u4|Line_Buffer_J:u0|int_line:d1|altsyncram:altsyncram_component|altsyncram_iup1:auto_generated|ram_block1a8 ; 0                 ; 7       ;
;      - D8M_SET:ccd|RAW2RGB_L:u4|Line_Buffer_J:u0|int_line:d3|altsyncram:altsyncram_component|altsyncram_iup1:auto_generated|ram_block1a8 ; 0                 ; 7       ;
;      - D8M_SET:ccd|RAW2RGB_L:u4|Line_Buffer_J:u0|int_line:d3|altsyncram:altsyncram_component|altsyncram_iup1:auto_generated|ram_block1a8 ; 0                 ; 7       ;
;      - D8M_SET:ccd|RAW2RGB_L:u4|Line_Buffer_J:u0|int_line:d3|altsyncram:altsyncram_component|altsyncram_iup1:auto_generated|ram_block1a8 ; 0                 ; 7       ;
;      - D8M_SET:ccd|RAW2RGB_L:u4|Line_Buffer_J:u0|int_line:d3|altsyncram:altsyncram_component|altsyncram_iup1:auto_generated|ram_block1a8 ; 0                 ; 7       ;
;      - D8M_SET:ccd|RAW2RGB_L:u4|Line_Buffer_J:u0|int_line:d3|altsyncram:altsyncram_component|altsyncram_iup1:auto_generated|ram_block1a8 ; 0                 ; 7       ;
;      - D8M_SET:ccd|RAW2RGB_L:u4|Line_Buffer_J:u0|int_line:d3|altsyncram:altsyncram_component|altsyncram_iup1:auto_generated|ram_block1a8 ; 0                 ; 7       ;
;      - D8M_SET:ccd|RAW2RGB_L:u4|Line_Buffer_J:u0|int_line:d3|altsyncram:altsyncram_component|altsyncram_iup1:auto_generated|ram_block1a8 ; 0                 ; 7       ;
;      - D8M_SET:ccd|RAW2RGB_L:u4|Line_Buffer_J:u0|int_line:d3|altsyncram:altsyncram_component|altsyncram_iup1:auto_generated|ram_block1a8 ; 0                 ; 7       ;
;      - D8M_SET:ccd|RAW2RGB_L:u4|Line_Buffer_J:u0|int_line:d2|altsyncram:altsyncram_component|altsyncram_iup1:auto_generated|ram_block1a8 ; 0                 ; 7       ;
;      - D8M_SET:ccd|RAW2RGB_L:u4|Line_Buffer_J:u0|int_line:d2|altsyncram:altsyncram_component|altsyncram_iup1:auto_generated|ram_block1a8 ; 0                 ; 7       ;
;      - D8M_SET:ccd|RAW2RGB_L:u4|Line_Buffer_J:u0|int_line:d2|altsyncram:altsyncram_component|altsyncram_iup1:auto_generated|ram_block1a8 ; 0                 ; 7       ;
;      - D8M_SET:ccd|RAW2RGB_L:u4|Line_Buffer_J:u0|int_line:d2|altsyncram:altsyncram_component|altsyncram_iup1:auto_generated|ram_block1a8 ; 0                 ; 7       ;
;      - D8M_SET:ccd|RAW2RGB_L:u4|Line_Buffer_J:u0|int_line:d2|altsyncram:altsyncram_component|altsyncram_iup1:auto_generated|ram_block1a8 ; 0                 ; 7       ;
;      - D8M_SET:ccd|RAW2RGB_L:u4|Line_Buffer_J:u0|int_line:d2|altsyncram:altsyncram_component|altsyncram_iup1:auto_generated|ram_block1a8 ; 0                 ; 7       ;
;      - D8M_SET:ccd|RAW2RGB_L:u4|Line_Buffer_J:u0|int_line:d2|altsyncram:altsyncram_component|altsyncram_iup1:auto_generated|ram_block1a8 ; 0                 ; 7       ;
;      - D8M_SET:ccd|RAW2RGB_L:u4|Line_Buffer_J:u0|int_line:d2|altsyncram:altsyncram_component|altsyncram_iup1:auto_generated|ram_block1a8 ; 0                 ; 7       ;
; MIPI_PIXEL_D[1]                                                                                                                          ;                   ;         ;
;      - D8M_SET:ccd|RAW2RGB_L:u4|Line_Buffer_J:u0|int_line:d1|altsyncram:altsyncram_component|altsyncram_iup1:auto_generated|ram_block1a0 ; 1                 ; 7       ;
;      - D8M_SET:ccd|RAW2RGB_L:u4|Line_Buffer_J:u0|int_line:d1|altsyncram:altsyncram_component|altsyncram_iup1:auto_generated|ram_block1a0 ; 1                 ; 7       ;
;      - D8M_SET:ccd|RAW2RGB_L:u4|Line_Buffer_J:u0|int_line:d1|altsyncram:altsyncram_component|altsyncram_iup1:auto_generated|ram_block1a0 ; 1                 ; 7       ;
;      - D8M_SET:ccd|RAW2RGB_L:u4|Line_Buffer_J:u0|int_line:d1|altsyncram:altsyncram_component|altsyncram_iup1:auto_generated|ram_block1a0 ; 1                 ; 7       ;
;      - D8M_SET:ccd|RAW2RGB_L:u4|Line_Buffer_J:u0|int_line:d1|altsyncram:altsyncram_component|altsyncram_iup1:auto_generated|ram_block1a0 ; 1                 ; 7       ;
;      - D8M_SET:ccd|RAW2RGB_L:u4|Line_Buffer_J:u0|int_line:d1|altsyncram:altsyncram_component|altsyncram_iup1:auto_generated|ram_block1a0 ; 1                 ; 7       ;
;      - D8M_SET:ccd|RAW2RGB_L:u4|Line_Buffer_J:u0|int_line:d1|altsyncram:altsyncram_component|altsyncram_iup1:auto_generated|ram_block1a0 ; 1                 ; 7       ;
;      - D8M_SET:ccd|RAW2RGB_L:u4|Line_Buffer_J:u0|int_line:d1|altsyncram:altsyncram_component|altsyncram_iup1:auto_generated|ram_block1a0 ; 1                 ; 7       ;
;      - D8M_SET:ccd|RAW2RGB_L:u4|Line_Buffer_J:u0|int_line:d3|altsyncram:altsyncram_component|altsyncram_iup1:auto_generated|ram_block1a0 ; 1                 ; 7       ;
;      - D8M_SET:ccd|RAW2RGB_L:u4|Line_Buffer_J:u0|int_line:d3|altsyncram:altsyncram_component|altsyncram_iup1:auto_generated|ram_block1a0 ; 1                 ; 7       ;
;      - D8M_SET:ccd|RAW2RGB_L:u4|Line_Buffer_J:u0|int_line:d3|altsyncram:altsyncram_component|altsyncram_iup1:auto_generated|ram_block1a0 ; 1                 ; 7       ;
;      - D8M_SET:ccd|RAW2RGB_L:u4|Line_Buffer_J:u0|int_line:d3|altsyncram:altsyncram_component|altsyncram_iup1:auto_generated|ram_block1a0 ; 1                 ; 7       ;
;      - D8M_SET:ccd|RAW2RGB_L:u4|Line_Buffer_J:u0|int_line:d3|altsyncram:altsyncram_component|altsyncram_iup1:auto_generated|ram_block1a0 ; 1                 ; 7       ;
;      - D8M_SET:ccd|RAW2RGB_L:u4|Line_Buffer_J:u0|int_line:d3|altsyncram:altsyncram_component|altsyncram_iup1:auto_generated|ram_block1a0 ; 1                 ; 7       ;
;      - D8M_SET:ccd|RAW2RGB_L:u4|Line_Buffer_J:u0|int_line:d3|altsyncram:altsyncram_component|altsyncram_iup1:auto_generated|ram_block1a0 ; 1                 ; 7       ;
;      - D8M_SET:ccd|RAW2RGB_L:u4|Line_Buffer_J:u0|int_line:d3|altsyncram:altsyncram_component|altsyncram_iup1:auto_generated|ram_block1a0 ; 1                 ; 7       ;
;      - D8M_SET:ccd|RAW2RGB_L:u4|Line_Buffer_J:u0|int_line:d2|altsyncram:altsyncram_component|altsyncram_iup1:auto_generated|ram_block1a0 ; 1                 ; 7       ;
;      - D8M_SET:ccd|RAW2RGB_L:u4|Line_Buffer_J:u0|int_line:d2|altsyncram:altsyncram_component|altsyncram_iup1:auto_generated|ram_block1a0 ; 1                 ; 7       ;
;      - D8M_SET:ccd|RAW2RGB_L:u4|Line_Buffer_J:u0|int_line:d2|altsyncram:altsyncram_component|altsyncram_iup1:auto_generated|ram_block1a0 ; 1                 ; 7       ;
;      - D8M_SET:ccd|RAW2RGB_L:u4|Line_Buffer_J:u0|int_line:d2|altsyncram:altsyncram_component|altsyncram_iup1:auto_generated|ram_block1a0 ; 1                 ; 7       ;
;      - D8M_SET:ccd|RAW2RGB_L:u4|Line_Buffer_J:u0|int_line:d2|altsyncram:altsyncram_component|altsyncram_iup1:auto_generated|ram_block1a0 ; 1                 ; 7       ;
;      - D8M_SET:ccd|RAW2RGB_L:u4|Line_Buffer_J:u0|int_line:d2|altsyncram:altsyncram_component|altsyncram_iup1:auto_generated|ram_block1a0 ; 1                 ; 7       ;
;      - D8M_SET:ccd|RAW2RGB_L:u4|Line_Buffer_J:u0|int_line:d2|altsyncram:altsyncram_component|altsyncram_iup1:auto_generated|ram_block1a0 ; 1                 ; 7       ;
;      - D8M_SET:ccd|RAW2RGB_L:u4|Line_Buffer_J:u0|int_line:d2|altsyncram:altsyncram_component|altsyncram_iup1:auto_generated|ram_block1a0 ; 1                 ; 7       ;
; KEY[3]                                                                                                                                   ;                   ;         ;
;      - FOCUS_ADJ:adl|VCM_CTRL_P:pp|F_VCM:f|STEP_i[3]                                                                                     ; 0                 ; 0       ;
;      - FOCUS_ADJ:adl|VCM_CTRL_P:pp|F_VCM:f|V_C                                                                                           ; 0                 ; 0       ;
;      - FOCUS_ADJ:adl|VCM_CTRL_P:pp|F_VCM:f|STEP_i[2]                                                                                     ; 0                 ; 0       ;
;      - FOCUS_ADJ:adl|VCM_CTRL_P:pp|F_VCM:f|STEP_i[10]                                                                                    ; 0                 ; 0       ;
;      - FOCUS_ADJ:adl|VCM_CTRL_P:pp|F_VCM:f|STEP_i[9]                                                                                     ; 0                 ; 0       ;
;      - FOCUS_ADJ:adl|VCM_CTRL_P:pp|F_VCM:f|STEP_i[8]                                                                                     ; 0                 ; 0       ;
;      - FOCUS_ADJ:adl|VCM_CTRL_P:pp|F_VCM:f|STEP_i[7]                                                                                     ; 0                 ; 0       ;
;      - FOCUS_ADJ:adl|VCM_CTRL_P:pp|F_VCM:f|STEP_i[6]                                                                                     ; 0                 ; 0       ;
;      - FOCUS_ADJ:adl|VCM_CTRL_P:pp|F_VCM:f|STEP_i[5]                                                                                     ; 0                 ; 0       ;
;      - FOCUS_ADJ:adl|VCM_CTRL_P:pp|F_VCM:f|STEP_i[4]                                                                                     ; 0                 ; 0       ;
;      - FOCUS_ADJ:adl|VCM_CTRL_P:pp|F_VCM:f|STEP_i[1]                                                                                     ; 0                 ; 0       ;
;      - FOCUS_ADJ:adl|VCM_CTRL_P:pp|STEP_UP[3]~0                                                                                          ; 0                 ; 0       ;
;      - FOCUS_ADJ:adl|VCM_CTRL_P:pp|F_VCM:f|STEP_i[0]                                                                                     ; 0                 ; 0       ;
;      - FOCUS_ADJ:adl|VCM_CTRL_P:pp|STEP_UP[3]~1                                                                                          ; 0                 ; 0       ;
;      - FOCUS_ADJ:adl|VCM_CTRL_P:pp|peakSUM[31]~0                                                                                         ; 0                 ; 0       ;
;      - FOCUS_ADJ:adl|VCM_CTRL_P:pp|F_VCM:f|STEP_i[3]~DUPLICATE                                                                           ; 0                 ; 0       ;
;      - FOCUS_ADJ:adl|VCM_CTRL_P:pp|F_VCM:f|STEP_i[9]~DUPLICATE                                                                           ; 0                 ; 0       ;
;      - FOCUS_ADJ:adl|VCM_CTRL_P:pp|F_VCM:f|STEP_i[0]~DUPLICATE                                                                           ; 0                 ; 0       ;
; MIPI_PIXEL_D[0]                                                                                                                          ;                   ;         ;
;      - D8M_SET:ccd|RAW2RGB_L:u4|Line_Buffer_J:u0|int_line:d1|altsyncram:altsyncram_component|altsyncram_iup1:auto_generated|ram_block1a0 ; 0                 ; 7       ;
;      - D8M_SET:ccd|RAW2RGB_L:u4|Line_Buffer_J:u0|int_line:d2|altsyncram:altsyncram_component|altsyncram_iup1:auto_generated|ram_block1a0 ; 0                 ; 7       ;
;      - D8M_SET:ccd|RAW2RGB_L:u4|Line_Buffer_J:u0|int_line:d3|altsyncram:altsyncram_component|altsyncram_iup1:auto_generated|ram_block1a0 ; 0                 ; 7       ;
;      - D8M_SET:ccd|RAW2RGB_L:u4|Line_Buffer_J:u0|int_line:d1|altsyncram:altsyncram_component|altsyncram_iup1:auto_generated|ram_block1a0 ; 0                 ; 7       ;
;      - D8M_SET:ccd|RAW2RGB_L:u4|Line_Buffer_J:u0|int_line:d1|altsyncram:altsyncram_component|altsyncram_iup1:auto_generated|ram_block1a0 ; 0                 ; 7       ;
;      - D8M_SET:ccd|RAW2RGB_L:u4|Line_Buffer_J:u0|int_line:d1|altsyncram:altsyncram_component|altsyncram_iup1:auto_generated|ram_block1a0 ; 0                 ; 7       ;
;      - D8M_SET:ccd|RAW2RGB_L:u4|Line_Buffer_J:u0|int_line:d1|altsyncram:altsyncram_component|altsyncram_iup1:auto_generated|ram_block1a0 ; 0                 ; 7       ;
;      - D8M_SET:ccd|RAW2RGB_L:u4|Line_Buffer_J:u0|int_line:d1|altsyncram:altsyncram_component|altsyncram_iup1:auto_generated|ram_block1a0 ; 0                 ; 7       ;
;      - D8M_SET:ccd|RAW2RGB_L:u4|Line_Buffer_J:u0|int_line:d1|altsyncram:altsyncram_component|altsyncram_iup1:auto_generated|ram_block1a0 ; 0                 ; 7       ;
;      - D8M_SET:ccd|RAW2RGB_L:u4|Line_Buffer_J:u0|int_line:d1|altsyncram:altsyncram_component|altsyncram_iup1:auto_generated|ram_block1a0 ; 0                 ; 7       ;
;      - D8M_SET:ccd|RAW2RGB_L:u4|Line_Buffer_J:u0|int_line:d3|altsyncram:altsyncram_component|altsyncram_iup1:auto_generated|ram_block1a0 ; 0                 ; 7       ;
;      - D8M_SET:ccd|RAW2RGB_L:u4|Line_Buffer_J:u0|int_line:d3|altsyncram:altsyncram_component|altsyncram_iup1:auto_generated|ram_block1a0 ; 0                 ; 7       ;
;      - D8M_SET:ccd|RAW2RGB_L:u4|Line_Buffer_J:u0|int_line:d3|altsyncram:altsyncram_component|altsyncram_iup1:auto_generated|ram_block1a0 ; 0                 ; 7       ;
;      - D8M_SET:ccd|RAW2RGB_L:u4|Line_Buffer_J:u0|int_line:d3|altsyncram:altsyncram_component|altsyncram_iup1:auto_generated|ram_block1a0 ; 0                 ; 7       ;
;      - D8M_SET:ccd|RAW2RGB_L:u4|Line_Buffer_J:u0|int_line:d3|altsyncram:altsyncram_component|altsyncram_iup1:auto_generated|ram_block1a0 ; 0                 ; 7       ;
;      - D8M_SET:ccd|RAW2RGB_L:u4|Line_Buffer_J:u0|int_line:d3|altsyncram:altsyncram_component|altsyncram_iup1:auto_generated|ram_block1a0 ; 0                 ; 7       ;
;      - D8M_SET:ccd|RAW2RGB_L:u4|Line_Buffer_J:u0|int_line:d3|altsyncram:altsyncram_component|altsyncram_iup1:auto_generated|ram_block1a0 ; 0                 ; 7       ;
;      - D8M_SET:ccd|RAW2RGB_L:u4|Line_Buffer_J:u0|int_line:d2|altsyncram:altsyncram_component|altsyncram_iup1:auto_generated|ram_block1a0 ; 0                 ; 7       ;
;      - D8M_SET:ccd|RAW2RGB_L:u4|Line_Buffer_J:u0|int_line:d2|altsyncram:altsyncram_component|altsyncram_iup1:auto_generated|ram_block1a0 ; 0                 ; 7       ;
;      - D8M_SET:ccd|RAW2RGB_L:u4|Line_Buffer_J:u0|int_line:d2|altsyncram:altsyncram_component|altsyncram_iup1:auto_generated|ram_block1a0 ; 0                 ; 7       ;
;      - D8M_SET:ccd|RAW2RGB_L:u4|Line_Buffer_J:u0|int_line:d2|altsyncram:altsyncram_component|altsyncram_iup1:auto_generated|ram_block1a0 ; 0                 ; 7       ;
;      - D8M_SET:ccd|RAW2RGB_L:u4|Line_Buffer_J:u0|int_line:d2|altsyncram:altsyncram_component|altsyncram_iup1:auto_generated|ram_block1a0 ; 0                 ; 7       ;
;      - D8M_SET:ccd|RAW2RGB_L:u4|Line_Buffer_J:u0|int_line:d2|altsyncram:altsyncram_component|altsyncram_iup1:auto_generated|ram_block1a0 ; 0                 ; 7       ;
;      - D8M_SET:ccd|RAW2RGB_L:u4|Line_Buffer_J:u0|int_line:d2|altsyncram:altsyncram_component|altsyncram_iup1:auto_generated|ram_block1a0 ; 0                 ; 7       ;
+------------------------------------------------------------------------------------------------------------------------------------------+-------------------+---------+


+--------------------------------------------------------------------------------------------------------------------------------------------------------------------------------------------------------------------------------------------+
; Control Signals                                                                                                                                                                                                                            ;
+-----------------------------------------------------------------------------------------+----------------------------+---------+----------------------------+--------+----------------------+------------------+---------------------------+
; Name                                                                                    ; Location                   ; Fan-Out ; Usage                      ; Global ; Global Resource Used ; Global Line Name ; Enable Signal Source Name ;
+-----------------------------------------------------------------------------------------+----------------------------+---------+----------------------------+--------+----------------------+------------------+---------------------------+
; CLOCK2_50                                                                               ; PIN_AA16                   ; 133     ; Clock                      ; yes    ; Global Clock         ; GCLK7            ; --                        ;
; CLOCK2_50                                                                               ; PIN_AA16                   ; 4       ; Clock                      ; no     ; --                   ; --               ; --                        ;
; CLOCKMEM:ck1|LessThan0~7                                                                ; LABCELL_X75_Y11_N54        ; 33      ; Sync. clear                ; no     ; --                   ; --               ; --                        ;
; CLOCKMEM:ck2|LessThan0~6                                                                ; LABCELL_X83_Y11_N54        ; 32      ; Sync. clear                ; no     ; --                   ; --               ; --                        ;
; CLOCKMEM:ck3|LessThan0~7                                                                ; LABCELL_X81_Y7_N54         ; 32      ; Sync. clear                ; no     ; --                   ; --               ; --                        ;
; D8M_SET:ccd|D8M_WRITE_COUNTER:u3|X_Cont[15]~0                                           ; LABCELL_X42_Y52_N33        ; 16      ; Sync. clear                ; no     ; --                   ; --               ; --                        ;
; D8M_SET:ccd|D8M_WRITE_COUNTER:u3|X_WR_CNT[2]~0                                          ; LABCELL_X42_Y52_N48        ; 12      ; Clock enable               ; no     ; --                   ; --               ; --                        ;
; D8M_SET:ccd|D8M_WRITE_COUNTER:u3|Y_Cont[3]~0                                            ; LABCELL_X42_Y52_N36        ; 16      ; Clock enable               ; no     ; --                   ; --               ; --                        ;
; D8M_SET:ccd|D8M_WRITE_COUNTER:u3|always0~3                                              ; LABCELL_X40_Y49_N3         ; 32      ; Clock enable, Sync. clear  ; no     ; --                   ; --               ; --                        ;
; D8M_SET:ccd|D8M_WRITE_COUNTER:u3|always0~4                                              ; LABCELL_X42_Y52_N51        ; 12      ; Sync. clear                ; no     ; --                   ; --               ; --                        ;
; D8M_SET:ccd|RAW2RGB_L:u4|Line_Buffer_J:u0|comb~0                                        ; LABCELL_X40_Y59_N18        ; 5       ; Clock enable, Write enable ; no     ; --                   ; --               ; --                        ;
; D8M_SET:ccd|RAW2RGB_L:u4|Line_Buffer_J:u0|comb~1                                        ; LABCELL_X40_Y59_N21        ; 5       ; Clock enable, Write enable ; no     ; --                   ; --               ; --                        ;
; D8M_SET:ccd|RAW2RGB_L:u4|Line_Buffer_J:u0|comb~2                                        ; LABCELL_X40_Y59_N24        ; 5       ; Clock enable, Write enable ; no     ; --                   ; --               ; --                        ;
; D8M_SET:ccd|VGA_READ_COUNTER:cnt|CNT_[11]~0                                             ; LABCELL_X43_Y57_N57        ; 17      ; Clock enable               ; no     ; --                   ; --               ; --                        ;
; FOCUS_ADJ:adl|AUTO_SYNC_MODIFY:RE|MODIFY_SYNC:hs|CNT[2]~0                               ; LABCELL_X36_Y51_N51        ; 21      ; Sync. clear                ; no     ; --                   ; --               ; --                        ;
; FOCUS_ADJ:adl|AUTO_SYNC_MODIFY:RE|MODIFY_SYNC:hs|always0~0                              ; LABCELL_X37_Y51_N21        ; 16      ; Clock enable               ; no     ; --                   ; --               ; --                        ;
; FOCUS_ADJ:adl|AUTO_SYNC_MODIFY:RE|MODIFY_SYNC:hs|always0~1                              ; LABCELL_X37_Y51_N24        ; 16      ; Clock enable               ; no     ; --                   ; --               ; --                        ;
; FOCUS_ADJ:adl|AUTO_SYNC_MODIFY:RE|MODIFY_SYNC:vs|CNT[13]~0                              ; LABCELL_X45_Y32_N24        ; 18      ; Sync. clear                ; no     ; --                   ; --               ; --                        ;
; FOCUS_ADJ:adl|AUTO_SYNC_MODIFY:RE|MODIFY_SYNC:vs|MS                                     ; FF_X45_Y32_N2              ; 42      ; Clock                      ; no     ; --                   ; --               ; --                        ;
; FOCUS_ADJ:adl|AUTO_SYNC_MODIFY:RE|MODIFY_SYNC:vs|always0~0                              ; LABCELL_X45_Y32_N21        ; 16      ; Clock enable               ; no     ; --                   ; --               ; --                        ;
; FOCUS_ADJ:adl|AUTO_SYNC_MODIFY:RE|MODIFY_SYNC:vs|always0~1                              ; LABCELL_X45_Y32_N54        ; 16      ; Clock enable               ; no     ; --                   ; --               ; --                        ;
; FOCUS_ADJ:adl|I2C_DELAY:i2c|LessThan0~5                                                 ; LABCELL_X43_Y38_N6         ; 41      ; Sync. load                 ; no     ; --                   ; --               ; --                        ;
; FOCUS_ADJ:adl|I2C_DELAY:i2c|READY                                                       ; FF_X47_Y24_N56             ; 69      ; Async. clear, Latch enable ; no     ; --                   ; --               ; --                        ;
; FOCUS_ADJ:adl|LCD_COUNTER:cv1|H_CNT[7]~0                                                ; MLABCELL_X34_Y52_N0        ; 24      ; Clock enable               ; no     ; --                   ; --               ; --                        ;
; FOCUS_ADJ:adl|LCD_COUNTER:cv1|V_CNT[13]~0                                               ; MLABCELL_X34_Y52_N3        ; 21      ; Clock enable               ; no     ; --                   ; --               ; --                        ;
; FOCUS_ADJ:adl|LCD_COUNTER:cv1|always0~0                                                 ; MLABCELL_X34_Y52_N36       ; 108     ; Clock enable, Sync. clear  ; no     ; --                   ; --               ; --                        ;
; FOCUS_ADJ:adl|LCD_COUNTER:cv1|always0~1                                                 ; MLABCELL_X34_Y52_N42       ; 41      ; Clock enable, Sync. clear  ; no     ; --                   ; --               ; --                        ;
; FOCUS_ADJ:adl|VCM_CTRL_P:pp|F_VCM:f|LessThan0~2                                         ; LABCELL_X46_Y23_N48        ; 14      ; Sync. load                 ; no     ; --                   ; --               ; --                        ;
; FOCUS_ADJ:adl|VCM_CTRL_P:pp|F_VCM:f|VCM_END                                             ; FF_X48_Y23_N32             ; 13      ; Sync. load                 ; no     ; --                   ; --               ; --                        ;
; FOCUS_ADJ:adl|VCM_CTRL_P:pp|F_VCM:f|V_C                                                 ; FF_X46_Y23_N38             ; 46      ; Async. clear, Latch enable ; no     ; --                   ; --               ; --                        ;
; FOCUS_ADJ:adl|VCM_CTRL_P:pp|LessThan1~4                                                 ; LABCELL_X35_Y63_N54        ; 8       ; Sync. load                 ; no     ; --                   ; --               ; --                        ;
; FOCUS_ADJ:adl|VCM_CTRL_P:pp|STEP_UP[3]~0                                                ; MLABCELL_X47_Y23_N48       ; 10      ; Clock enable               ; no     ; --                   ; --               ; --                        ;
; FOCUS_ADJ:adl|VCM_CTRL_P:pp|STEP_UP[3]~1                                                ; LABCELL_X46_Y23_N39        ; 32      ; Sync. clear                ; no     ; --                   ; --               ; --                        ;
; FOCUS_ADJ:adl|VCM_CTRL_P:pp|peakSUM[31]~0                                               ; MLABCELL_X47_Y23_N39       ; 32      ; Clock enable               ; no     ; --                   ; --               ; --                        ;
; FOCUS_ADJ:adl|VCM_CTRL_P:pp|rSUM[12]~2                                                  ; MLABCELL_X34_Y52_N24       ; 32      ; Clock enable               ; no     ; --                   ; --               ; --                        ;
; FOCUS_ADJ:adl|VCM_I2C:i2c2|CLOCKMEM:c1|CK_1HZ                                           ; FF_X51_Y19_N14             ; 187     ; Clock                      ; no     ; --                   ; --               ; --                        ;
; FOCUS_ADJ:adl|VCM_I2C:i2c2|CNT[3]~2                                                     ; LABCELL_X51_Y21_N6         ; 8       ; Clock enable               ; no     ; --                   ; --               ; --                        ;
; FOCUS_ADJ:adl|VCM_I2C:i2c2|DELY[9]~6                                                    ; LABCELL_X51_Y21_N54        ; 35      ; Clock enable               ; no     ; --                   ; --               ; --                        ;
; FOCUS_ADJ:adl|VCM_I2C:i2c2|DELY[9]~7                                                    ; LABCELL_X53_Y21_N30        ; 35      ; Sync. clear                ; no     ; --                   ; --               ; --                        ;
; FOCUS_ADJ:adl|VCM_I2C:i2c2|I2C_READ_DATA:rd|BYTE[2]~0                                   ; MLABCELL_X52_Y19_N57       ; 9       ; Sync. clear                ; no     ; --                   ; --               ; --                        ;
; FOCUS_ADJ:adl|VCM_I2C:i2c2|I2C_READ_DATA:rd|BYTE[2]~2                                   ; LABCELL_X53_Y19_N6         ; 9       ; Clock enable               ; no     ; --                   ; --               ; --                        ;
; FOCUS_ADJ:adl|VCM_I2C:i2c2|I2C_READ_DATA:rd|CNT[7]~0                                    ; LABCELL_X53_Y19_N45        ; 10      ; Sync. clear                ; no     ; --                   ; --               ; --                        ;
; FOCUS_ADJ:adl|VCM_I2C:i2c2|I2C_READ_DATA:rd|CNT[7]~1                                    ; LABCELL_X53_Y19_N33        ; 10      ; Clock enable               ; no     ; --                   ; --               ; --                        ;
; FOCUS_ADJ:adl|VCM_I2C:i2c2|I2C_READ_DATA:rd|DELY[1]~0                                   ; LABCELL_X50_Y17_N24        ; 8       ; Clock enable               ; no     ; --                   ; --               ; --                        ;
; FOCUS_ADJ:adl|VCM_I2C:i2c2|I2C_READ_DATA:rd|ST[3]                                       ; FF_X52_Y19_N23             ; 37      ; Sync. clear                ; no     ; --                   ; --               ; --                        ;
; FOCUS_ADJ:adl|VCM_I2C:i2c2|I2C_READ_DATA:rd|Selector26~1                                ; LABCELL_X50_Y19_N36        ; 2       ; Clock enable               ; no     ; --                   ; --               ; --                        ;
; FOCUS_ADJ:adl|VCM_I2C:i2c2|I2C_READ_DATA:rd|Selector27~0                                ; LABCELL_X50_Y19_N39        ; 9       ; Clock enable               ; no     ; --                   ; --               ; --                        ;
; FOCUS_ADJ:adl|VCM_I2C:i2c2|I2C_WRITE_PTR:wpt|A[8]~1                                     ; LABCELL_X50_Y18_N36        ; 8       ; Clock enable               ; no     ; --                   ; --               ; --                        ;
; FOCUS_ADJ:adl|VCM_I2C:i2c2|I2C_WRITE_PTR:wpt|BYTE[2]~1                                  ; LABCELL_X50_Y18_N42        ; 2       ; Clock enable               ; no     ; --                   ; --               ; --                        ;
; FOCUS_ADJ:adl|VCM_I2C:i2c2|I2C_WRITE_PTR:wpt|CNT[3]~1                                   ; MLABCELL_X52_Y17_N24       ; 8       ; Clock enable               ; no     ; --                   ; --               ; --                        ;
; FOCUS_ADJ:adl|VCM_I2C:i2c2|I2C_WRITE_PTR:wpt|DELY[1]~1                                  ; LABCELL_X51_Y18_N48        ; 9       ; Clock enable               ; no     ; --                   ; --               ; --                        ;
; FOCUS_ADJ:adl|VCM_I2C:i2c2|I2C_WRITE_PTR:wpt|ST[5]~0                                    ; LABCELL_X53_Y18_N30        ; 11      ; Sync. clear                ; no     ; --                   ; --               ; --                        ;
; FOCUS_ADJ:adl|VCM_I2C:i2c2|I2C_WRITE_PTR:wpt|Selector13~3                               ; MLABCELL_X52_Y17_N54       ; 8       ; Sync. clear                ; no     ; --                   ; --               ; --                        ;
; FOCUS_ADJ:adl|VCM_I2C:i2c2|I2C_WRITE_WDATA:wrd|A[8]~2                                   ; LABCELL_X48_Y20_N30        ; 7       ; Clock enable               ; no     ; --                   ; --               ; --                        ;
; FOCUS_ADJ:adl|VCM_I2C:i2c2|I2C_WRITE_WDATA:wrd|BYTE[3]~3                                ; LABCELL_X48_Y20_N42        ; 5       ; Clock enable               ; no     ; --                   ; --               ; --                        ;
; FOCUS_ADJ:adl|VCM_I2C:i2c2|I2C_WRITE_WDATA:wrd|CNT[6]~0                                 ; MLABCELL_X52_Y20_N30       ; 8       ; Sync. clear                ; no     ; --                   ; --               ; --                        ;
; FOCUS_ADJ:adl|VCM_I2C:i2c2|I2C_WRITE_WDATA:wrd|CNT[6]~1                                 ; LABCELL_X53_Y20_N12        ; 8       ; Clock enable               ; no     ; --                   ; --               ; --                        ;
; FOCUS_ADJ:adl|VCM_I2C:i2c2|I2C_WRITE_WDATA:wrd|ST[1]                                    ; FF_X52_Y20_N29             ; 18      ; Sync. clear, Sync. load    ; no     ; --                   ; --               ; --                        ;
; FOCUS_ADJ:adl|VCM_I2C:i2c2|I2C_WRITE_WDATA:wrd|ST[2]                                    ; FF_X52_Y20_N8              ; 27      ; Sync. clear                ; no     ; --                   ; --               ; --                        ;
; FOCUS_ADJ:adl|VCM_I2C:i2c2|I2C_WRITE_WDATA:wrd|Selector23~3                             ; MLABCELL_X52_Y20_N54       ; 2       ; Clock enable               ; no     ; --                   ; --               ; --                        ;
; FOCUS_ADJ:adl|VCM_I2C:i2c2|Selector6~0                                                  ; LABCELL_X51_Y21_N12        ; 10      ; Sync. clear                ; no     ; --                   ; --               ; --                        ;
; FOCUS_ADJ:adl|VCM_I2C:i2c2|WCNT[7]~0                                                    ; LABCELL_X48_Y22_N0         ; 8       ; Sync. clear                ; no     ; --                   ; --               ; --                        ;
; FOCUS_ADJ:adl|VCM_I2C:i2c2|WCNT[7]~2                                                    ; MLABCELL_X52_Y21_N27       ; 8       ; Clock enable               ; no     ; --                   ; --               ; --                        ;
; FOCUS_ADJ:adl|VCM_I2C:i2c2|WORD_DATA[7]~3                                               ; LABCELL_X48_Y21_N54        ; 10      ; Clock enable               ; no     ; --                   ; --               ; --                        ;
; FOCUS_ADJ:adl|concat~0                                                                  ; MLABCELL_X34_Y63_N24       ; 8       ; Sync. clear                ; no     ; --                   ; --               ; --                        ;
; FpsMonitor:uFps2|LessThan0~4                                                            ; LABCELL_X85_Y8_N54         ; 38      ; Clock enable, Sync. clear  ; no     ; --                   ; --               ; --                        ;
; FpsMonitor:uFps2|rfps_h[0]~1                                                            ; MLABCELL_X87_Y8_N54        ; 4       ; Clock enable               ; no     ; --                   ; --               ; --                        ;
; FpsMonitor:uFps2|rfps_l[2]~1                                                            ; MLABCELL_X87_Y8_N21        ; 4       ; Clock enable               ; no     ; --                   ; --               ; --                        ;
; I2C_RELEASE                                                                             ; LABCELL_X50_Y8_N36         ; 41      ; Async. clear               ; no     ; --                   ; --               ; --                        ;
; KEY[3]                                                                                  ; PIN_Y16                    ; 18      ; Async. clear               ; no     ; --                   ; --               ; --                        ;
; MIPI_BRIDGE_CAMERA_Config:cfin|MIPI_BRIDGE_CONFIG:mpiv|CLOCKMEM:c1|CK_1HZ               ; FF_X71_Y5_N17              ; 216     ; Clock                      ; no     ; --                   ; --               ; --                        ;
; MIPI_BRIDGE_CAMERA_Config:cfin|MIPI_BRIDGE_CONFIG:mpiv|CLOCKMEM:c1|LessThan0~6          ; MLABCELL_X65_Y10_N54       ; 44      ; Clock enable, Sync. clear  ; no     ; --                   ; --               ; --                        ;
; MIPI_BRIDGE_CAMERA_Config:cfin|MIPI_BRIDGE_CONFIG:mpiv|CNT[2]~0                         ; LABCELL_X73_Y7_N0          ; 10      ; Sync. clear                ; no     ; --                   ; --               ; --                        ;
; MIPI_BRIDGE_CAMERA_Config:cfin|MIPI_BRIDGE_CONFIG:mpiv|CNT[2]~1                         ; LABCELL_X74_Y5_N18         ; 9       ; Clock enable               ; no     ; --                   ; --               ; --                        ;
; MIPI_BRIDGE_CAMERA_Config:cfin|MIPI_BRIDGE_CONFIG:mpiv|DELY[16]~7                       ; MLABCELL_X72_Y5_N24        ; 36      ; Clock enable               ; no     ; --                   ; --               ; --                        ;
; MIPI_BRIDGE_CAMERA_Config:cfin|MIPI_BRIDGE_CONFIG:mpiv|DELY[16]~8                       ; LABCELL_X68_Y5_N30         ; 36      ; Sync. clear                ; no     ; --                   ; --               ; --                        ;
; MIPI_BRIDGE_CAMERA_Config:cfin|MIPI_BRIDGE_CONFIG:mpiv|I2C_READ_DATA:rd|BYTE[7]~0       ; LABCELL_X71_Y6_N48         ; 8       ; Sync. clear                ; no     ; --                   ; --               ; --                        ;
; MIPI_BRIDGE_CAMERA_Config:cfin|MIPI_BRIDGE_CONFIG:mpiv|I2C_READ_DATA:rd|BYTE[7]~2       ; LABCELL_X70_Y6_N24         ; 8       ; Clock enable               ; no     ; --                   ; --               ; --                        ;
; MIPI_BRIDGE_CAMERA_Config:cfin|MIPI_BRIDGE_CONFIG:mpiv|I2C_READ_DATA:rd|CNT[7]~0        ; LABCELL_X70_Y6_N18         ; 8       ; Sync. clear                ; no     ; --                   ; --               ; --                        ;
; MIPI_BRIDGE_CAMERA_Config:cfin|MIPI_BRIDGE_CONFIG:mpiv|I2C_READ_DATA:rd|CNT[7]~1        ; LABCELL_X70_Y6_N21         ; 8       ; Clock enable               ; no     ; --                   ; --               ; --                        ;
; MIPI_BRIDGE_CAMERA_Config:cfin|MIPI_BRIDGE_CONFIG:mpiv|I2C_READ_DATA:rd|DELY[4]~0       ; LABCELL_X70_Y6_N0          ; 9       ; Clock enable               ; no     ; --                   ; --               ; --                        ;
; MIPI_BRIDGE_CAMERA_Config:cfin|MIPI_BRIDGE_CONFIG:mpiv|I2C_READ_DATA:rd|ST[3]           ; FF_X71_Y6_N32              ; 35      ; Sync. clear                ; no     ; --                   ; --               ; --                        ;
; MIPI_BRIDGE_CAMERA_Config:cfin|MIPI_BRIDGE_CONFIG:mpiv|I2C_READ_DATA:rd|Selector26~1    ; LABCELL_X70_Y6_N48         ; 2       ; Clock enable               ; no     ; --                   ; --               ; --                        ;
; MIPI_BRIDGE_CAMERA_Config:cfin|MIPI_BRIDGE_CONFIG:mpiv|I2C_READ_DATA:rd|Selector27~0    ; LABCELL_X71_Y6_N0          ; 9       ; Clock enable               ; no     ; --                   ; --               ; --                        ;
; MIPI_BRIDGE_CAMERA_Config:cfin|MIPI_BRIDGE_CONFIG:mpiv|I2C_SDA~1                        ; LABCELL_X75_Y5_N24         ; 1       ; Output enable              ; no     ; --                   ; --               ; --                        ;
; MIPI_BRIDGE_CAMERA_Config:cfin|MIPI_BRIDGE_CONFIG:mpiv|I2C_WRITE_PTR:wpt|A[1]~1         ; LABCELL_X71_Y5_N30         ; 8       ; Clock enable               ; no     ; --                   ; --               ; --                        ;
; MIPI_BRIDGE_CAMERA_Config:cfin|MIPI_BRIDGE_CONFIG:mpiv|I2C_WRITE_PTR:wpt|CNT[4]~1       ; LABCELL_X71_Y3_N18         ; 9       ; Clock enable               ; no     ; --                   ; --               ; --                        ;
; MIPI_BRIDGE_CAMERA_Config:cfin|MIPI_BRIDGE_CONFIG:mpiv|I2C_WRITE_PTR:wpt|DELY[3]~0      ; LABCELL_X71_Y3_N12         ; 8       ; Clock enable               ; no     ; --                   ; --               ; --                        ;
; MIPI_BRIDGE_CAMERA_Config:cfin|MIPI_BRIDGE_CONFIG:mpiv|I2C_WRITE_PTR:wpt|ST[5]~0        ; LABCELL_X73_Y4_N30         ; 10      ; Sync. clear                ; no     ; --                   ; --               ; --                        ;
; MIPI_BRIDGE_CAMERA_Config:cfin|MIPI_BRIDGE_CONFIG:mpiv|I2C_WRITE_PTR:wpt|Selector13~2   ; LABCELL_X70_Y3_N15         ; 9       ; Sync. clear                ; no     ; --                   ; --               ; --                        ;
; MIPI_BRIDGE_CAMERA_Config:cfin|MIPI_BRIDGE_CONFIG:mpiv|I2C_WRITE_WDATA:wrd|A[7]~1       ; LABCELL_X71_Y4_N42         ; 6       ; Clock enable               ; no     ; --                   ; --               ; --                        ;
; MIPI_BRIDGE_CAMERA_Config:cfin|MIPI_BRIDGE_CONFIG:mpiv|I2C_WRITE_WDATA:wrd|BYTE[3]~0    ; LABCELL_X67_Y5_N54         ; 3       ; Clock enable               ; no     ; --                   ; --               ; --                        ;
; MIPI_BRIDGE_CAMERA_Config:cfin|MIPI_BRIDGE_CONFIG:mpiv|I2C_WRITE_WDATA:wrd|CNT[0]~0     ; LABCELL_X70_Y4_N27         ; 8       ; Sync. clear                ; no     ; --                   ; --               ; --                        ;
; MIPI_BRIDGE_CAMERA_Config:cfin|MIPI_BRIDGE_CONFIG:mpiv|I2C_WRITE_WDATA:wrd|CNT[0]~2     ; LABCELL_X70_Y4_N24         ; 8       ; Clock enable               ; no     ; --                   ; --               ; --                        ;
; MIPI_BRIDGE_CAMERA_Config:cfin|MIPI_BRIDGE_CONFIG:mpiv|I2C_WRITE_WDATA:wrd|ST[0]        ; FF_X71_Y4_N59              ; 15      ; Sync. clear                ; no     ; --                   ; --               ; --                        ;
; MIPI_BRIDGE_CAMERA_Config:cfin|MIPI_BRIDGE_CONFIG:mpiv|I2C_WRITE_WDATA:wrd|ST[2]        ; FF_X71_Y4_N38              ; 25      ; Sync. clear                ; no     ; --                   ; --               ; --                        ;
; MIPI_BRIDGE_CAMERA_Config:cfin|MIPI_BRIDGE_CONFIG:mpiv|I2C_WRITE_WDATA:wrd|Selector19~2 ; LABCELL_X71_Y4_N27         ; 3       ; Clock enable               ; no     ; --                   ; --               ; --                        ;
; MIPI_BRIDGE_CAMERA_Config:cfin|MIPI_BRIDGE_CONFIG:mpiv|POINTER[0]~3                     ; LABCELL_X68_Y5_N54         ; 9       ; Clock enable               ; no     ; --                   ; --               ; --                        ;
; MIPI_BRIDGE_CAMERA_Config:cfin|MIPI_BRIDGE_CONFIG:mpiv|REG16_DATA16[22]~1               ; LABCELL_X73_Y5_N3          ; 18      ; Clock enable               ; no     ; --                   ; --               ; --                        ;
; MIPI_BRIDGE_CAMERA_Config:cfin|MIPI_BRIDGE_CONFIG:mpiv|ST[5]                            ; FF_X72_Y8_N8               ; 37      ; Sync. clear                ; no     ; --                   ; --               ; --                        ;
; MIPI_BRIDGE_CAMERA_Config:cfin|MIPI_BRIDGE_CONFIG:mpiv|Selector7~3                      ; LABCELL_X74_Y5_N48         ; 3       ; Clock enable               ; no     ; --                   ; --               ; --                        ;
; MIPI_BRIDGE_CAMERA_Config:cfin|MIPI_BRIDGE_CONFIG:mpiv|WCNT[0]                          ; FF_X70_Y8_N11              ; 16      ; Sync. clear                ; no     ; --                   ; --               ; --                        ;
; MIPI_BRIDGE_CAMERA_Config:cfin|MIPI_BRIDGE_CONFIG:mpiv|WCNT[2]                          ; FF_X70_Y8_N2               ; 16      ; Sync. load                 ; no     ; --                   ; --               ; --                        ;
; MIPI_BRIDGE_CAMERA_Config:cfin|MIPI_BRIDGE_CONFIG:mpiv|WCNT[2]~2                        ; LABCELL_X70_Y8_N54         ; 8       ; Clock enable               ; no     ; --                   ; --               ; --                        ;
; MIPI_BRIDGE_CAMERA_Config:cfin|MIPI_BRIDGE_CONFIG:mpiv|WCNT[3]                          ; FF_X70_Y8_N5               ; 18      ; Sync. clear                ; no     ; --                   ; --               ; --                        ;
; MIPI_BRIDGE_CAMERA_Config:cfin|MIPI_BRIDGE_CONFIG:mpiv|WORD_DATA[15]~1                  ; MLABCELL_X72_Y8_N9         ; 11      ; Clock enable               ; no     ; --                   ; --               ; --                        ;
; MIPI_BRIDGE_CAMERA_Config:cfin|MIPI_CAMERA_CONFIG:camiv|CLOCKMEM:c1|CK_1HZ              ; FF_X47_Y7_N41              ; 260     ; Clock                      ; no     ; --                   ; --               ; --                        ;
; MIPI_BRIDGE_CAMERA_Config:cfin|MIPI_CAMERA_CONFIG:camiv|CNT[4]~0                        ; LABCELL_X46_Y8_N30         ; 8       ; Clock enable               ; no     ; --                   ; --               ; --                        ;
; MIPI_BRIDGE_CAMERA_Config:cfin|MIPI_CAMERA_CONFIG:camiv|DELY[21]~1                      ; MLABCELL_X47_Y8_N18        ; 36      ; Sync. clear                ; no     ; --                   ; --               ; --                        ;
; MIPI_BRIDGE_CAMERA_Config:cfin|MIPI_CAMERA_CONFIG:camiv|DELY[21]~8                      ; LABCELL_X48_Y9_N24         ; 36      ; Clock enable               ; no     ; --                   ; --               ; --                        ;
; MIPI_BRIDGE_CAMERA_Config:cfin|MIPI_CAMERA_CONFIG:camiv|I2C_READ_DATA:rd|BYTE[0]~0      ; MLABCELL_X47_Y10_N48       ; 8       ; Sync. clear                ; no     ; --                   ; --               ; --                        ;
; MIPI_BRIDGE_CAMERA_Config:cfin|MIPI_CAMERA_CONFIG:camiv|I2C_READ_DATA:rd|BYTE[0]~2      ; MLABCELL_X47_Y10_N24       ; 8       ; Clock enable               ; no     ; --                   ; --               ; --                        ;
; MIPI_BRIDGE_CAMERA_Config:cfin|MIPI_CAMERA_CONFIG:camiv|I2C_READ_DATA:rd|CNT[4]~0       ; LABCELL_X46_Y5_N51         ; 8       ; Sync. clear                ; no     ; --                   ; --               ; --                        ;
; MIPI_BRIDGE_CAMERA_Config:cfin|MIPI_CAMERA_CONFIG:camiv|I2C_READ_DATA:rd|CNT[4]~1       ; LABCELL_X50_Y6_N27         ; 8       ; Clock enable               ; no     ; --                   ; --               ; --                        ;
; MIPI_BRIDGE_CAMERA_Config:cfin|MIPI_CAMERA_CONFIG:camiv|I2C_READ_DATA:rd|DATA16[5]~1    ; LABCELL_X46_Y5_N30         ; 9       ; Clock enable               ; no     ; --                   ; --               ; --                        ;
; MIPI_BRIDGE_CAMERA_Config:cfin|MIPI_CAMERA_CONFIG:camiv|I2C_READ_DATA:rd|DELY[1]~0      ; MLABCELL_X47_Y5_N36        ; 9       ; Clock enable               ; no     ; --                   ; --               ; --                        ;
; MIPI_BRIDGE_CAMERA_Config:cfin|MIPI_CAMERA_CONFIG:camiv|I2C_READ_DATA:rd|ST[2]          ; FF_X50_Y6_N8               ; 29      ; Sync. clear                ; no     ; --                   ; --               ; --                        ;
; MIPI_BRIDGE_CAMERA_Config:cfin|MIPI_CAMERA_CONFIG:camiv|I2C_READ_DATA:rd|ST[3]          ; FF_X47_Y5_N47              ; 36      ; Sync. clear                ; no     ; --                   ; --               ; --                        ;
; MIPI_BRIDGE_CAMERA_Config:cfin|MIPI_CAMERA_CONFIG:camiv|I2C_READ_DATA:rd|Selector26~1   ; LABCELL_X50_Y6_N12         ; 2       ; Clock enable               ; no     ; --                   ; --               ; --                        ;
; MIPI_BRIDGE_CAMERA_Config:cfin|MIPI_CAMERA_CONFIG:camiv|I2C_READ_DATA:rd|Selector27~0   ; MLABCELL_X47_Y5_N39        ; 9       ; Clock enable               ; no     ; --                   ; --               ; --                        ;
; MIPI_BRIDGE_CAMERA_Config:cfin|MIPI_CAMERA_CONFIG:camiv|I2C_SDA~3                       ; MLABCELL_X47_Y7_N24        ; 1       ; Output enable              ; no     ; --                   ; --               ; --                        ;
; MIPI_BRIDGE_CAMERA_Config:cfin|MIPI_CAMERA_CONFIG:camiv|I2C_WRITE_PTR:wpt|A[2]~2        ; LABCELL_X50_Y7_N6          ; 8       ; Clock enable               ; no     ; --                   ; --               ; --                        ;
; MIPI_BRIDGE_CAMERA_Config:cfin|MIPI_CAMERA_CONFIG:camiv|I2C_WRITE_PTR:wpt|CNT[2]~1      ; LABCELL_X48_Y4_N24         ; 8       ; Clock enable               ; no     ; --                   ; --               ; --                        ;
; MIPI_BRIDGE_CAMERA_Config:cfin|MIPI_CAMERA_CONFIG:camiv|I2C_WRITE_PTR:wpt|DELY[4]~1     ; LABCELL_X48_Y7_N30         ; 9       ; Clock enable               ; no     ; --                   ; --               ; --                        ;
; MIPI_BRIDGE_CAMERA_Config:cfin|MIPI_CAMERA_CONFIG:camiv|I2C_WRITE_PTR:wpt|ST[5]~0       ; LABCELL_X48_Y7_N33         ; 9       ; Sync. clear                ; no     ; --                   ; --               ; --                        ;
; MIPI_BRIDGE_CAMERA_Config:cfin|MIPI_CAMERA_CONFIG:camiv|I2C_WRITE_PTR:wpt|Selector13~2  ; LABCELL_X48_Y4_N54         ; 8       ; Sync. clear                ; no     ; --                   ; --               ; --                        ;
; MIPI_BRIDGE_CAMERA_Config:cfin|MIPI_CAMERA_CONFIG:camiv|I2C_WRITE_WDATA:wrd|A[2]~1      ; LABCELL_X46_Y6_N12         ; 8       ; Sync. clear                ; no     ; --                   ; --               ; --                        ;
; MIPI_BRIDGE_CAMERA_Config:cfin|MIPI_CAMERA_CONFIG:camiv|I2C_WRITE_WDATA:wrd|A[2]~3      ; LABCELL_X46_Y6_N0          ; 8       ; Clock enable               ; no     ; --                   ; --               ; --                        ;
; MIPI_BRIDGE_CAMERA_Config:cfin|MIPI_CAMERA_CONFIG:camiv|I2C_WRITE_WDATA:wrd|BYTE[2]~1   ; LABCELL_X46_Y6_N48         ; 3       ; Clock enable               ; no     ; --                   ; --               ; --                        ;
; MIPI_BRIDGE_CAMERA_Config:cfin|MIPI_CAMERA_CONFIG:camiv|I2C_WRITE_WDATA:wrd|CNT[2]~0    ; LABCELL_X45_Y6_N27         ; 8       ; Sync. clear                ; no     ; --                   ; --               ; --                        ;
; MIPI_BRIDGE_CAMERA_Config:cfin|MIPI_CAMERA_CONFIG:camiv|I2C_WRITE_WDATA:wrd|CNT[2]~3    ; LABCELL_X45_Y6_N24         ; 8       ; Clock enable               ; no     ; --                   ; --               ; --                        ;
; MIPI_BRIDGE_CAMERA_Config:cfin|MIPI_CAMERA_CONFIG:camiv|I2C_WRITE_WDATA:wrd|ST[2]       ; FF_X47_Y7_N50              ; 29      ; Sync. clear                ; no     ; --                   ; --               ; --                        ;
; MIPI_BRIDGE_CAMERA_Config:cfin|MIPI_CAMERA_CONFIG:camiv|ID1[7]~1                        ; LABCELL_X45_Y8_N12         ; 8       ; Clock enable               ; no     ; --                   ; --               ; --                        ;
; MIPI_BRIDGE_CAMERA_Config:cfin|MIPI_CAMERA_CONFIG:camiv|POINTER[7]~3                    ; LABCELL_X51_Y7_N30         ; 20      ; Clock enable               ; no     ; --                   ; --               ; --                        ;
; MIPI_BRIDGE_CAMERA_Config:cfin|MIPI_CAMERA_CONFIG:camiv|ST[1]                           ; FF_X47_Y8_N26              ; 34      ; Sync. clear                ; no     ; --                   ; --               ; --                        ;
; MIPI_BRIDGE_CAMERA_Config:cfin|MIPI_CAMERA_CONFIG:camiv|ST[3]                           ; FF_X47_Y9_N32              ; 49      ; Sync. clear                ; no     ; --                   ; --               ; --                        ;
; MIPI_BRIDGE_CAMERA_Config:cfin|MIPI_CAMERA_CONFIG:camiv|Selector5~1                     ; MLABCELL_X47_Y9_N33        ; 3       ; Clock enable               ; no     ; --                   ; --               ; --                        ;
; MIPI_BRIDGE_CAMERA_Config:cfin|MIPI_CAMERA_CONFIG:camiv|WCNT[4]~0                       ; LABCELL_X48_Y9_N3          ; 18      ; Sync. clear                ; no     ; --                   ; --               ; --                        ;
; MIPI_BRIDGE_CAMERA_Config:cfin|MIPI_CAMERA_CONFIG:camiv|WCNT[4]~4                       ; LABCELL_X48_Y9_N48         ; 18      ; Clock enable               ; no     ; --                   ; --               ; --                        ;
; MIPI_BRIDGE_CAMERA_Config:cfin|MIPI_CAMERA_CONFIG:camiv|WORD_DATA[7]~3                  ; MLABCELL_X52_Y8_N27        ; 8       ; Clock enable               ; no     ; --                   ; --               ; --                        ;
; MIPI_BRIDGE_CAMERA_Config:cfin|comb~0                                                   ; LABCELL_X48_Y8_N9          ; 83      ; Async. clear               ; no     ; --                   ; --               ; --                        ;
; MIPI_PIXEL_CLK                                                                          ; PIN_AA21                   ; 94      ; Clock                      ; yes    ; Global Clock         ; GCLK9            ; --                        ;
; MIPI_PIXEL_HS                                                                           ; PIN_AK24                   ; 2       ; Clock                      ; yes    ; Global Clock         ; GCLK4            ; --                        ;
; RESET_DELAY:u2|Equal0~6                                                                 ; LABCELL_X42_Y42_N24        ; 44      ; Clock enable               ; no     ; --                   ; --               ; --                        ;
; RESET_DELAY:u2|oREADY                                                                   ; FF_X40_Y41_N44             ; 128     ; Async. clear, Latch enable ; no     ; --                   ; --               ; --                        ;
; SW[0]                                                                                   ; PIN_AB12                   ; 45      ; Async. clear               ; no     ; --                   ; --               ; --                        ;
; VGA_Controller_trig:u1|LessThan6~1                                                      ; LABCELL_X40_Y50_N27        ; 21      ; Sync. clear                ; no     ; --                   ; --               ; --                        ;
; pll_test:ref|pll_test_0002:pll_test_inst|altera_pll:altera_pll_i|outclk_wire[0]         ; PLLOUTPUTCOUNTER_X0_Y8_N1  ; 34      ; Clock                      ; yes    ; Global Clock         ; GCLK6            ; --                        ;
; rtl~0                                                                                   ; LABCELL_X40_Y46_N48        ; 50      ; Clock                      ; no     ; --                   ; --               ; --                        ;
; vga_pll:pllv|vga_pll_0002:vga_pll_inst|altera_pll:altera_pll_i|outclk_wire[0]           ; PLLOUTPUTCOUNTER_X0_Y61_N1 ; 460     ; Clock                      ; yes    ; Global Clock         ; GCLK12           ; --                        ;
+-----------------------------------------------------------------------------------------+----------------------------+---------+----------------------------+--------+----------------------+------------------+---------------------------+


+----------------------------------------------------------------------------------------------------------------------------------------------------------------------------------------------+
; Global & Other Fast Signals                                                                                                                                                                  ;
+---------------------------------------------------------------------------------+----------------------------+---------+----------------------+------------------+---------------------------+
; Name                                                                            ; Location                   ; Fan-Out ; Global Resource Used ; Global Line Name ; Enable Signal Source Name ;
+---------------------------------------------------------------------------------+----------------------------+---------+----------------------+------------------+---------------------------+
; CLOCK2_50                                                                       ; PIN_AA16                   ; 133     ; Global Clock         ; GCLK7            ; --                        ;
; MIPI_PIXEL_CLK                                                                  ; PIN_AA21                   ; 94      ; Global Clock         ; GCLK9            ; --                        ;
; MIPI_PIXEL_HS                                                                   ; PIN_AK24                   ; 2       ; Global Clock         ; GCLK4            ; --                        ;
; pll_test:ref|pll_test_0002:pll_test_inst|altera_pll:altera_pll_i|outclk_wire[0] ; PLLOUTPUTCOUNTER_X0_Y8_N1  ; 34      ; Global Clock         ; GCLK6            ; --                        ;
; vga_pll:pllv|vga_pll_0002:vga_pll_inst|altera_pll:altera_pll_i|outclk_wire[0]   ; PLLOUTPUTCOUNTER_X0_Y61_N1 ; 460     ; Global Clock         ; GCLK12           ; --                        ;
+---------------------------------------------------------------------------------+----------------------------+---------+----------------------+------------------+---------------------------+


+-------------------------------------------------------------------------------------------------------------------------------------------------------------------------------------------------------------------------------------------------------------------------------------------------------------------------------------------------------------------------------------------------------------------------------------------------------------------------------------------------------------------------------------------------------------------------------------------------------------------------------------------------------------------------------------------------------------------------------------------+
; Fitter RAM Summary                                                                                                                                                                                                                                                                                                                                                                                                                                                                                                                                                                                                                                                                                                                        ;
+---------------------------------------------------------------------------------------------------------------------------------+------+------------------+-------------+--------------+--------------+--------------+--------------+------------------------+-------------------------+------------------------+-------------------------+-------+-----------------------------+-----------------------------+-----------------------------+-----------------------------+---------------------+-------------+-------+------+-------------------------------------------------------------------------------------+----------------------+-----------------+-----------------+----------+------------------------+-----------------------+
; Name                                                                                                                            ; Type ; Mode             ; Clock Mode  ; Port A Depth ; Port A Width ; Port B Depth ; Port B Width ; Port A Input Registers ; Port A Output Registers ; Port B Input Registers ; Port B Output Registers ; Size  ; Implementation Port A Depth ; Implementation Port A Width ; Implementation Port B Depth ; Implementation Port B Width ; Implementation Bits ; M10K blocks ; MLABs ; MIF  ; Location                                                                            ; Mixed Width RDW Mode ; Port A RDW Mode ; Port B RDW Mode ; ECC Mode ; ECC Pipeline Registers ; Fits in MLABs         ;
+---------------------------------------------------------------------------------------------------------------------------------+------+------------------+-------------+--------------+--------------+--------------+--------------+------------------------+-------------------------+------------------------+-------------------------+-------+-----------------------------+-----------------------------+-----------------------------+-----------------------------+---------------------+-------------+-------+------+-------------------------------------------------------------------------------------+----------------------+-----------------+-----------------+----------+------------------------+-----------------------+
; D8M_SET:ccd|RAW2RGB_L:u4|Line_Buffer_J:u0|int_line:d1|altsyncram:altsyncram_component|altsyncram_iup1:auto_generated|ALTSYNCRAM ; AUTO ; Simple Dual Port ; Dual Clocks ; 4096         ; 10           ; 4096         ; 10           ; yes                    ; no                      ; yes                    ; yes                     ; 40960 ; 4096                        ; 10                          ; 4096                        ; 10                          ; 40960               ; 5           ; 0     ; None ; M10K_X49_Y59_N0, M10K_X49_Y53_N0, M10K_X41_Y58_N0, M10K_X41_Y54_N0, M10K_X49_Y55_N0 ; Don't care           ; New data        ; New data        ; Off      ; No                     ; No - Address Too Wide ;
; D8M_SET:ccd|RAW2RGB_L:u4|Line_Buffer_J:u0|int_line:d2|altsyncram:altsyncram_component|altsyncram_iup1:auto_generated|ALTSYNCRAM ; AUTO ; Simple Dual Port ; Dual Clocks ; 4096         ; 10           ; 4096         ; 10           ; yes                    ; no                      ; yes                    ; yes                     ; 40960 ; 4096                        ; 10                          ; 4096                        ; 10                          ; 40960               ; 5           ; 0     ; None ; M10K_X49_Y57_N0, M10K_X49_Y54_N0, M10K_X41_Y60_N0, M10K_X41_Y55_N0, M10K_X49_Y60_N0 ; Don't care           ; New data        ; New data        ; Off      ; No                     ; No - Address Too Wide ;
; D8M_SET:ccd|RAW2RGB_L:u4|Line_Buffer_J:u0|int_line:d3|altsyncram:altsyncram_component|altsyncram_iup1:auto_generated|ALTSYNCRAM ; AUTO ; Simple Dual Port ; Dual Clocks ; 4096         ; 10           ; 4096         ; 10           ; yes                    ; no                      ; yes                    ; yes                     ; 40960 ; 4096                        ; 10                          ; 4096                        ; 10                          ; 40960               ; 5           ; 0     ; None ; M10K_X41_Y59_N0, M10K_X49_Y56_N0, M10K_X41_Y57_N0, M10K_X41_Y56_N0, M10K_X49_Y58_N0 ; Don't care           ; New data        ; New data        ; Off      ; No                     ; No - Address Too Wide ;
+---------------------------------------------------------------------------------------------------------------------------------+------+------------------+-------------+--------------+--------------+--------------+--------------+------------------------+-------------------------+------------------------+-------------------------+-------+-----------------------------+-----------------------------+-----------------------------+-----------------------------+---------------------+-------------+-------+------+-------------------------------------------------------------------------------------+----------------------+-----------------+-----------------+----------+------------------------+-----------------------+
Note: Fitter may spread logical memories into multiple blocks to improve timing. The actual required RAM blocks can be found in the Fitter Resource Usage section.


+-----------------------------------------------+
; Fitter DSP Block Usage Summary                ;
+---------------------------------+-------------+
; Statistic                       ; Number Used ;
+---------------------------------+-------------+
; Independent 18x18 plus 36       ; 2           ;
; Sum of two 18x18                ; 2           ;
; Total number of DSP blocks      ; 4           ;
;                                 ;             ;
; Fixed Point Unsigned Multiplier ; 6           ;
+---------------------------------+-------------+


+---------------------------------------------------------------------------------------------------------------------------------------------------------------------------------------------------------------------------------------------------------------------------------------------------------------------------------------------------------------------------------------------------------------------------------------+
; DSP Block Details                                                                                                                                                                                                                                                                                                                                                                                                                     ;
+---------------------------------------+---------------------------+----------------+---------------------+------------------------+------------------------+------------------------+------------------------+------------------------+------------------------+-----------------+--------------------------------+---------------------+-------------------------------+------------------------------+------------------------------+
; Name                                  ; Mode                      ; Location       ; Sign Representation ; Data AX Input Register ; Data AY Input Register ; Data AZ Input Register ; Data BX Input Register ; Data BY Input Register ; Data BZ Input Register ; Output Register ; Dedicated Shift Register Chain ; Dedicated Pre-Adder ; Dedicated Coefficient Storage ; Dedicated Output Adder Chain ; Dedicated Output Accumulator ;
+---------------------------------------+---------------------------+----------------+---------------------+------------------------+------------------------+------------------------+------------------------+------------------------+------------------------+-----------------+--------------------------------+---------------------+-------------------------------+------------------------------+------------------------------+
; Mult2~mac                             ; Independent 18x18 plus 36 ; DSP_X32_Y63_N0 ; Mixed               ; no                     ; yes                    ; --                     ; no                     ; no                     ; --                     ; no              ; no                             ; no                  ; no                            ; no                           ; no                           ;
; Add0~8                                ; Sum of two 18x18          ; DSP_X32_Y61_N0 ; Unsigned            ; no                     ; yes                    ; --                     ; no                     ; yes                    ; --                     ; no              ; no                             ; no                  ; no                            ; no                           ; no                           ;
; FOCUS_ADJ:adl|VCM_CTRL_P:pp|Mult2~mac ; Independent 18x18 plus 36 ; DSP_X32_Y67_N0 ; Unsigned            ; no                     ; no                     ; --                     ; no                     ; no                     ; --                     ; no              ; no                             ; no                  ; no                            ; no                           ; no                           ;
; FOCUS_ADJ:adl|VCM_CTRL_P:pp|Add0~8    ; Sum of two 18x18          ; DSP_X32_Y65_N0 ; Unsigned            ; no                     ; no                     ; --                     ; no                     ; no                     ; --                     ; no              ; no                             ; no                  ; no                            ; no                           ; no                           ;
+---------------------------------------+---------------------------+----------------+---------------------+------------------------+------------------------+------------------------+------------------------+------------------------+------------------------+-----------------+--------------------------------+---------------------+-------------------------------+------------------------------+------------------------------+


+-------------------------------------------------------------------------+
; Routing Usage Summary                                                   ;
+---------------------------------------------+---------------------------+
; Routing Resource Type                       ; Usage                     ;
+---------------------------------------------+---------------------------+
; Block interconnects                         ; 4,646 / 289,320 ( 2 % )   ;
; C12 interconnects                           ; 65 / 13,420 ( < 1 % )     ;
; C2 interconnects                            ; 1,357 / 119,108 ( 1 % )   ;
; C4 interconnects                            ; 868 / 56,300 ( 2 % )      ;
; DQS bus muxes                               ; 0 / 25 ( 0 % )            ;
; DQS-18 I/O buses                            ; 0 / 25 ( 0 % )            ;
; DQS-9 I/O buses                             ; 0 / 25 ( 0 % )            ;
; Direct links                                ; 661 / 289,320 ( < 1 % )   ;
; Global clocks                               ; 5 / 16 ( 31 % )           ;
; HPS SDRAM PLL inputs                        ; 0 / 1 ( 0 % )             ;
; HPS SDRAM PLL outputs                       ; 0 / 1 ( 0 % )             ;
; HPS_INTERFACE_BOOT_FROM_FPGA_INPUTs         ; 0 / 9 ( 0 % )             ;
; HPS_INTERFACE_CLOCKS_RESETS_INPUTs          ; 0 / 7 ( 0 % )             ;
; HPS_INTERFACE_CLOCKS_RESETS_OUTPUTs         ; 0 / 6 ( 0 % )             ;
; HPS_INTERFACE_CROSS_TRIGGER_INPUTs          ; 0 / 18 ( 0 % )            ;
; HPS_INTERFACE_CROSS_TRIGGER_OUTPUTs         ; 0 / 24 ( 0 % )            ;
; HPS_INTERFACE_DBG_APB_INPUTs                ; 0 / 37 ( 0 % )            ;
; HPS_INTERFACE_DBG_APB_OUTPUTs               ; 0 / 55 ( 0 % )            ;
; HPS_INTERFACE_DMA_INPUTs                    ; 0 / 16 ( 0 % )            ;
; HPS_INTERFACE_DMA_OUTPUTs                   ; 0 / 8 ( 0 % )             ;
; HPS_INTERFACE_FPGA2HPS_INPUTs               ; 0 / 287 ( 0 % )           ;
; HPS_INTERFACE_FPGA2HPS_OUTPUTs              ; 0 / 154 ( 0 % )           ;
; HPS_INTERFACE_FPGA2SDRAM_INPUTs             ; 0 / 852 ( 0 % )           ;
; HPS_INTERFACE_FPGA2SDRAM_OUTPUTs            ; 0 / 408 ( 0 % )           ;
; HPS_INTERFACE_HPS2FPGA_INPUTs               ; 0 / 165 ( 0 % )           ;
; HPS_INTERFACE_HPS2FPGA_LIGHT_WEIGHT_INPUTs  ; 0 / 67 ( 0 % )            ;
; HPS_INTERFACE_HPS2FPGA_LIGHT_WEIGHT_OUTPUTs ; 0 / 156 ( 0 % )           ;
; HPS_INTERFACE_HPS2FPGA_OUTPUTs              ; 0 / 282 ( 0 % )           ;
; HPS_INTERFACE_INTERRUPTS_INPUTs             ; 0 / 64 ( 0 % )            ;
; HPS_INTERFACE_INTERRUPTS_OUTPUTs            ; 0 / 42 ( 0 % )            ;
; HPS_INTERFACE_JTAG_OUTPUTs                  ; 0 / 5 ( 0 % )             ;
; HPS_INTERFACE_LOAN_IO_INPUTs                ; 0 / 142 ( 0 % )           ;
; HPS_INTERFACE_LOAN_IO_OUTPUTs               ; 0 / 85 ( 0 % )            ;
; HPS_INTERFACE_MPU_EVENT_STANDBY_INPUTs      ; 0 / 1 ( 0 % )             ;
; HPS_INTERFACE_MPU_EVENT_STANDBY_OUTPUTs     ; 0 / 5 ( 0 % )             ;
; HPS_INTERFACE_MPU_GENERAL_PURPOSE_INPUTs    ; 0 / 32 ( 0 % )            ;
; HPS_INTERFACE_MPU_GENERAL_PURPOSE_OUTPUTs   ; 0 / 32 ( 0 % )            ;
; HPS_INTERFACE_PERIPHERAL_CAN_INPUTs         ; 0 / 2 ( 0 % )             ;
; HPS_INTERFACE_PERIPHERAL_CAN_OUTPUTs        ; 0 / 2 ( 0 % )             ;
; HPS_INTERFACE_PERIPHERAL_EMAC_INPUTs        ; 0 / 32 ( 0 % )            ;
; HPS_INTERFACE_PERIPHERAL_EMAC_OUTPUTs       ; 0 / 34 ( 0 % )            ;
; HPS_INTERFACE_PERIPHERAL_I2C_INPUTs         ; 0 / 8 ( 0 % )             ;
; HPS_INTERFACE_PERIPHERAL_I2C_OUTPUTs        ; 0 / 8 ( 0 % )             ;
; HPS_INTERFACE_PERIPHERAL_NAND_INPUTs        ; 0 / 12 ( 0 % )            ;
; HPS_INTERFACE_PERIPHERAL_NAND_OUTPUTs       ; 0 / 18 ( 0 % )            ;
; HPS_INTERFACE_PERIPHERAL_QSPI_INPUTs        ; 0 / 4 ( 0 % )             ;
; HPS_INTERFACE_PERIPHERAL_QSPI_OUTPUTs       ; 0 / 13 ( 0 % )            ;
; HPS_INTERFACE_PERIPHERAL_SDMMC_INPUTs       ; 0 / 13 ( 0 % )            ;
; HPS_INTERFACE_PERIPHERAL_SDMMC_OUTPUTs      ; 0 / 22 ( 0 % )            ;
; HPS_INTERFACE_PERIPHERAL_SPI_MASTER_INPUTs  ; 0 / 4 ( 0 % )             ;
; HPS_INTERFACE_PERIPHERAL_SPI_MASTER_OUTPUTs ; 0 / 14 ( 0 % )            ;
; HPS_INTERFACE_PERIPHERAL_SPI_SLAVE_INPUTs   ; 0 / 6 ( 0 % )             ;
; HPS_INTERFACE_PERIPHERAL_SPI_SLAVE_OUTPUTs  ; 0 / 4 ( 0 % )             ;
; HPS_INTERFACE_PERIPHERAL_UART_INPUTs        ; 0 / 10 ( 0 % )            ;
; HPS_INTERFACE_PERIPHERAL_UART_OUTPUTs       ; 0 / 10 ( 0 % )            ;
; HPS_INTERFACE_PERIPHERAL_USB_INPUTs         ; 0 / 22 ( 0 % )            ;
; HPS_INTERFACE_PERIPHERAL_USB_OUTPUTs        ; 0 / 34 ( 0 % )            ;
; HPS_INTERFACE_STM_EVENT_INPUTs              ; 0 / 28 ( 0 % )            ;
; HPS_INTERFACE_TEST_INPUTs                   ; 0 / 610 ( 0 % )           ;
; HPS_INTERFACE_TEST_OUTPUTs                  ; 0 / 513 ( 0 % )           ;
; HPS_INTERFACE_TPIU_TRACE_INPUTs             ; 0 / 2 ( 0 % )             ;
; HPS_INTERFACE_TPIU_TRACE_OUTPUTs            ; 0 / 33 ( 0 % )            ;
; Horizontal periphery clocks                 ; 0 / 72 ( 0 % )            ;
; Local interconnects                         ; 1,582 / 84,580 ( 2 % )    ;
; Quadrant clocks                             ; 0 / 66 ( 0 % )            ;
; R14 interconnects                           ; 67 / 12,676 ( < 1 % )     ;
; R14/C12 interconnect drivers                ; 116 / 20,720 ( < 1 % )    ;
; R3 interconnects                            ; 1,877 / 130,992 ( 1 % )   ;
; R6 interconnects                            ; 2,392 / 266,960 ( < 1 % ) ;
; Spine clocks                                ; 13 / 360 ( 4 % )          ;
; Wire stub REs                               ; 0 / 15,858 ( 0 % )        ;
+---------------------------------------------+---------------------------+


+------------------------------------------+
; I/O Rules Summary                        ;
+----------------------------------+-------+
; I/O Rules Statistic              ; Total ;
+----------------------------------+-------+
; Total I/O Rules                  ; 28    ;
; Number of I/O Rules Passed       ; 6     ;
; Number of I/O Rules Failed       ; 0     ;
; Number of I/O Rules Unchecked    ; 0     ;
; Number of I/O Rules Inapplicable ; 22    ;
+----------------------------------+-------+


+--------------------------------------------------------------------------------------------------------------------------------------------------------------------------------------------------------------------------------------------------------------------+
; I/O Rules Details                                                                                                                                                                                                                                                  ;
+--------------+-----------+-----------------------------------+------------------------------------------------------------------------------------+----------+--------------------------------------------------------------------------+------+-------------------+
; Status       ; ID        ; Category                          ; Rule Description                                                                   ; Severity ; Information                                                              ; Area ; Extra Information ;
+--------------+-----------+-----------------------------------+------------------------------------------------------------------------------------+----------+--------------------------------------------------------------------------+------+-------------------+
; Pass         ; IO_000001 ; Capacity Checks                   ; Number of pins in an I/O bank should not exceed the number of locations available. ; Critical ; 0 such failures found.                                                   ; I/O  ;                   ;
; Inapplicable ; IO_000002 ; Capacity Checks                   ; Number of clocks in an I/O bank should not exceed the number of clocks available.  ; Critical ; No Global Signal assignments found.                                      ; I/O  ;                   ;
; Pass         ; IO_000003 ; Capacity Checks                   ; Number of pins in a Vrefgroup should not exceed the number of locations available. ; Critical ; 0 such failures found.                                                   ; I/O  ;                   ;
; Inapplicable ; IO_000004 ; Voltage Compatibility Checks      ; The I/O bank should support the requested VCCIO.                                   ; Critical ; No IOBANK_VCCIO assignments found.                                       ; I/O  ;                   ;
; Inapplicable ; IO_000005 ; Voltage Compatibility Checks      ; The I/O bank should not have competing VREF values.                                ; Critical ; No VREF I/O Standard assignments found.                                  ; I/O  ;                   ;
; Pass         ; IO_000006 ; Voltage Compatibility Checks      ; The I/O bank should not have competing VCCIO values.                               ; Critical ; 0 such failures found.                                                   ; I/O  ;                   ;
; Pass         ; IO_000007 ; Valid Location Checks             ; Checks for unavailable locations.                                                  ; Critical ; 0 such failures found.                                                   ; I/O  ;                   ;
; Inapplicable ; IO_000008 ; Valid Location Checks             ; Checks for reserved locations.                                                     ; Critical ; No reserved LogicLock region found.                                      ; I/O  ;                   ;
; Pass         ; IO_000009 ; I/O Properties Checks for One I/O ; The location should support the requested I/O standard.                            ; Critical ; 0 such failures found.                                                   ; I/O  ;                   ;
; Pass         ; IO_000010 ; I/O Properties Checks for One I/O ; The location should support the requested I/O direction.                           ; Critical ; 0 such failures found.                                                   ; I/O  ;                   ;
; Inapplicable ; IO_000011 ; I/O Properties Checks for One I/O ; The location should support the requested Current Strength.                        ; Critical ; No Current Strength assignments found.                                   ; I/O  ;                   ;
; Inapplicable ; IO_000012 ; I/O Properties Checks for One I/O ; The location should support the requested On Chip Termination value.               ; Critical ; No Termination assignments found.                                        ; I/O  ;                   ;
; Inapplicable ; IO_000013 ; I/O Properties Checks for One I/O ; The location should support the requested Bus Hold value.                          ; Critical ; No Enable Bus-Hold Circuitry assignments found.                          ; I/O  ;                   ;
; Inapplicable ; IO_000014 ; I/O Properties Checks for One I/O ; The location should support the requested Weak Pull Up value.                      ; Critical ; No Weak Pull-Up Resistor assignments found.                              ; I/O  ;                   ;
; Inapplicable ; IO_000015 ; I/O Properties Checks for One I/O ; The location should support the requested PCI Clamp Diode.                         ; Critical ; No Clamping Diode assignments found.                                     ; I/O  ;                   ;
; Inapplicable ; IO_000018 ; I/O Properties Checks for One I/O ; The I/O standard should support the requested Current Strength.                    ; Critical ; No Current Strength assignments found.                                   ; I/O  ;                   ;
; Inapplicable ; IO_000019 ; I/O Properties Checks for One I/O ; The I/O standard should support the requested On Chip Termination value.           ; Critical ; No Termination assignments found.                                        ; I/O  ;                   ;
; Inapplicable ; IO_000020 ; I/O Properties Checks for One I/O ; The I/O standard should support the requested PCI Clamp Diode.                     ; Critical ; No Clamping Diode assignments found.                                     ; I/O  ;                   ;
; Inapplicable ; IO_000021 ; I/O Properties Checks for One I/O ; The I/O standard should support the requested Weak Pull Up value.                  ; Critical ; No Weak Pull-Up Resistor assignments found.                              ; I/O  ;                   ;
; Inapplicable ; IO_000022 ; I/O Properties Checks for One I/O ; The I/O standard should support the requested Bus Hold value.                      ; Critical ; No Enable Bus-Hold Circuitry assignments found.                          ; I/O  ;                   ;
; Inapplicable ; IO_000023 ; I/O Properties Checks for One I/O ; The I/O standard should support the Open Drain value.                              ; Critical ; No open drain assignments found.                                         ; I/O  ;                   ;
; Inapplicable ; IO_000024 ; I/O Properties Checks for One I/O ; The I/O direction should support the On Chip Termination value.                    ; Critical ; No Termination assignments found.                                        ; I/O  ;                   ;
; Inapplicable ; IO_000026 ; I/O Properties Checks for One I/O ; On Chip Termination and Current Strength should not be used at the same time.      ; Critical ; No Current Strength or Termination assignments found.                    ; I/O  ;                   ;
; Inapplicable ; IO_000027 ; I/O Properties Checks for One I/O ; Weak Pull Up and Bus Hold should not be used at the same time.                     ; Critical ; No Enable Bus-Hold Circuitry or Weak Pull-Up Resistor assignments found. ; I/O  ;                   ;
; Inapplicable ; IO_000045 ; I/O Properties Checks for One I/O ; The I/O standard should support the requested Slew Rate value.                     ; Critical ; No Slew Rate assignments found.                                          ; I/O  ;                   ;
; Inapplicable ; IO_000046 ; I/O Properties Checks for One I/O ; The location should support the requested Slew Rate value.                         ; Critical ; No Slew Rate assignments found.                                          ; I/O  ;                   ;
; Inapplicable ; IO_000047 ; I/O Properties Checks for One I/O ; On Chip Termination and Slew Rate should not be used at the same time.             ; Critical ; No Slew Rate assignments found.                                          ; I/O  ;                   ;
; Inapplicable ; IO_000034 ; SI Related Distance Checks        ; Single-ended outputs should be 0 LAB row(s) away from a differential I/O.          ; High     ; No Differential I/O Standard assignments found.                          ; I/O  ;                   ;
+--------------+-----------+-----------------------------------+------------------------------------------------------------------------------------+----------+--------------------------------------------------------------------------+------+-------------------+


+--------------------------------------------------------------------------------------------------------------------------------------------------------------------------------------------------------------------------------------------------------------------------------------------------------------------------------------------------------------------------------------------------------------------------------------+
; I/O Rules Matrix                                                                                                                                                                                                                                                                                                                                                                                                                     ;
+--------------------+-----------+--------------+-----------+--------------+--------------+-----------+-----------+--------------+-----------+-----------+--------------+--------------+--------------+--------------+--------------+--------------+--------------+--------------+--------------+--------------+--------------+--------------+--------------+--------------+--------------+--------------+--------------+--------------+
; Pin/Rules          ; IO_000001 ; IO_000002    ; IO_000003 ; IO_000004    ; IO_000005    ; IO_000006 ; IO_000007 ; IO_000008    ; IO_000009 ; IO_000010 ; IO_000011    ; IO_000012    ; IO_000013    ; IO_000014    ; IO_000015    ; IO_000018    ; IO_000019    ; IO_000020    ; IO_000021    ; IO_000022    ; IO_000023    ; IO_000024    ; IO_000026    ; IO_000027    ; IO_000045    ; IO_000046    ; IO_000047    ; IO_000034    ;
+--------------------+-----------+--------------+-----------+--------------+--------------+-----------+-----------+--------------+-----------+-----------+--------------+--------------+--------------+--------------+--------------+--------------+--------------+--------------+--------------+--------------+--------------+--------------+--------------+--------------+--------------+--------------+--------------+--------------+
; Total Pass         ; 121       ; 0            ; 121       ; 0            ; 0            ; 121       ; 121       ; 0            ; 121       ; 121       ; 0            ; 0            ; 0            ; 0            ; 0            ; 0            ; 0            ; 0            ; 0            ; 0            ; 0            ; 0            ; 0            ; 0            ; 0            ; 0            ; 0            ; 0            ;
; Total Unchecked    ; 0         ; 0            ; 0         ; 0            ; 0            ; 0         ; 0         ; 0            ; 0         ; 0         ; 0            ; 0            ; 0            ; 0            ; 0            ; 0            ; 0            ; 0            ; 0            ; 0            ; 0            ; 0            ; 0            ; 0            ; 0            ; 0            ; 0            ; 0            ;
; Total Inapplicable ; 0         ; 121          ; 0         ; 121          ; 121          ; 0         ; 0         ; 121          ; 0         ; 0         ; 121          ; 121          ; 121          ; 121          ; 121          ; 121          ; 121          ; 121          ; 121          ; 121          ; 121          ; 121          ; 121          ; 121          ; 121          ; 121          ; 121          ; 121          ;
; Total Fail         ; 0         ; 0            ; 0         ; 0            ; 0            ; 0         ; 0         ; 0            ; 0         ; 0         ; 0            ; 0            ; 0            ; 0            ; 0            ; 0            ; 0            ; 0            ; 0            ; 0            ; 0            ; 0            ; 0            ; 0            ; 0            ; 0            ; 0            ; 0            ;
; CLOCK3_50          ; Pass      ; Inapplicable ; Pass      ; Inapplicable ; Inapplicable ; Pass      ; Pass      ; Inapplicable ; Pass      ; Pass      ; Inapplicable ; Inapplicable ; Inapplicable ; Inapplicable ; Inapplicable ; Inapplicable ; Inapplicable ; Inapplicable ; Inapplicable ; Inapplicable ; Inapplicable ; Inapplicable ; Inapplicable ; Inapplicable ; Inapplicable ; Inapplicable ; Inapplicable ; Inapplicable ;
; HEX0[0]            ; Pass      ; Inapplicable ; Pass      ; Inapplicable ; Inapplicable ; Pass      ; Pass      ; Inapplicable ; Pass      ; Pass      ; Inapplicable ; Inapplicable ; Inapplicable ; Inapplicable ; Inapplicable ; Inapplicable ; Inapplicable ; Inapplicable ; Inapplicable ; Inapplicable ; Inapplicable ; Inapplicable ; Inapplicable ; Inapplicable ; Inapplicable ; Inapplicable ; Inapplicable ; Inapplicable ;
; HEX0[1]            ; Pass      ; Inapplicable ; Pass      ; Inapplicable ; Inapplicable ; Pass      ; Pass      ; Inapplicable ; Pass      ; Pass      ; Inapplicable ; Inapplicable ; Inapplicable ; Inapplicable ; Inapplicable ; Inapplicable ; Inapplicable ; Inapplicable ; Inapplicable ; Inapplicable ; Inapplicable ; Inapplicable ; Inapplicable ; Inapplicable ; Inapplicable ; Inapplicable ; Inapplicable ; Inapplicable ;
; HEX0[2]            ; Pass      ; Inapplicable ; Pass      ; Inapplicable ; Inapplicable ; Pass      ; Pass      ; Inapplicable ; Pass      ; Pass      ; Inapplicable ; Inapplicable ; Inapplicable ; Inapplicable ; Inapplicable ; Inapplicable ; Inapplicable ; Inapplicable ; Inapplicable ; Inapplicable ; Inapplicable ; Inapplicable ; Inapplicable ; Inapplicable ; Inapplicable ; Inapplicable ; Inapplicable ; Inapplicable ;
; HEX0[3]            ; Pass      ; Inapplicable ; Pass      ; Inapplicable ; Inapplicable ; Pass      ; Pass      ; Inapplicable ; Pass      ; Pass      ; Inapplicable ; Inapplicable ; Inapplicable ; Inapplicable ; Inapplicable ; Inapplicable ; Inapplicable ; Inapplicable ; Inapplicable ; Inapplicable ; Inapplicable ; Inapplicable ; Inapplicable ; Inapplicable ; Inapplicable ; Inapplicable ; Inapplicable ; Inapplicable ;
; HEX0[4]            ; Pass      ; Inapplicable ; Pass      ; Inapplicable ; Inapplicable ; Pass      ; Pass      ; Inapplicable ; Pass      ; Pass      ; Inapplicable ; Inapplicable ; Inapplicable ; Inapplicable ; Inapplicable ; Inapplicable ; Inapplicable ; Inapplicable ; Inapplicable ; Inapplicable ; Inapplicable ; Inapplicable ; Inapplicable ; Inapplicable ; Inapplicable ; Inapplicable ; Inapplicable ; Inapplicable ;
; HEX0[5]            ; Pass      ; Inapplicable ; Pass      ; Inapplicable ; Inapplicable ; Pass      ; Pass      ; Inapplicable ; Pass      ; Pass      ; Inapplicable ; Inapplicable ; Inapplicable ; Inapplicable ; Inapplicable ; Inapplicable ; Inapplicable ; Inapplicable ; Inapplicable ; Inapplicable ; Inapplicable ; Inapplicable ; Inapplicable ; Inapplicable ; Inapplicable ; Inapplicable ; Inapplicable ; Inapplicable ;
; HEX0[6]            ; Pass      ; Inapplicable ; Pass      ; Inapplicable ; Inapplicable ; Pass      ; Pass      ; Inapplicable ; Pass      ; Pass      ; Inapplicable ; Inapplicable ; Inapplicable ; Inapplicable ; Inapplicable ; Inapplicable ; Inapplicable ; Inapplicable ; Inapplicable ; Inapplicable ; Inapplicable ; Inapplicable ; Inapplicable ; Inapplicable ; Inapplicable ; Inapplicable ; Inapplicable ; Inapplicable ;
; HEX1[0]            ; Pass      ; Inapplicable ; Pass      ; Inapplicable ; Inapplicable ; Pass      ; Pass      ; Inapplicable ; Pass      ; Pass      ; Inapplicable ; Inapplicable ; Inapplicable ; Inapplicable ; Inapplicable ; Inapplicable ; Inapplicable ; Inapplicable ; Inapplicable ; Inapplicable ; Inapplicable ; Inapplicable ; Inapplicable ; Inapplicable ; Inapplicable ; Inapplicable ; Inapplicable ; Inapplicable ;
; HEX1[1]            ; Pass      ; Inapplicable ; Pass      ; Inapplicable ; Inapplicable ; Pass      ; Pass      ; Inapplicable ; Pass      ; Pass      ; Inapplicable ; Inapplicable ; Inapplicable ; Inapplicable ; Inapplicable ; Inapplicable ; Inapplicable ; Inapplicable ; Inapplicable ; Inapplicable ; Inapplicable ; Inapplicable ; Inapplicable ; Inapplicable ; Inapplicable ; Inapplicable ; Inapplicable ; Inapplicable ;
; HEX1[2]            ; Pass      ; Inapplicable ; Pass      ; Inapplicable ; Inapplicable ; Pass      ; Pass      ; Inapplicable ; Pass      ; Pass      ; Inapplicable ; Inapplicable ; Inapplicable ; Inapplicable ; Inapplicable ; Inapplicable ; Inapplicable ; Inapplicable ; Inapplicable ; Inapplicable ; Inapplicable ; Inapplicable ; Inapplicable ; Inapplicable ; Inapplicable ; Inapplicable ; Inapplicable ; Inapplicable ;
; HEX1[3]            ; Pass      ; Inapplicable ; Pass      ; Inapplicable ; Inapplicable ; Pass      ; Pass      ; Inapplicable ; Pass      ; Pass      ; Inapplicable ; Inapplicable ; Inapplicable ; Inapplicable ; Inapplicable ; Inapplicable ; Inapplicable ; Inapplicable ; Inapplicable ; Inapplicable ; Inapplicable ; Inapplicable ; Inapplicable ; Inapplicable ; Inapplicable ; Inapplicable ; Inapplicable ; Inapplicable ;
; HEX1[4]            ; Pass      ; Inapplicable ; Pass      ; Inapplicable ; Inapplicable ; Pass      ; Pass      ; Inapplicable ; Pass      ; Pass      ; Inapplicable ; Inapplicable ; Inapplicable ; Inapplicable ; Inapplicable ; Inapplicable ; Inapplicable ; Inapplicable ; Inapplicable ; Inapplicable ; Inapplicable ; Inapplicable ; Inapplicable ; Inapplicable ; Inapplicable ; Inapplicable ; Inapplicable ; Inapplicable ;
; HEX1[5]            ; Pass      ; Inapplicable ; Pass      ; Inapplicable ; Inapplicable ; Pass      ; Pass      ; Inapplicable ; Pass      ; Pass      ; Inapplicable ; Inapplicable ; Inapplicable ; Inapplicable ; Inapplicable ; Inapplicable ; Inapplicable ; Inapplicable ; Inapplicable ; Inapplicable ; Inapplicable ; Inapplicable ; Inapplicable ; Inapplicable ; Inapplicable ; Inapplicable ; Inapplicable ; Inapplicable ;
; HEX1[6]            ; Pass      ; Inapplicable ; Pass      ; Inapplicable ; Inapplicable ; Pass      ; Pass      ; Inapplicable ; Pass      ; Pass      ; Inapplicable ; Inapplicable ; Inapplicable ; Inapplicable ; Inapplicable ; Inapplicable ; Inapplicable ; Inapplicable ; Inapplicable ; Inapplicable ; Inapplicable ; Inapplicable ; Inapplicable ; Inapplicable ; Inapplicable ; Inapplicable ; Inapplicable ; Inapplicable ;
; HEX2[0]            ; Pass      ; Inapplicable ; Pass      ; Inapplicable ; Inapplicable ; Pass      ; Pass      ; Inapplicable ; Pass      ; Pass      ; Inapplicable ; Inapplicable ; Inapplicable ; Inapplicable ; Inapplicable ; Inapplicable ; Inapplicable ; Inapplicable ; Inapplicable ; Inapplicable ; Inapplicable ; Inapplicable ; Inapplicable ; Inapplicable ; Inapplicable ; Inapplicable ; Inapplicable ; Inapplicable ;
; HEX2[1]            ; Pass      ; Inapplicable ; Pass      ; Inapplicable ; Inapplicable ; Pass      ; Pass      ; Inapplicable ; Pass      ; Pass      ; Inapplicable ; Inapplicable ; Inapplicable ; Inapplicable ; Inapplicable ; Inapplicable ; Inapplicable ; Inapplicable ; Inapplicable ; Inapplicable ; Inapplicable ; Inapplicable ; Inapplicable ; Inapplicable ; Inapplicable ; Inapplicable ; Inapplicable ; Inapplicable ;
; HEX2[2]            ; Pass      ; Inapplicable ; Pass      ; Inapplicable ; Inapplicable ; Pass      ; Pass      ; Inapplicable ; Pass      ; Pass      ; Inapplicable ; Inapplicable ; Inapplicable ; Inapplicable ; Inapplicable ; Inapplicable ; Inapplicable ; Inapplicable ; Inapplicable ; Inapplicable ; Inapplicable ; Inapplicable ; Inapplicable ; Inapplicable ; Inapplicable ; Inapplicable ; Inapplicable ; Inapplicable ;
; HEX2[3]            ; Pass      ; Inapplicable ; Pass      ; Inapplicable ; Inapplicable ; Pass      ; Pass      ; Inapplicable ; Pass      ; Pass      ; Inapplicable ; Inapplicable ; Inapplicable ; Inapplicable ; Inapplicable ; Inapplicable ; Inapplicable ; Inapplicable ; Inapplicable ; Inapplicable ; Inapplicable ; Inapplicable ; Inapplicable ; Inapplicable ; Inapplicable ; Inapplicable ; Inapplicable ; Inapplicable ;
; HEX2[4]            ; Pass      ; Inapplicable ; Pass      ; Inapplicable ; Inapplicable ; Pass      ; Pass      ; Inapplicable ; Pass      ; Pass      ; Inapplicable ; Inapplicable ; Inapplicable ; Inapplicable ; Inapplicable ; Inapplicable ; Inapplicable ; Inapplicable ; Inapplicable ; Inapplicable ; Inapplicable ; Inapplicable ; Inapplicable ; Inapplicable ; Inapplicable ; Inapplicable ; Inapplicable ; Inapplicable ;
; HEX2[5]            ; Pass      ; Inapplicable ; Pass      ; Inapplicable ; Inapplicable ; Pass      ; Pass      ; Inapplicable ; Pass      ; Pass      ; Inapplicable ; Inapplicable ; Inapplicable ; Inapplicable ; Inapplicable ; Inapplicable ; Inapplicable ; Inapplicable ; Inapplicable ; Inapplicable ; Inapplicable ; Inapplicable ; Inapplicable ; Inapplicable ; Inapplicable ; Inapplicable ; Inapplicable ; Inapplicable ;
; HEX2[6]            ; Pass      ; Inapplicable ; Pass      ; Inapplicable ; Inapplicable ; Pass      ; Pass      ; Inapplicable ; Pass      ; Pass      ; Inapplicable ; Inapplicable ; Inapplicable ; Inapplicable ; Inapplicable ; Inapplicable ; Inapplicable ; Inapplicable ; Inapplicable ; Inapplicable ; Inapplicable ; Inapplicable ; Inapplicable ; Inapplicable ; Inapplicable ; Inapplicable ; Inapplicable ; Inapplicable ;
; HEX3[0]            ; Pass      ; Inapplicable ; Pass      ; Inapplicable ; Inapplicable ; Pass      ; Pass      ; Inapplicable ; Pass      ; Pass      ; Inapplicable ; Inapplicable ; Inapplicable ; Inapplicable ; Inapplicable ; Inapplicable ; Inapplicable ; Inapplicable ; Inapplicable ; Inapplicable ; Inapplicable ; Inapplicable ; Inapplicable ; Inapplicable ; Inapplicable ; Inapplicable ; Inapplicable ; Inapplicable ;
; HEX3[1]            ; Pass      ; Inapplicable ; Pass      ; Inapplicable ; Inapplicable ; Pass      ; Pass      ; Inapplicable ; Pass      ; Pass      ; Inapplicable ; Inapplicable ; Inapplicable ; Inapplicable ; Inapplicable ; Inapplicable ; Inapplicable ; Inapplicable ; Inapplicable ; Inapplicable ; Inapplicable ; Inapplicable ; Inapplicable ; Inapplicable ; Inapplicable ; Inapplicable ; Inapplicable ; Inapplicable ;
; HEX3[2]            ; Pass      ; Inapplicable ; Pass      ; Inapplicable ; Inapplicable ; Pass      ; Pass      ; Inapplicable ; Pass      ; Pass      ; Inapplicable ; Inapplicable ; Inapplicable ; Inapplicable ; Inapplicable ; Inapplicable ; Inapplicable ; Inapplicable ; Inapplicable ; Inapplicable ; Inapplicable ; Inapplicable ; Inapplicable ; Inapplicable ; Inapplicable ; Inapplicable ; Inapplicable ; Inapplicable ;
; HEX3[3]            ; Pass      ; Inapplicable ; Pass      ; Inapplicable ; Inapplicable ; Pass      ; Pass      ; Inapplicable ; Pass      ; Pass      ; Inapplicable ; Inapplicable ; Inapplicable ; Inapplicable ; Inapplicable ; Inapplicable ; Inapplicable ; Inapplicable ; Inapplicable ; Inapplicable ; Inapplicable ; Inapplicable ; Inapplicable ; Inapplicable ; Inapplicable ; Inapplicable ; Inapplicable ; Inapplicable ;
; HEX3[4]            ; Pass      ; Inapplicable ; Pass      ; Inapplicable ; Inapplicable ; Pass      ; Pass      ; Inapplicable ; Pass      ; Pass      ; Inapplicable ; Inapplicable ; Inapplicable ; Inapplicable ; Inapplicable ; Inapplicable ; Inapplicable ; Inapplicable ; Inapplicable ; Inapplicable ; Inapplicable ; Inapplicable ; Inapplicable ; Inapplicable ; Inapplicable ; Inapplicable ; Inapplicable ; Inapplicable ;
; HEX3[5]            ; Pass      ; Inapplicable ; Pass      ; Inapplicable ; Inapplicable ; Pass      ; Pass      ; Inapplicable ; Pass      ; Pass      ; Inapplicable ; Inapplicable ; Inapplicable ; Inapplicable ; Inapplicable ; Inapplicable ; Inapplicable ; Inapplicable ; Inapplicable ; Inapplicable ; Inapplicable ; Inapplicable ; Inapplicable ; Inapplicable ; Inapplicable ; Inapplicable ; Inapplicable ; Inapplicable ;
; HEX3[6]            ; Pass      ; Inapplicable ; Pass      ; Inapplicable ; Inapplicable ; Pass      ; Pass      ; Inapplicable ; Pass      ; Pass      ; Inapplicable ; Inapplicable ; Inapplicable ; Inapplicable ; Inapplicable ; Inapplicable ; Inapplicable ; Inapplicable ; Inapplicable ; Inapplicable ; Inapplicable ; Inapplicable ; Inapplicable ; Inapplicable ; Inapplicable ; Inapplicable ; Inapplicable ; Inapplicable ;
; HEX4[0]            ; Pass      ; Inapplicable ; Pass      ; Inapplicable ; Inapplicable ; Pass      ; Pass      ; Inapplicable ; Pass      ; Pass      ; Inapplicable ; Inapplicable ; Inapplicable ; Inapplicable ; Inapplicable ; Inapplicable ; Inapplicable ; Inapplicable ; Inapplicable ; Inapplicable ; Inapplicable ; Inapplicable ; Inapplicable ; Inapplicable ; Inapplicable ; Inapplicable ; Inapplicable ; Inapplicable ;
; HEX4[1]            ; Pass      ; Inapplicable ; Pass      ; Inapplicable ; Inapplicable ; Pass      ; Pass      ; Inapplicable ; Pass      ; Pass      ; Inapplicable ; Inapplicable ; Inapplicable ; Inapplicable ; Inapplicable ; Inapplicable ; Inapplicable ; Inapplicable ; Inapplicable ; Inapplicable ; Inapplicable ; Inapplicable ; Inapplicable ; Inapplicable ; Inapplicable ; Inapplicable ; Inapplicable ; Inapplicable ;
; HEX4[2]            ; Pass      ; Inapplicable ; Pass      ; Inapplicable ; Inapplicable ; Pass      ; Pass      ; Inapplicable ; Pass      ; Pass      ; Inapplicable ; Inapplicable ; Inapplicable ; Inapplicable ; Inapplicable ; Inapplicable ; Inapplicable ; Inapplicable ; Inapplicable ; Inapplicable ; Inapplicable ; Inapplicable ; Inapplicable ; Inapplicable ; Inapplicable ; Inapplicable ; Inapplicable ; Inapplicable ;
; HEX4[3]            ; Pass      ; Inapplicable ; Pass      ; Inapplicable ; Inapplicable ; Pass      ; Pass      ; Inapplicable ; Pass      ; Pass      ; Inapplicable ; Inapplicable ; Inapplicable ; Inapplicable ; Inapplicable ; Inapplicable ; Inapplicable ; Inapplicable ; Inapplicable ; Inapplicable ; Inapplicable ; Inapplicable ; Inapplicable ; Inapplicable ; Inapplicable ; Inapplicable ; Inapplicable ; Inapplicable ;
; HEX4[4]            ; Pass      ; Inapplicable ; Pass      ; Inapplicable ; Inapplicable ; Pass      ; Pass      ; Inapplicable ; Pass      ; Pass      ; Inapplicable ; Inapplicable ; Inapplicable ; Inapplicable ; Inapplicable ; Inapplicable ; Inapplicable ; Inapplicable ; Inapplicable ; Inapplicable ; Inapplicable ; Inapplicable ; Inapplicable ; Inapplicable ; Inapplicable ; Inapplicable ; Inapplicable ; Inapplicable ;
; HEX4[5]            ; Pass      ; Inapplicable ; Pass      ; Inapplicable ; Inapplicable ; Pass      ; Pass      ; Inapplicable ; Pass      ; Pass      ; Inapplicable ; Inapplicable ; Inapplicable ; Inapplicable ; Inapplicable ; Inapplicable ; Inapplicable ; Inapplicable ; Inapplicable ; Inapplicable ; Inapplicable ; Inapplicable ; Inapplicable ; Inapplicable ; Inapplicable ; Inapplicable ; Inapplicable ; Inapplicable ;
; HEX4[6]            ; Pass      ; Inapplicable ; Pass      ; Inapplicable ; Inapplicable ; Pass      ; Pass      ; Inapplicable ; Pass      ; Pass      ; Inapplicable ; Inapplicable ; Inapplicable ; Inapplicable ; Inapplicable ; Inapplicable ; Inapplicable ; Inapplicable ; Inapplicable ; Inapplicable ; Inapplicable ; Inapplicable ; Inapplicable ; Inapplicable ; Inapplicable ; Inapplicable ; Inapplicable ; Inapplicable ;
; HEX5[0]            ; Pass      ; Inapplicable ; Pass      ; Inapplicable ; Inapplicable ; Pass      ; Pass      ; Inapplicable ; Pass      ; Pass      ; Inapplicable ; Inapplicable ; Inapplicable ; Inapplicable ; Inapplicable ; Inapplicable ; Inapplicable ; Inapplicable ; Inapplicable ; Inapplicable ; Inapplicable ; Inapplicable ; Inapplicable ; Inapplicable ; Inapplicable ; Inapplicable ; Inapplicable ; Inapplicable ;
; HEX5[1]            ; Pass      ; Inapplicable ; Pass      ; Inapplicable ; Inapplicable ; Pass      ; Pass      ; Inapplicable ; Pass      ; Pass      ; Inapplicable ; Inapplicable ; Inapplicable ; Inapplicable ; Inapplicable ; Inapplicable ; Inapplicable ; Inapplicable ; Inapplicable ; Inapplicable ; Inapplicable ; Inapplicable ; Inapplicable ; Inapplicable ; Inapplicable ; Inapplicable ; Inapplicable ; Inapplicable ;
; HEX5[2]            ; Pass      ; Inapplicable ; Pass      ; Inapplicable ; Inapplicable ; Pass      ; Pass      ; Inapplicable ; Pass      ; Pass      ; Inapplicable ; Inapplicable ; Inapplicable ; Inapplicable ; Inapplicable ; Inapplicable ; Inapplicable ; Inapplicable ; Inapplicable ; Inapplicable ; Inapplicable ; Inapplicable ; Inapplicable ; Inapplicable ; Inapplicable ; Inapplicable ; Inapplicable ; Inapplicable ;
; HEX5[3]            ; Pass      ; Inapplicable ; Pass      ; Inapplicable ; Inapplicable ; Pass      ; Pass      ; Inapplicable ; Pass      ; Pass      ; Inapplicable ; Inapplicable ; Inapplicable ; Inapplicable ; Inapplicable ; Inapplicable ; Inapplicable ; Inapplicable ; Inapplicable ; Inapplicable ; Inapplicable ; Inapplicable ; Inapplicable ; Inapplicable ; Inapplicable ; Inapplicable ; Inapplicable ; Inapplicable ;
; HEX5[4]            ; Pass      ; Inapplicable ; Pass      ; Inapplicable ; Inapplicable ; Pass      ; Pass      ; Inapplicable ; Pass      ; Pass      ; Inapplicable ; Inapplicable ; Inapplicable ; Inapplicable ; Inapplicable ; Inapplicable ; Inapplicable ; Inapplicable ; Inapplicable ; Inapplicable ; Inapplicable ; Inapplicable ; Inapplicable ; Inapplicable ; Inapplicable ; Inapplicable ; Inapplicable ; Inapplicable ;
; HEX5[5]            ; Pass      ; Inapplicable ; Pass      ; Inapplicable ; Inapplicable ; Pass      ; Pass      ; Inapplicable ; Pass      ; Pass      ; Inapplicable ; Inapplicable ; Inapplicable ; Inapplicable ; Inapplicable ; Inapplicable ; Inapplicable ; Inapplicable ; Inapplicable ; Inapplicable ; Inapplicable ; Inapplicable ; Inapplicable ; Inapplicable ; Inapplicable ; Inapplicable ; Inapplicable ; Inapplicable ;
; HEX5[6]            ; Pass      ; Inapplicable ; Pass      ; Inapplicable ; Inapplicable ; Pass      ; Pass      ; Inapplicable ; Pass      ; Pass      ; Inapplicable ; Inapplicable ; Inapplicable ; Inapplicable ; Inapplicable ; Inapplicable ; Inapplicable ; Inapplicable ; Inapplicable ; Inapplicable ; Inapplicable ; Inapplicable ; Inapplicable ; Inapplicable ; Inapplicable ; Inapplicable ; Inapplicable ; Inapplicable ;
; KEY[1]             ; Pass      ; Inapplicable ; Pass      ; Inapplicable ; Inapplicable ; Pass      ; Pass      ; Inapplicable ; Pass      ; Pass      ; Inapplicable ; Inapplicable ; Inapplicable ; Inapplicable ; Inapplicable ; Inapplicable ; Inapplicable ; Inapplicable ; Inapplicable ; Inapplicable ; Inapplicable ; Inapplicable ; Inapplicable ; Inapplicable ; Inapplicable ; Inapplicable ; Inapplicable ; Inapplicable ;
; KEY[2]             ; Pass      ; Inapplicable ; Pass      ; Inapplicable ; Inapplicable ; Pass      ; Pass      ; Inapplicable ; Pass      ; Pass      ; Inapplicable ; Inapplicable ; Inapplicable ; Inapplicable ; Inapplicable ; Inapplicable ; Inapplicable ; Inapplicable ; Inapplicable ; Inapplicable ; Inapplicable ; Inapplicable ; Inapplicable ; Inapplicable ; Inapplicable ; Inapplicable ; Inapplicable ; Inapplicable ;
; LEDR[0]            ; Pass      ; Inapplicable ; Pass      ; Inapplicable ; Inapplicable ; Pass      ; Pass      ; Inapplicable ; Pass      ; Pass      ; Inapplicable ; Inapplicable ; Inapplicable ; Inapplicable ; Inapplicable ; Inapplicable ; Inapplicable ; Inapplicable ; Inapplicable ; Inapplicable ; Inapplicable ; Inapplicable ; Inapplicable ; Inapplicable ; Inapplicable ; Inapplicable ; Inapplicable ; Inapplicable ;
; LEDR[1]            ; Pass      ; Inapplicable ; Pass      ; Inapplicable ; Inapplicable ; Pass      ; Pass      ; Inapplicable ; Pass      ; Pass      ; Inapplicable ; Inapplicable ; Inapplicable ; Inapplicable ; Inapplicable ; Inapplicable ; Inapplicable ; Inapplicable ; Inapplicable ; Inapplicable ; Inapplicable ; Inapplicable ; Inapplicable ; Inapplicable ; Inapplicable ; Inapplicable ; Inapplicable ; Inapplicable ;
; LEDR[2]            ; Pass      ; Inapplicable ; Pass      ; Inapplicable ; Inapplicable ; Pass      ; Pass      ; Inapplicable ; Pass      ; Pass      ; Inapplicable ; Inapplicable ; Inapplicable ; Inapplicable ; Inapplicable ; Inapplicable ; Inapplicable ; Inapplicable ; Inapplicable ; Inapplicable ; Inapplicable ; Inapplicable ; Inapplicable ; Inapplicable ; Inapplicable ; Inapplicable ; Inapplicable ; Inapplicable ;
; LEDR[3]            ; Pass      ; Inapplicable ; Pass      ; Inapplicable ; Inapplicable ; Pass      ; Pass      ; Inapplicable ; Pass      ; Pass      ; Inapplicable ; Inapplicable ; Inapplicable ; Inapplicable ; Inapplicable ; Inapplicable ; Inapplicable ; Inapplicable ; Inapplicable ; Inapplicable ; Inapplicable ; Inapplicable ; Inapplicable ; Inapplicable ; Inapplicable ; Inapplicable ; Inapplicable ; Inapplicable ;
; LEDR[4]            ; Pass      ; Inapplicable ; Pass      ; Inapplicable ; Inapplicable ; Pass      ; Pass      ; Inapplicable ; Pass      ; Pass      ; Inapplicable ; Inapplicable ; Inapplicable ; Inapplicable ; Inapplicable ; Inapplicable ; Inapplicable ; Inapplicable ; Inapplicable ; Inapplicable ; Inapplicable ; Inapplicable ; Inapplicable ; Inapplicable ; Inapplicable ; Inapplicable ; Inapplicable ; Inapplicable ;
; LEDR[5]            ; Pass      ; Inapplicable ; Pass      ; Inapplicable ; Inapplicable ; Pass      ; Pass      ; Inapplicable ; Pass      ; Pass      ; Inapplicable ; Inapplicable ; Inapplicable ; Inapplicable ; Inapplicable ; Inapplicable ; Inapplicable ; Inapplicable ; Inapplicable ; Inapplicable ; Inapplicable ; Inapplicable ; Inapplicable ; Inapplicable ; Inapplicable ; Inapplicable ; Inapplicable ; Inapplicable ;
; LEDR[6]            ; Pass      ; Inapplicable ; Pass      ; Inapplicable ; Inapplicable ; Pass      ; Pass      ; Inapplicable ; Pass      ; Pass      ; Inapplicable ; Inapplicable ; Inapplicable ; Inapplicable ; Inapplicable ; Inapplicable ; Inapplicable ; Inapplicable ; Inapplicable ; Inapplicable ; Inapplicable ; Inapplicable ; Inapplicable ; Inapplicable ; Inapplicable ; Inapplicable ; Inapplicable ; Inapplicable ;
; LEDR[7]            ; Pass      ; Inapplicable ; Pass      ; Inapplicable ; Inapplicable ; Pass      ; Pass      ; Inapplicable ; Pass      ; Pass      ; Inapplicable ; Inapplicable ; Inapplicable ; Inapplicable ; Inapplicable ; Inapplicable ; Inapplicable ; Inapplicable ; Inapplicable ; Inapplicable ; Inapplicable ; Inapplicable ; Inapplicable ; Inapplicable ; Inapplicable ; Inapplicable ; Inapplicable ; Inapplicable ;
; LEDR[8]            ; Pass      ; Inapplicable ; Pass      ; Inapplicable ; Inapplicable ; Pass      ; Pass      ; Inapplicable ; Pass      ; Pass      ; Inapplicable ; Inapplicable ; Inapplicable ; Inapplicable ; Inapplicable ; Inapplicable ; Inapplicable ; Inapplicable ; Inapplicable ; Inapplicable ; Inapplicable ; Inapplicable ; Inapplicable ; Inapplicable ; Inapplicable ; Inapplicable ; Inapplicable ; Inapplicable ;
; LEDR[9]            ; Pass      ; Inapplicable ; Pass      ; Inapplicable ; Inapplicable ; Pass      ; Pass      ; Inapplicable ; Pass      ; Pass      ; Inapplicable ; Inapplicable ; Inapplicable ; Inapplicable ; Inapplicable ; Inapplicable ; Inapplicable ; Inapplicable ; Inapplicable ; Inapplicable ; Inapplicable ; Inapplicable ; Inapplicable ; Inapplicable ; Inapplicable ; Inapplicable ; Inapplicable ; Inapplicable ;
; SW[2]              ; Pass      ; Inapplicable ; Pass      ; Inapplicable ; Inapplicable ; Pass      ; Pass      ; Inapplicable ; Pass      ; Pass      ; Inapplicable ; Inapplicable ; Inapplicable ; Inapplicable ; Inapplicable ; Inapplicable ; Inapplicable ; Inapplicable ; Inapplicable ; Inapplicable ; Inapplicable ; Inapplicable ; Inapplicable ; Inapplicable ; Inapplicable ; Inapplicable ; Inapplicable ; Inapplicable ;
; SW[4]              ; Pass      ; Inapplicable ; Pass      ; Inapplicable ; Inapplicable ; Pass      ; Pass      ; Inapplicable ; Pass      ; Pass      ; Inapplicable ; Inapplicable ; Inapplicable ; Inapplicable ; Inapplicable ; Inapplicable ; Inapplicable ; Inapplicable ; Inapplicable ; Inapplicable ; Inapplicable ; Inapplicable ; Inapplicable ; Inapplicable ; Inapplicable ; Inapplicable ; Inapplicable ; Inapplicable ;
; SW[5]              ; Pass      ; Inapplicable ; Pass      ; Inapplicable ; Inapplicable ; Pass      ; Pass      ; Inapplicable ; Pass      ; Pass      ; Inapplicable ; Inapplicable ; Inapplicable ; Inapplicable ; Inapplicable ; Inapplicable ; Inapplicable ; Inapplicable ; Inapplicable ; Inapplicable ; Inapplicable ; Inapplicable ; Inapplicable ; Inapplicable ; Inapplicable ; Inapplicable ; Inapplicable ; Inapplicable ;
; SW[6]              ; Pass      ; Inapplicable ; Pass      ; Inapplicable ; Inapplicable ; Pass      ; Pass      ; Inapplicable ; Pass      ; Pass      ; Inapplicable ; Inapplicable ; Inapplicable ; Inapplicable ; Inapplicable ; Inapplicable ; Inapplicable ; Inapplicable ; Inapplicable ; Inapplicable ; Inapplicable ; Inapplicable ; Inapplicable ; Inapplicable ; Inapplicable ; Inapplicable ; Inapplicable ; Inapplicable ;
; SW[7]              ; Pass      ; Inapplicable ; Pass      ; Inapplicable ; Inapplicable ; Pass      ; Pass      ; Inapplicable ; Pass      ; Pass      ; Inapplicable ; Inapplicable ; Inapplicable ; Inapplicable ; Inapplicable ; Inapplicable ; Inapplicable ; Inapplicable ; Inapplicable ; Inapplicable ; Inapplicable ; Inapplicable ; Inapplicable ; Inapplicable ; Inapplicable ; Inapplicable ; Inapplicable ; Inapplicable ;
; SW[8]              ; Pass      ; Inapplicable ; Pass      ; Inapplicable ; Inapplicable ; Pass      ; Pass      ; Inapplicable ; Pass      ; Pass      ; Inapplicable ; Inapplicable ; Inapplicable ; Inapplicable ; Inapplicable ; Inapplicable ; Inapplicable ; Inapplicable ; Inapplicable ; Inapplicable ; Inapplicable ; Inapplicable ; Inapplicable ; Inapplicable ; Inapplicable ; Inapplicable ; Inapplicable ; Inapplicable ;
; SW[9]              ; Pass      ; Inapplicable ; Pass      ; Inapplicable ; Inapplicable ; Pass      ; Pass      ; Inapplicable ; Pass      ; Pass      ; Inapplicable ; Inapplicable ; Inapplicable ; Inapplicable ; Inapplicable ; Inapplicable ; Inapplicable ; Inapplicable ; Inapplicable ; Inapplicable ; Inapplicable ; Inapplicable ; Inapplicable ; Inapplicable ; Inapplicable ; Inapplicable ; Inapplicable ; Inapplicable ;
; VGA_BLANK_N        ; Pass      ; Inapplicable ; Pass      ; Inapplicable ; Inapplicable ; Pass      ; Pass      ; Inapplicable ; Pass      ; Pass      ; Inapplicable ; Inapplicable ; Inapplicable ; Inapplicable ; Inapplicable ; Inapplicable ; Inapplicable ; Inapplicable ; Inapplicable ; Inapplicable ; Inapplicable ; Inapplicable ; Inapplicable ; Inapplicable ; Inapplicable ; Inapplicable ; Inapplicable ; Inapplicable ;
; VGA_B[0]           ; Pass      ; Inapplicable ; Pass      ; Inapplicable ; Inapplicable ; Pass      ; Pass      ; Inapplicable ; Pass      ; Pass      ; Inapplicable ; Inapplicable ; Inapplicable ; Inapplicable ; Inapplicable ; Inapplicable ; Inapplicable ; Inapplicable ; Inapplicable ; Inapplicable ; Inapplicable ; Inapplicable ; Inapplicable ; Inapplicable ; Inapplicable ; Inapplicable ; Inapplicable ; Inapplicable ;
; VGA_B[1]           ; Pass      ; Inapplicable ; Pass      ; Inapplicable ; Inapplicable ; Pass      ; Pass      ; Inapplicable ; Pass      ; Pass      ; Inapplicable ; Inapplicable ; Inapplicable ; Inapplicable ; Inapplicable ; Inapplicable ; Inapplicable ; Inapplicable ; Inapplicable ; Inapplicable ; Inapplicable ; Inapplicable ; Inapplicable ; Inapplicable ; Inapplicable ; Inapplicable ; Inapplicable ; Inapplicable ;
; VGA_B[2]           ; Pass      ; Inapplicable ; Pass      ; Inapplicable ; Inapplicable ; Pass      ; Pass      ; Inapplicable ; Pass      ; Pass      ; Inapplicable ; Inapplicable ; Inapplicable ; Inapplicable ; Inapplicable ; Inapplicable ; Inapplicable ; Inapplicable ; Inapplicable ; Inapplicable ; Inapplicable ; Inapplicable ; Inapplicable ; Inapplicable ; Inapplicable ; Inapplicable ; Inapplicable ; Inapplicable ;
; VGA_B[3]           ; Pass      ; Inapplicable ; Pass      ; Inapplicable ; Inapplicable ; Pass      ; Pass      ; Inapplicable ; Pass      ; Pass      ; Inapplicable ; Inapplicable ; Inapplicable ; Inapplicable ; Inapplicable ; Inapplicable ; Inapplicable ; Inapplicable ; Inapplicable ; Inapplicable ; Inapplicable ; Inapplicable ; Inapplicable ; Inapplicable ; Inapplicable ; Inapplicable ; Inapplicable ; Inapplicable ;
; VGA_B[4]           ; Pass      ; Inapplicable ; Pass      ; Inapplicable ; Inapplicable ; Pass      ; Pass      ; Inapplicable ; Pass      ; Pass      ; Inapplicable ; Inapplicable ; Inapplicable ; Inapplicable ; Inapplicable ; Inapplicable ; Inapplicable ; Inapplicable ; Inapplicable ; Inapplicable ; Inapplicable ; Inapplicable ; Inapplicable ; Inapplicable ; Inapplicable ; Inapplicable ; Inapplicable ; Inapplicable ;
; VGA_B[5]           ; Pass      ; Inapplicable ; Pass      ; Inapplicable ; Inapplicable ; Pass      ; Pass      ; Inapplicable ; Pass      ; Pass      ; Inapplicable ; Inapplicable ; Inapplicable ; Inapplicable ; Inapplicable ; Inapplicable ; Inapplicable ; Inapplicable ; Inapplicable ; Inapplicable ; Inapplicable ; Inapplicable ; Inapplicable ; Inapplicable ; Inapplicable ; Inapplicable ; Inapplicable ; Inapplicable ;
; VGA_B[6]           ; Pass      ; Inapplicable ; Pass      ; Inapplicable ; Inapplicable ; Pass      ; Pass      ; Inapplicable ; Pass      ; Pass      ; Inapplicable ; Inapplicable ; Inapplicable ; Inapplicable ; Inapplicable ; Inapplicable ; Inapplicable ; Inapplicable ; Inapplicable ; Inapplicable ; Inapplicable ; Inapplicable ; Inapplicable ; Inapplicable ; Inapplicable ; Inapplicable ; Inapplicable ; Inapplicable ;
; VGA_B[7]           ; Pass      ; Inapplicable ; Pass      ; Inapplicable ; Inapplicable ; Pass      ; Pass      ; Inapplicable ; Pass      ; Pass      ; Inapplicable ; Inapplicable ; Inapplicable ; Inapplicable ; Inapplicable ; Inapplicable ; Inapplicable ; Inapplicable ; Inapplicable ; Inapplicable ; Inapplicable ; Inapplicable ; Inapplicable ; Inapplicable ; Inapplicable ; Inapplicable ; Inapplicable ; Inapplicable ;
; VGA_CLK            ; Pass      ; Inapplicable ; Pass      ; Inapplicable ; Inapplicable ; Pass      ; Pass      ; Inapplicable ; Pass      ; Pass      ; Inapplicable ; Inapplicable ; Inapplicable ; Inapplicable ; Inapplicable ; Inapplicable ; Inapplicable ; Inapplicable ; Inapplicable ; Inapplicable ; Inapplicable ; Inapplicable ; Inapplicable ; Inapplicable ; Inapplicable ; Inapplicable ; Inapplicable ; Inapplicable ;
; VGA_G[0]           ; Pass      ; Inapplicable ; Pass      ; Inapplicable ; Inapplicable ; Pass      ; Pass      ; Inapplicable ; Pass      ; Pass      ; Inapplicable ; Inapplicable ; Inapplicable ; Inapplicable ; Inapplicable ; Inapplicable ; Inapplicable ; Inapplicable ; Inapplicable ; Inapplicable ; Inapplicable ; Inapplicable ; Inapplicable ; Inapplicable ; Inapplicable ; Inapplicable ; Inapplicable ; Inapplicable ;
; VGA_G[1]           ; Pass      ; Inapplicable ; Pass      ; Inapplicable ; Inapplicable ; Pass      ; Pass      ; Inapplicable ; Pass      ; Pass      ; Inapplicable ; Inapplicable ; Inapplicable ; Inapplicable ; Inapplicable ; Inapplicable ; Inapplicable ; Inapplicable ; Inapplicable ; Inapplicable ; Inapplicable ; Inapplicable ; Inapplicable ; Inapplicable ; Inapplicable ; Inapplicable ; Inapplicable ; Inapplicable ;
; VGA_G[2]           ; Pass      ; Inapplicable ; Pass      ; Inapplicable ; Inapplicable ; Pass      ; Pass      ; Inapplicable ; Pass      ; Pass      ; Inapplicable ; Inapplicable ; Inapplicable ; Inapplicable ; Inapplicable ; Inapplicable ; Inapplicable ; Inapplicable ; Inapplicable ; Inapplicable ; Inapplicable ; Inapplicable ; Inapplicable ; Inapplicable ; Inapplicable ; Inapplicable ; Inapplicable ; Inapplicable ;
; VGA_G[3]           ; Pass      ; Inapplicable ; Pass      ; Inapplicable ; Inapplicable ; Pass      ; Pass      ; Inapplicable ; Pass      ; Pass      ; Inapplicable ; Inapplicable ; Inapplicable ; Inapplicable ; Inapplicable ; Inapplicable ; Inapplicable ; Inapplicable ; Inapplicable ; Inapplicable ; Inapplicable ; Inapplicable ; Inapplicable ; Inapplicable ; Inapplicable ; Inapplicable ; Inapplicable ; Inapplicable ;
; VGA_G[4]           ; Pass      ; Inapplicable ; Pass      ; Inapplicable ; Inapplicable ; Pass      ; Pass      ; Inapplicable ; Pass      ; Pass      ; Inapplicable ; Inapplicable ; Inapplicable ; Inapplicable ; Inapplicable ; Inapplicable ; Inapplicable ; Inapplicable ; Inapplicable ; Inapplicable ; Inapplicable ; Inapplicable ; Inapplicable ; Inapplicable ; Inapplicable ; Inapplicable ; Inapplicable ; Inapplicable ;
; VGA_G[5]           ; Pass      ; Inapplicable ; Pass      ; Inapplicable ; Inapplicable ; Pass      ; Pass      ; Inapplicable ; Pass      ; Pass      ; Inapplicable ; Inapplicable ; Inapplicable ; Inapplicable ; Inapplicable ; Inapplicable ; Inapplicable ; Inapplicable ; Inapplicable ; Inapplicable ; Inapplicable ; Inapplicable ; Inapplicable ; Inapplicable ; Inapplicable ; Inapplicable ; Inapplicable ; Inapplicable ;
; VGA_G[6]           ; Pass      ; Inapplicable ; Pass      ; Inapplicable ; Inapplicable ; Pass      ; Pass      ; Inapplicable ; Pass      ; Pass      ; Inapplicable ; Inapplicable ; Inapplicable ; Inapplicable ; Inapplicable ; Inapplicable ; Inapplicable ; Inapplicable ; Inapplicable ; Inapplicable ; Inapplicable ; Inapplicable ; Inapplicable ; Inapplicable ; Inapplicable ; Inapplicable ; Inapplicable ; Inapplicable ;
; VGA_G[7]           ; Pass      ; Inapplicable ; Pass      ; Inapplicable ; Inapplicable ; Pass      ; Pass      ; Inapplicable ; Pass      ; Pass      ; Inapplicable ; Inapplicable ; Inapplicable ; Inapplicable ; Inapplicable ; Inapplicable ; Inapplicable ; Inapplicable ; Inapplicable ; Inapplicable ; Inapplicable ; Inapplicable ; Inapplicable ; Inapplicable ; Inapplicable ; Inapplicable ; Inapplicable ; Inapplicable ;
; VGA_HS             ; Pass      ; Inapplicable ; Pass      ; Inapplicable ; Inapplicable ; Pass      ; Pass      ; Inapplicable ; Pass      ; Pass      ; Inapplicable ; Inapplicable ; Inapplicable ; Inapplicable ; Inapplicable ; Inapplicable ; Inapplicable ; Inapplicable ; Inapplicable ; Inapplicable ; Inapplicable ; Inapplicable ; Inapplicable ; Inapplicable ; Inapplicable ; Inapplicable ; Inapplicable ; Inapplicable ;
; VGA_R[0]           ; Pass      ; Inapplicable ; Pass      ; Inapplicable ; Inapplicable ; Pass      ; Pass      ; Inapplicable ; Pass      ; Pass      ; Inapplicable ; Inapplicable ; Inapplicable ; Inapplicable ; Inapplicable ; Inapplicable ; Inapplicable ; Inapplicable ; Inapplicable ; Inapplicable ; Inapplicable ; Inapplicable ; Inapplicable ; Inapplicable ; Inapplicable ; Inapplicable ; Inapplicable ; Inapplicable ;
; VGA_R[1]           ; Pass      ; Inapplicable ; Pass      ; Inapplicable ; Inapplicable ; Pass      ; Pass      ; Inapplicable ; Pass      ; Pass      ; Inapplicable ; Inapplicable ; Inapplicable ; Inapplicable ; Inapplicable ; Inapplicable ; Inapplicable ; Inapplicable ; Inapplicable ; Inapplicable ; Inapplicable ; Inapplicable ; Inapplicable ; Inapplicable ; Inapplicable ; Inapplicable ; Inapplicable ; Inapplicable ;
; VGA_R[2]           ; Pass      ; Inapplicable ; Pass      ; Inapplicable ; Inapplicable ; Pass      ; Pass      ; Inapplicable ; Pass      ; Pass      ; Inapplicable ; Inapplicable ; Inapplicable ; Inapplicable ; Inapplicable ; Inapplicable ; Inapplicable ; Inapplicable ; Inapplicable ; Inapplicable ; Inapplicable ; Inapplicable ; Inapplicable ; Inapplicable ; Inapplicable ; Inapplicable ; Inapplicable ; Inapplicable ;
; VGA_R[3]           ; Pass      ; Inapplicable ; Pass      ; Inapplicable ; Inapplicable ; Pass      ; Pass      ; Inapplicable ; Pass      ; Pass      ; Inapplicable ; Inapplicable ; Inapplicable ; Inapplicable ; Inapplicable ; Inapplicable ; Inapplicable ; Inapplicable ; Inapplicable ; Inapplicable ; Inapplicable ; Inapplicable ; Inapplicable ; Inapplicable ; Inapplicable ; Inapplicable ; Inapplicable ; Inapplicable ;
; VGA_R[4]           ; Pass      ; Inapplicable ; Pass      ; Inapplicable ; Inapplicable ; Pass      ; Pass      ; Inapplicable ; Pass      ; Pass      ; Inapplicable ; Inapplicable ; Inapplicable ; Inapplicable ; Inapplicable ; Inapplicable ; Inapplicable ; Inapplicable ; Inapplicable ; Inapplicable ; Inapplicable ; Inapplicable ; Inapplicable ; Inapplicable ; Inapplicable ; Inapplicable ; Inapplicable ; Inapplicable ;
; VGA_R[5]           ; Pass      ; Inapplicable ; Pass      ; Inapplicable ; Inapplicable ; Pass      ; Pass      ; Inapplicable ; Pass      ; Pass      ; Inapplicable ; Inapplicable ; Inapplicable ; Inapplicable ; Inapplicable ; Inapplicable ; Inapplicable ; Inapplicable ; Inapplicable ; Inapplicable ; Inapplicable ; Inapplicable ; Inapplicable ; Inapplicable ; Inapplicable ; Inapplicable ; Inapplicable ; Inapplicable ;
; VGA_R[6]           ; Pass      ; Inapplicable ; Pass      ; Inapplicable ; Inapplicable ; Pass      ; Pass      ; Inapplicable ; Pass      ; Pass      ; Inapplicable ; Inapplicable ; Inapplicable ; Inapplicable ; Inapplicable ; Inapplicable ; Inapplicable ; Inapplicable ; Inapplicable ; Inapplicable ; Inapplicable ; Inapplicable ; Inapplicable ; Inapplicable ; Inapplicable ; Inapplicable ; Inapplicable ; Inapplicable ;
; VGA_R[7]           ; Pass      ; Inapplicable ; Pass      ; Inapplicable ; Inapplicable ; Pass      ; Pass      ; Inapplicable ; Pass      ; Pass      ; Inapplicable ; Inapplicable ; Inapplicable ; Inapplicable ; Inapplicable ; Inapplicable ; Inapplicable ; Inapplicable ; Inapplicable ; Inapplicable ; Inapplicable ; Inapplicable ; Inapplicable ; Inapplicable ; Inapplicable ; Inapplicable ; Inapplicable ; Inapplicable ;
; VGA_SYNC_N         ; Pass      ; Inapplicable ; Pass      ; Inapplicable ; Inapplicable ; Pass      ; Pass      ; Inapplicable ; Pass      ; Pass      ; Inapplicable ; Inapplicable ; Inapplicable ; Inapplicable ; Inapplicable ; Inapplicable ; Inapplicable ; Inapplicable ; Inapplicable ; Inapplicable ; Inapplicable ; Inapplicable ; Inapplicable ; Inapplicable ; Inapplicable ; Inapplicable ; Inapplicable ; Inapplicable ;
; VGA_VS             ; Pass      ; Inapplicable ; Pass      ; Inapplicable ; Inapplicable ; Pass      ; Pass      ; Inapplicable ; Pass      ; Pass      ; Inapplicable ; Inapplicable ; Inapplicable ; Inapplicable ; Inapplicable ; Inapplicable ; Inapplicable ; Inapplicable ; Inapplicable ; Inapplicable ; Inapplicable ; Inapplicable ; Inapplicable ; Inapplicable ; Inapplicable ; Inapplicable ; Inapplicable ; Inapplicable ;
; CAMERA_PWDN_n      ; Pass      ; Inapplicable ; Pass      ; Inapplicable ; Inapplicable ; Pass      ; Pass      ; Inapplicable ; Pass      ; Pass      ; Inapplicable ; Inapplicable ; Inapplicable ; Inapplicable ; Inapplicable ; Inapplicable ; Inapplicable ; Inapplicable ; Inapplicable ; Inapplicable ; Inapplicable ; Inapplicable ; Inapplicable ; Inapplicable ; Inapplicable ; Inapplicable ; Inapplicable ; Inapplicable ;
; MIPI_CS_n          ; Pass      ; Inapplicable ; Pass      ; Inapplicable ; Inapplicable ; Pass      ; Pass      ; Inapplicable ; Pass      ; Pass      ; Inapplicable ; Inapplicable ; Inapplicable ; Inapplicable ; Inapplicable ; Inapplicable ; Inapplicable ; Inapplicable ; Inapplicable ; Inapplicable ; Inapplicable ; Inapplicable ; Inapplicable ; Inapplicable ; Inapplicable ; Inapplicable ; Inapplicable ; Inapplicable ;
; MIPI_MCLK          ; Pass      ; Inapplicable ; Pass      ; Inapplicable ; Inapplicable ; Pass      ; Pass      ; Inapplicable ; Pass      ; Pass      ; Inapplicable ; Inapplicable ; Inapplicable ; Inapplicable ; Inapplicable ; Inapplicable ; Inapplicable ; Inapplicable ; Inapplicable ; Inapplicable ; Inapplicable ; Inapplicable ; Inapplicable ; Inapplicable ; Inapplicable ; Inapplicable ; Inapplicable ; Inapplicable ;
; MIPI_REFCLK        ; Pass      ; Inapplicable ; Pass      ; Inapplicable ; Inapplicable ; Pass      ; Pass      ; Inapplicable ; Pass      ; Pass      ; Inapplicable ; Inapplicable ; Inapplicable ; Inapplicable ; Inapplicable ; Inapplicable ; Inapplicable ; Inapplicable ; Inapplicable ; Inapplicable ; Inapplicable ; Inapplicable ; Inapplicable ; Inapplicable ; Inapplicable ; Inapplicable ; Inapplicable ; Inapplicable ;
; MIPI_RESET_n       ; Pass      ; Inapplicable ; Pass      ; Inapplicable ; Inapplicable ; Pass      ; Pass      ; Inapplicable ; Pass      ; Pass      ; Inapplicable ; Inapplicable ; Inapplicable ; Inapplicable ; Inapplicable ; Inapplicable ; Inapplicable ; Inapplicable ; Inapplicable ; Inapplicable ; Inapplicable ; Inapplicable ; Inapplicable ; Inapplicable ; Inapplicable ; Inapplicable ; Inapplicable ; Inapplicable ;
; CAMERA_I2C_SCL     ; Pass      ; Inapplicable ; Pass      ; Inapplicable ; Inapplicable ; Pass      ; Pass      ; Inapplicable ; Pass      ; Pass      ; Inapplicable ; Inapplicable ; Inapplicable ; Inapplicable ; Inapplicable ; Inapplicable ; Inapplicable ; Inapplicable ; Inapplicable ; Inapplicable ; Inapplicable ; Inapplicable ; Inapplicable ; Inapplicable ; Inapplicable ; Inapplicable ; Inapplicable ; Inapplicable ;
; CAMERA_I2C_SDA     ; Pass      ; Inapplicable ; Pass      ; Inapplicable ; Inapplicable ; Pass      ; Pass      ; Inapplicable ; Pass      ; Pass      ; Inapplicable ; Inapplicable ; Inapplicable ; Inapplicable ; Inapplicable ; Inapplicable ; Inapplicable ; Inapplicable ; Inapplicable ; Inapplicable ; Inapplicable ; Inapplicable ; Inapplicable ; Inapplicable ; Inapplicable ; Inapplicable ; Inapplicable ; Inapplicable ;
; MIPI_I2C_SCL       ; Pass      ; Inapplicable ; Pass      ; Inapplicable ; Inapplicable ; Pass      ; Pass      ; Inapplicable ; Pass      ; Pass      ; Inapplicable ; Inapplicable ; Inapplicable ; Inapplicable ; Inapplicable ; Inapplicable ; Inapplicable ; Inapplicable ; Inapplicable ; Inapplicable ; Inapplicable ; Inapplicable ; Inapplicable ; Inapplicable ; Inapplicable ; Inapplicable ; Inapplicable ; Inapplicable ;
; MIPI_I2C_SDA       ; Pass      ; Inapplicable ; Pass      ; Inapplicable ; Inapplicable ; Pass      ; Pass      ; Inapplicable ; Pass      ; Pass      ; Inapplicable ; Inapplicable ; Inapplicable ; Inapplicable ; Inapplicable ; Inapplicable ; Inapplicable ; Inapplicable ; Inapplicable ; Inapplicable ; Inapplicable ; Inapplicable ; Inapplicable ; Inapplicable ; Inapplicable ; Inapplicable ; Inapplicable ; Inapplicable ;
; KEY[0]             ; Pass      ; Inapplicable ; Pass      ; Inapplicable ; Inapplicable ; Pass      ; Pass      ; Inapplicable ; Pass      ; Pass      ; Inapplicable ; Inapplicable ; Inapplicable ; Inapplicable ; Inapplicable ; Inapplicable ; Inapplicable ; Inapplicable ; Inapplicable ; Inapplicable ; Inapplicable ; Inapplicable ; Inapplicable ; Inapplicable ; Inapplicable ; Inapplicable ; Inapplicable ; Inapplicable ;
; CLOCK2_50          ; Pass      ; Inapplicable ; Pass      ; Inapplicable ; Inapplicable ; Pass      ; Pass      ; Inapplicable ; Pass      ; Pass      ; Inapplicable ; Inapplicable ; Inapplicable ; Inapplicable ; Inapplicable ; Inapplicable ; Inapplicable ; Inapplicable ; Inapplicable ; Inapplicable ; Inapplicable ; Inapplicable ; Inapplicable ; Inapplicable ; Inapplicable ; Inapplicable ; Inapplicable ; Inapplicable ;
; MIPI_PIXEL_CLK     ; Pass      ; Inapplicable ; Pass      ; Inapplicable ; Inapplicable ; Pass      ; Pass      ; Inapplicable ; Pass      ; Pass      ; Inapplicable ; Inapplicable ; Inapplicable ; Inapplicable ; Inapplicable ; Inapplicable ; Inapplicable ; Inapplicable ; Inapplicable ; Inapplicable ; Inapplicable ; Inapplicable ; Inapplicable ; Inapplicable ; Inapplicable ; Inapplicable ; Inapplicable ; Inapplicable ;
; MIPI_PIXEL_HS      ; Pass      ; Inapplicable ; Pass      ; Inapplicable ; Inapplicable ; Pass      ; Pass      ; Inapplicable ; Pass      ; Pass      ; Inapplicable ; Inapplicable ; Inapplicable ; Inapplicable ; Inapplicable ; Inapplicable ; Inapplicable ; Inapplicable ; Inapplicable ; Inapplicable ; Inapplicable ; Inapplicable ; Inapplicable ; Inapplicable ; Inapplicable ; Inapplicable ; Inapplicable ; Inapplicable ;
; MIPI_PIXEL_VS      ; Pass      ; Inapplicable ; Pass      ; Inapplicable ; Inapplicable ; Pass      ; Pass      ; Inapplicable ; Pass      ; Pass      ; Inapplicable ; Inapplicable ; Inapplicable ; Inapplicable ; Inapplicable ; Inapplicable ; Inapplicable ; Inapplicable ; Inapplicable ; Inapplicable ; Inapplicable ; Inapplicable ; Inapplicable ; Inapplicable ; Inapplicable ; Inapplicable ; Inapplicable ; Inapplicable ;
; SW[1]              ; Pass      ; Inapplicable ; Pass      ; Inapplicable ; Inapplicable ; Pass      ; Pass      ; Inapplicable ; Pass      ; Pass      ; Inapplicable ; Inapplicable ; Inapplicable ; Inapplicable ; Inapplicable ; Inapplicable ; Inapplicable ; Inapplicable ; Inapplicable ; Inapplicable ; Inapplicable ; Inapplicable ; Inapplicable ; Inapplicable ; Inapplicable ; Inapplicable ; Inapplicable ; Inapplicable ;
; SW[3]              ; Pass      ; Inapplicable ; Pass      ; Inapplicable ; Inapplicable ; Pass      ; Pass      ; Inapplicable ; Pass      ; Pass      ; Inapplicable ; Inapplicable ; Inapplicable ; Inapplicable ; Inapplicable ; Inapplicable ; Inapplicable ; Inapplicable ; Inapplicable ; Inapplicable ; Inapplicable ; Inapplicable ; Inapplicable ; Inapplicable ; Inapplicable ; Inapplicable ; Inapplicable ; Inapplicable ;
; CLOCK4_50          ; Pass      ; Inapplicable ; Pass      ; Inapplicable ; Inapplicable ; Pass      ; Pass      ; Inapplicable ; Pass      ; Pass      ; Inapplicable ; Inapplicable ; Inapplicable ; Inapplicable ; Inapplicable ; Inapplicable ; Inapplicable ; Inapplicable ; Inapplicable ; Inapplicable ; Inapplicable ; Inapplicable ; Inapplicable ; Inapplicable ; Inapplicable ; Inapplicable ; Inapplicable ; Inapplicable ;
; CLOCK_50           ; Pass      ; Inapplicable ; Pass      ; Inapplicable ; Inapplicable ; Pass      ; Pass      ; Inapplicable ; Pass      ; Pass      ; Inapplicable ; Inapplicable ; Inapplicable ; Inapplicable ; Inapplicable ; Inapplicable ; Inapplicable ; Inapplicable ; Inapplicable ; Inapplicable ; Inapplicable ; Inapplicable ; Inapplicable ; Inapplicable ; Inapplicable ; Inapplicable ; Inapplicable ; Inapplicable ;
; SW[0]              ; Pass      ; Inapplicable ; Pass      ; Inapplicable ; Inapplicable ; Pass      ; Pass      ; Inapplicable ; Pass      ; Pass      ; Inapplicable ; Inapplicable ; Inapplicable ; Inapplicable ; Inapplicable ; Inapplicable ; Inapplicable ; Inapplicable ; Inapplicable ; Inapplicable ; Inapplicable ; Inapplicable ; Inapplicable ; Inapplicable ; Inapplicable ; Inapplicable ; Inapplicable ; Inapplicable ;
; MIPI_PIXEL_D[2]    ; Pass      ; Inapplicable ; Pass      ; Inapplicable ; Inapplicable ; Pass      ; Pass      ; Inapplicable ; Pass      ; Pass      ; Inapplicable ; Inapplicable ; Inapplicable ; Inapplicable ; Inapplicable ; Inapplicable ; Inapplicable ; Inapplicable ; Inapplicable ; Inapplicable ; Inapplicable ; Inapplicable ; Inapplicable ; Inapplicable ; Inapplicable ; Inapplicable ; Inapplicable ; Inapplicable ;
; MIPI_PIXEL_D[3]    ; Pass      ; Inapplicable ; Pass      ; Inapplicable ; Inapplicable ; Pass      ; Pass      ; Inapplicable ; Pass      ; Pass      ; Inapplicable ; Inapplicable ; Inapplicable ; Inapplicable ; Inapplicable ; Inapplicable ; Inapplicable ; Inapplicable ; Inapplicable ; Inapplicable ; Inapplicable ; Inapplicable ; Inapplicable ; Inapplicable ; Inapplicable ; Inapplicable ; Inapplicable ; Inapplicable ;
; MIPI_PIXEL_D[4]    ; Pass      ; Inapplicable ; Pass      ; Inapplicable ; Inapplicable ; Pass      ; Pass      ; Inapplicable ; Pass      ; Pass      ; Inapplicable ; Inapplicable ; Inapplicable ; Inapplicable ; Inapplicable ; Inapplicable ; Inapplicable ; Inapplicable ; Inapplicable ; Inapplicable ; Inapplicable ; Inapplicable ; Inapplicable ; Inapplicable ; Inapplicable ; Inapplicable ; Inapplicable ; Inapplicable ;
; MIPI_PIXEL_D[5]    ; Pass      ; Inapplicable ; Pass      ; Inapplicable ; Inapplicable ; Pass      ; Pass      ; Inapplicable ; Pass      ; Pass      ; Inapplicable ; Inapplicable ; Inapplicable ; Inapplicable ; Inapplicable ; Inapplicable ; Inapplicable ; Inapplicable ; Inapplicable ; Inapplicable ; Inapplicable ; Inapplicable ; Inapplicable ; Inapplicable ; Inapplicable ; Inapplicable ; Inapplicable ; Inapplicable ;
; MIPI_PIXEL_D[6]    ; Pass      ; Inapplicable ; Pass      ; Inapplicable ; Inapplicable ; Pass      ; Pass      ; Inapplicable ; Pass      ; Pass      ; Inapplicable ; Inapplicable ; Inapplicable ; Inapplicable ; Inapplicable ; Inapplicable ; Inapplicable ; Inapplicable ; Inapplicable ; Inapplicable ; Inapplicable ; Inapplicable ; Inapplicable ; Inapplicable ; Inapplicable ; Inapplicable ; Inapplicable ; Inapplicable ;
; MIPI_PIXEL_D[7]    ; Pass      ; Inapplicable ; Pass      ; Inapplicable ; Inapplicable ; Pass      ; Pass      ; Inapplicable ; Pass      ; Pass      ; Inapplicable ; Inapplicable ; Inapplicable ; Inapplicable ; Inapplicable ; Inapplicable ; Inapplicable ; Inapplicable ; Inapplicable ; Inapplicable ; Inapplicable ; Inapplicable ; Inapplicable ; Inapplicable ; Inapplicable ; Inapplicable ; Inapplicable ; Inapplicable ;
; MIPI_PIXEL_D[8]    ; Pass      ; Inapplicable ; Pass      ; Inapplicable ; Inapplicable ; Pass      ; Pass      ; Inapplicable ; Pass      ; Pass      ; Inapplicable ; Inapplicable ; Inapplicable ; Inapplicable ; Inapplicable ; Inapplicable ; Inapplicable ; Inapplicable ; Inapplicable ; Inapplicable ; Inapplicable ; Inapplicable ; Inapplicable ; Inapplicable ; Inapplicable ; Inapplicable ; Inapplicable ; Inapplicable ;
; MIPI_PIXEL_D[9]    ; Pass      ; Inapplicable ; Pass      ; Inapplicable ; Inapplicable ; Pass      ; Pass      ; Inapplicable ; Pass      ; Pass      ; Inapplicable ; Inapplicable ; Inapplicable ; Inapplicable ; Inapplicable ; Inapplicable ; Inapplicable ; Inapplicable ; Inapplicable ; Inapplicable ; Inapplicable ; Inapplicable ; Inapplicable ; Inapplicable ; Inapplicable ; Inapplicable ; Inapplicable ; Inapplicable ;
; MIPI_PIXEL_D[1]    ; Pass      ; Inapplicable ; Pass      ; Inapplicable ; Inapplicable ; Pass      ; Pass      ; Inapplicable ; Pass      ; Pass      ; Inapplicable ; Inapplicable ; Inapplicable ; Inapplicable ; Inapplicable ; Inapplicable ; Inapplicable ; Inapplicable ; Inapplicable ; Inapplicable ; Inapplicable ; Inapplicable ; Inapplicable ; Inapplicable ; Inapplicable ; Inapplicable ; Inapplicable ; Inapplicable ;
; KEY[3]             ; Pass      ; Inapplicable ; Pass      ; Inapplicable ; Inapplicable ; Pass      ; Pass      ; Inapplicable ; Pass      ; Pass      ; Inapplicable ; Inapplicable ; Inapplicable ; Inapplicable ; Inapplicable ; Inapplicable ; Inapplicable ; Inapplicable ; Inapplicable ; Inapplicable ; Inapplicable ; Inapplicable ; Inapplicable ; Inapplicable ; Inapplicable ; Inapplicable ; Inapplicable ; Inapplicable ;
; MIPI_PIXEL_D[0]    ; Pass      ; Inapplicable ; Pass      ; Inapplicable ; Inapplicable ; Pass      ; Pass      ; Inapplicable ; Pass      ; Pass      ; Inapplicable ; Inapplicable ; Inapplicable ; Inapplicable ; Inapplicable ; Inapplicable ; Inapplicable ; Inapplicable ; Inapplicable ; Inapplicable ; Inapplicable ; Inapplicable ; Inapplicable ; Inapplicable ; Inapplicable ; Inapplicable ; Inapplicable ; Inapplicable ;
+--------------------+-----------+--------------+-----------+--------------+--------------+-----------+-----------+--------------+-----------+-----------+--------------+--------------+--------------+--------------+--------------+--------------+--------------+--------------+--------------+--------------+--------------+--------------+--------------+--------------+--------------+--------------+--------------+--------------+


+------------------------------------------------------------------------------------------------+
; Fitter Device Options                                                                          ;
+------------------------------------------------------------------+-----------------------------+
; Option                                                           ; Setting                     ;
+------------------------------------------------------------------+-----------------------------+
; Enable user-supplied start-up clock (CLKUSR)                     ; Off                         ;
; Enable device-wide reset (DEV_CLRn)                              ; Off                         ;
; Enable device-wide output enable (DEV_OE)                        ; Off                         ;
; Enable INIT_DONE output                                          ; Off                         ;
; Configuration scheme                                             ; Passive Serial              ;
; Enable Error Detection CRC_ERROR pin                             ; Off                         ;
; Enable CvP_CONFDONE pin                                          ; Off                         ;
; Enable open drain on CRC_ERROR pin                               ; On                          ;
; Enable open drain on CvP_CONFDONE pin                            ; On                          ;
; Enable open drain on INIT_DONE pin                               ; On                          ;
; Enable open drain on Partial Reconfiguration pins                ; Off                         ;
; Enable open drain on nCEO pin                                    ; On                          ;
; Enable Partial Reconfiguration pins                              ; Off                         ;
; Enable input tri-state on active configuration pins in user mode ; Off                         ;
; Enable internal scrubbing                                        ; Off                         ;
; Active Serial clock source                                       ; 100 MHz Internal Oscillator ;
; Device initialization clock source                               ; Internal Oscillator         ;
; Configuration via Protocol                                       ; Off                         ;
; Configuration Voltage Level                                      ; Auto                        ;
; Force Configuration Voltage Level                                ; Off                         ;
; Enable nCEO output                                               ; Off                         ;
; Data[15..8]                                                      ; Unreserved                  ;
; Data[7..5]                                                       ; Unreserved                  ;
; Base pin-out file on sameframe device                            ; Off                         ;
+------------------------------------------------------------------+-----------------------------+


+------------------------------------+
; Operating Settings and Conditions  ;
+---------------------------+--------+
; Setting                   ; Value  ;
+---------------------------+--------+
; Nominal Core Voltage      ; 1.10 V ;
; Low Junction Temperature  ; 0 °C   ;
; High Junction Temperature ; 85 °C  ;
+---------------------------+--------+


+------------------------------------------------------------+
; Estimated Delay Added for Hold Timing Summary              ;
+-----------------+----------------------+-------------------+
; Source Clock(s) ; Destination Clock(s) ; Delay Added in ns ;
+-----------------+----------------------+-------------------+
; I/O             ; MIPI_PIXEL_CLK       ; 1145.9            ;
; CLOCK2_50       ; MIPI_PIXEL_CLK       ; 34.2              ;
+-----------------+----------------------+-------------------+
Note: For more information on problematic transfers, consider running the Fitter again with the Optimize hold timing option (Settings Menu) turned off.
This will disable optimization of problematic paths and expose them for further analysis using the Timing Analyzer.


+---------------------------------------------------------------------------------------------------------------------------------------------------------------------------------------------------------------------------------+
; Estimated Delay Added for Hold Timing Details                                                                                                                                                                                   ;
+------------------------------------------------------+------------------------------------------------------------------------------------------------------------------------------------------------------+-------------------+
; Source Register                                      ; Destination Register                                                                                                                                 ; Delay Added in ns ;
+------------------------------------------------------+------------------------------------------------------------------------------------------------------------------------------------------------------+-------------------+
; RESET_DELAY:u2|oREADY                                ; D8M_SET:ccd|D8M_WRITE_COUNTER:u3|Pre_FVAL~_emulated                                                                                                  ; 6.377             ;
; MIPI_PIXEL_D[5]                                      ; D8M_SET:ccd|RAW2RGB_L:u4|Line_Buffer_J:u0|int_line:d1|altsyncram:altsyncram_component|altsyncram_iup1:auto_generated|ram_block1a5~porta_datain_reg0  ; 5.776             ;
; MIPI_PIXEL_D[1]                                      ; D8M_SET:ccd|RAW2RGB_L:u4|Line_Buffer_J:u0|int_line:d1|altsyncram:altsyncram_component|altsyncram_iup1:auto_generated|ram_block1a1~porta_datain_reg0  ; 5.635             ;
; MIPI_PIXEL_D[7]                                      ; D8M_SET:ccd|RAW2RGB_L:u4|Line_Buffer_J:u0|int_line:d1|altsyncram:altsyncram_component|altsyncram_iup1:auto_generated|ram_block1a7~porta_datain_reg0  ; 5.382             ;
; MIPI_PIXEL_VS                                        ; D8M_SET:ccd|D8M_WRITE_COUNTER:u3|Pre_FVAL~_emulated                                                                                                  ; 5.375             ;
; MIPI_PIXEL_D[0]                                      ; D8M_SET:ccd|RAW2RGB_L:u4|Line_Buffer_J:u0|int_line:d3|altsyncram:altsyncram_component|altsyncram_iup1:auto_generated|ram_block1a0~porta_datain_reg0  ; 4.403             ;
; MIPI_PIXEL_D[8]                                      ; D8M_SET:ccd|RAW2RGB_L:u4|Line_Buffer_J:u0|int_line:d3|altsyncram:altsyncram_component|altsyncram_iup1:auto_generated|ram_block1a8~porta_datain_reg0  ; 4.396             ;
; MIPI_PIXEL_D[2]                                      ; D8M_SET:ccd|RAW2RGB_L:u4|Line_Buffer_J:u0|int_line:d3|altsyncram:altsyncram_component|altsyncram_iup1:auto_generated|ram_block1a2~porta_datain_reg0  ; 4.345             ;
; MIPI_PIXEL_D[4]                                      ; D8M_SET:ccd|RAW2RGB_L:u4|Line_Buffer_J:u0|int_line:d2|altsyncram:altsyncram_component|altsyncram_iup1:auto_generated|ram_block1a4~porta_datain_reg0  ; 4.340             ;
; MIPI_PIXEL_HS                                        ; D8M_SET:ccd|D8M_WRITE_COUNTER:u3|Pre_LVAL~_emulated                                                                                                  ; 4.274             ;
; MIPI_PIXEL_D[9]                                      ; D8M_SET:ccd|RAW2RGB_L:u4|Line_Buffer_J:u0|int_line:d1|altsyncram:altsyncram_component|altsyncram_iup1:auto_generated|ram_block1a9~porta_datain_reg0  ; 4.147             ;
; MIPI_PIXEL_D[3]                                      ; D8M_SET:ccd|RAW2RGB_L:u4|Line_Buffer_J:u0|int_line:d1|altsyncram:altsyncram_component|altsyncram_iup1:auto_generated|ram_block1a3~porta_datain_reg0  ; 4.076             ;
; MIPI_PIXEL_D[6]                                      ; D8M_SET:ccd|RAW2RGB_L:u4|Line_Buffer_J:u0|int_line:d2|altsyncram:altsyncram_component|altsyncram_iup1:auto_generated|ram_block1a6~porta_datain_reg0  ; 4.019             ;
; D8M_SET:ccd|D8M_WRITE_COUNTER:u3|Pre_FVAL~1          ; D8M_SET:ccd|D8M_WRITE_COUNTER:u3|X_Cont[7]                                                                                                           ; 3.748             ;
; D8M_SET:ccd|D8M_WRITE_COUNTER:u3|Pre_FVAL~_emulated  ; D8M_SET:ccd|D8M_WRITE_COUNTER:u3|X_Cont[7]                                                                                                           ; 3.748             ;
; D8M_SET:ccd|D8M_WRITE_COUNTER:u3|Pre_LVAL~1          ; D8M_SET:ccd|D8M_WRITE_COUNTER:u3|Y_Cont[10]                                                                                                          ; 3.549             ;
; D8M_SET:ccd|D8M_WRITE_COUNTER:u3|Pre_LVAL~_emulated  ; D8M_SET:ccd|D8M_WRITE_COUNTER:u3|Y_Cont[10]                                                                                                          ; 3.549             ;
; D8M_SET:ccd|D8M_WRITE_COUNTER:u3|Y_Cont[14]          ; D8M_SET:ccd|D8M_WRITE_COUNTER:u3|Y_Cont[10]                                                                                                          ; 2.583             ;
; D8M_SET:ccd|D8M_WRITE_COUNTER:u3|Y_Cont[15]          ; D8M_SET:ccd|D8M_WRITE_COUNTER:u3|Y_Cont[10]                                                                                                          ; 2.583             ;
; D8M_SET:ccd|D8M_WRITE_COUNTER:u3|Y_Cont[13]          ; D8M_SET:ccd|D8M_WRITE_COUNTER:u3|Y_Cont[10]                                                                                                          ; 2.583             ;
; D8M_SET:ccd|D8M_WRITE_COUNTER:u3|Y_Cont[12]          ; D8M_SET:ccd|D8M_WRITE_COUNTER:u3|Y_Cont[10]                                                                                                          ; 2.583             ;
; D8M_SET:ccd|D8M_WRITE_COUNTER:u3|Y_Cont[11]          ; D8M_SET:ccd|D8M_WRITE_COUNTER:u3|Y_Cont[10]                                                                                                          ; 2.583             ;
; D8M_SET:ccd|D8M_WRITE_COUNTER:u3|Y_Cont[9]           ; D8M_SET:ccd|D8M_WRITE_COUNTER:u3|Y_Cont[10]                                                                                                          ; 2.583             ;
; D8M_SET:ccd|D8M_WRITE_COUNTER:u3|Y_Cont[8]           ; D8M_SET:ccd|D8M_WRITE_COUNTER:u3|Y_Cont[10]                                                                                                          ; 2.583             ;
; D8M_SET:ccd|D8M_WRITE_COUNTER:u3|Y_Cont[7]           ; D8M_SET:ccd|D8M_WRITE_COUNTER:u3|Y_Cont[10]                                                                                                          ; 2.583             ;
; D8M_SET:ccd|D8M_WRITE_COUNTER:u3|Y_Cont[6]           ; D8M_SET:ccd|D8M_WRITE_COUNTER:u3|Y_Cont[10]                                                                                                          ; 2.583             ;
; D8M_SET:ccd|D8M_WRITE_COUNTER:u3|Y_Cont[5]           ; D8M_SET:ccd|D8M_WRITE_COUNTER:u3|Y_Cont[10]                                                                                                          ; 2.583             ;
; D8M_SET:ccd|D8M_WRITE_COUNTER:u3|Y_Cont[4]           ; D8M_SET:ccd|D8M_WRITE_COUNTER:u3|Y_Cont[10]                                                                                                          ; 2.583             ;
; D8M_SET:ccd|D8M_WRITE_COUNTER:u3|Y_Cont[3]           ; D8M_SET:ccd|D8M_WRITE_COUNTER:u3|Y_Cont[10]                                                                                                          ; 2.583             ;
; D8M_SET:ccd|D8M_WRITE_COUNTER:u3|Y_Cont[2]           ; D8M_SET:ccd|D8M_WRITE_COUNTER:u3|Y_Cont[10]                                                                                                          ; 2.583             ;
; D8M_SET:ccd|D8M_WRITE_COUNTER:u3|Y_Cont[1]           ; D8M_SET:ccd|D8M_WRITE_COUNTER:u3|Y_Cont[10]                                                                                                          ; 2.583             ;
; D8M_SET:ccd|D8M_WRITE_COUNTER:u3|Y_Cont[0]           ; D8M_SET:ccd|D8M_WRITE_COUNTER:u3|Y_Cont[10]                                                                                                          ; 2.583             ;
; D8M_SET:ccd|D8M_WRITE_COUNTER:u3|Y_Cont[10]          ; D8M_SET:ccd|D8M_WRITE_COUNTER:u3|Y_Cont[10]                                                                                                          ; 2.583             ;
; D8M_SET:ccd|D8M_WRITE_COUNTER:u3|X_Cont[15]          ; D8M_SET:ccd|D8M_WRITE_COUNTER:u3|Y_Cont[10]                                                                                                          ; 2.583             ;
; D8M_SET:ccd|D8M_WRITE_COUNTER:u3|X_Cont[14]          ; D8M_SET:ccd|D8M_WRITE_COUNTER:u3|Y_Cont[10]                                                                                                          ; 2.583             ;
; D8M_SET:ccd|D8M_WRITE_COUNTER:u3|X_Cont[13]          ; D8M_SET:ccd|D8M_WRITE_COUNTER:u3|Y_Cont[10]                                                                                                          ; 2.583             ;
; D8M_SET:ccd|D8M_WRITE_COUNTER:u3|X_Cont[12]          ; D8M_SET:ccd|D8M_WRITE_COUNTER:u3|Y_Cont[10]                                                                                                          ; 2.583             ;
; D8M_SET:ccd|D8M_WRITE_COUNTER:u3|X_Cont[11]          ; D8M_SET:ccd|D8M_WRITE_COUNTER:u3|Y_Cont[10]                                                                                                          ; 2.583             ;
; D8M_SET:ccd|D8M_WRITE_COUNTER:u3|X_Cont[9]           ; D8M_SET:ccd|D8M_WRITE_COUNTER:u3|Y_Cont[10]                                                                                                          ; 2.583             ;
; D8M_SET:ccd|D8M_WRITE_COUNTER:u3|X_Cont[8]           ; D8M_SET:ccd|D8M_WRITE_COUNTER:u3|Y_Cont[10]                                                                                                          ; 2.583             ;
; D8M_SET:ccd|D8M_WRITE_COUNTER:u3|X_Cont[10]          ; D8M_SET:ccd|D8M_WRITE_COUNTER:u3|Y_Cont[10]                                                                                                          ; 2.583             ;
; D8M_SET:ccd|D8M_WRITE_COUNTER:u3|X_Cont[5]           ; D8M_SET:ccd|D8M_WRITE_COUNTER:u3|Y_Cont[10]                                                                                                          ; 2.583             ;
; D8M_SET:ccd|D8M_WRITE_COUNTER:u3|X_Cont[4]           ; D8M_SET:ccd|D8M_WRITE_COUNTER:u3|Y_Cont[10]                                                                                                          ; 2.583             ;
; D8M_SET:ccd|D8M_WRITE_COUNTER:u3|X_Cont[3]           ; D8M_SET:ccd|D8M_WRITE_COUNTER:u3|Y_Cont[10]                                                                                                          ; 2.583             ;
; D8M_SET:ccd|D8M_WRITE_COUNTER:u3|X_Cont[6]           ; D8M_SET:ccd|D8M_WRITE_COUNTER:u3|Y_Cont[10]                                                                                                          ; 2.583             ;
; D8M_SET:ccd|D8M_WRITE_COUNTER:u3|X_Cont[2]           ; D8M_SET:ccd|D8M_WRITE_COUNTER:u3|Y_Cont[10]                                                                                                          ; 2.583             ;
; D8M_SET:ccd|D8M_WRITE_COUNTER:u3|X_Cont[1]           ; D8M_SET:ccd|D8M_WRITE_COUNTER:u3|Y_Cont[10]                                                                                                          ; 2.583             ;
; D8M_SET:ccd|D8M_WRITE_COUNTER:u3|X_Cont[0]           ; D8M_SET:ccd|D8M_WRITE_COUNTER:u3|Y_Cont[10]                                                                                                          ; 2.583             ;
; D8M_SET:ccd|D8M_WRITE_COUNTER:u3|X_Cont[7]           ; D8M_SET:ccd|D8M_WRITE_COUNTER:u3|Y_Cont[10]                                                                                                          ; 2.583             ;
; D8M_SET:ccd|RAW2RGB_L:u4|Line_Buffer_J:u0|WR[1]      ; D8M_SET:ccd|RAW2RGB_L:u4|Line_Buffer_J:u0|int_line:d3|altsyncram:altsyncram_component|altsyncram_iup1:auto_generated|ram_block1a3~porta_we_reg       ; 1.344             ;
; D8M_SET:ccd|RAW2RGB_L:u4|Line_Buffer_J:u0|WR[0]      ; D8M_SET:ccd|RAW2RGB_L:u4|Line_Buffer_J:u0|int_line:d3|altsyncram:altsyncram_component|altsyncram_iup1:auto_generated|ram_block1a3~porta_we_reg       ; 1.344             ;
; RESET_DELAY:u2|Cont[1]                               ; RESET_DELAY:u2|Cont[31]                                                                                                                              ; 0.506             ;
; RESET_DELAY:u2|Cont[23]                              ; RESET_DELAY:u2|oREADY                                                                                                                                ; 0.374             ;
; CLOCKMEM:ck3|CLK_DELAY[22]                           ; CLOCKMEM:ck3|CK_1HZ                                                                                                                                  ; 0.350             ;
; FpsMonitor:uFps2|rfps_l[1]                           ; FpsMonitor:uFps2|rfps_l[3]                                                                                                                           ; 0.342             ;
; FpsMonitor:uFps2|rfps_l[3]                           ; FpsMonitor:uFps2|rfps_l[1]                                                                                                                           ; 0.337             ;
; FpsMonitor:uFps2|rfps_l[0]                           ; FpsMonitor:uFps2|rfps_l[1]                                                                                                                           ; 0.336             ;
; CLOCKMEM:ck3|CLK_DELAY[30]                           ; CLOCKMEM:ck3|CK_1HZ                                                                                                                                  ; 0.319             ;
; CLOCKMEM:ck3|CLK_DELAY[29]                           ; CLOCKMEM:ck3|CK_1HZ                                                                                                                                  ; 0.319             ;
; CLOCKMEM:ck3|CLK_DELAY[31]                           ; CLOCKMEM:ck3|CK_1HZ                                                                                                                                  ; 0.319             ;
; CLOCKMEM:ck3|CLK_DELAY[27]                           ; CLOCKMEM:ck3|CK_1HZ                                                                                                                                  ; 0.319             ;
; CLOCKMEM:ck3|CLK_DELAY[26]                           ; CLOCKMEM:ck3|CK_1HZ                                                                                                                                  ; 0.319             ;
; CLOCKMEM:ck3|CLK_DELAY[28]                           ; CLOCKMEM:ck3|CK_1HZ                                                                                                                                  ; 0.319             ;
; CLOCKMEM:ck3|CLK_DELAY[24]                           ; CLOCKMEM:ck3|CK_1HZ                                                                                                                                  ; 0.319             ;
; CLOCKMEM:ck3|CLK_DELAY[25]                           ; CLOCKMEM:ck3|CK_1HZ                                                                                                                                  ; 0.319             ;
; FpsMonitor:uFps2|rfps_l[2]                           ; FpsMonitor:uFps2|rfps_l[3]                                                                                                                           ; 0.304             ;
; CLOCKMEM:ck3|CLK_DELAY[23]                           ; CLOCKMEM:ck3|CK_1HZ                                                                                                                                  ; 0.301             ;
; RESET_DELAY:u2|Cont[31]                              ; RESET_DELAY:u2|oREADY                                                                                                                                ; 0.293             ;
; RESET_DELAY:u2|Cont[29]                              ; RESET_DELAY:u2|oREADY                                                                                                                                ; 0.276             ;
; RESET_DELAY:u2|Cont[27]                              ; RESET_DELAY:u2|oREADY                                                                                                                                ; 0.272             ;
; RESET_DELAY:u2|Cont[26]                              ; RESET_DELAY:u2|oREADY                                                                                                                                ; 0.272             ;
; RESET_DELAY:u2|Cont[25]                              ; RESET_DELAY:u2|oREADY                                                                                                                                ; 0.272             ;
; RESET_DELAY:u2|Cont[24]                              ; RESET_DELAY:u2|oREADY                                                                                                                                ; 0.272             ;
; FOCUS_ADJ:adl|VCM_I2C:i2c2|CLOCKMEM:c1|CLK_DELAY[27] ; FOCUS_ADJ:adl|VCM_I2C:i2c2|CLOCKMEM:c1|CK_1HZ                                                                                                        ; 0.254             ;
; FOCUS_ADJ:adl|VCM_I2C:i2c2|CLOCKMEM:c1|CLK_DELAY[26] ; FOCUS_ADJ:adl|VCM_I2C:i2c2|CLOCKMEM:c1|CK_1HZ                                                                                                        ; 0.254             ;
; FOCUS_ADJ:adl|VCM_I2C:i2c2|CLOCKMEM:c1|CLK_DELAY[25] ; FOCUS_ADJ:adl|VCM_I2C:i2c2|CLOCKMEM:c1|CK_1HZ                                                                                                        ; 0.254             ;
; FOCUS_ADJ:adl|VCM_I2C:i2c2|CLOCKMEM:c1|CLK_DELAY[24] ; FOCUS_ADJ:adl|VCM_I2C:i2c2|CLOCKMEM:c1|CK_1HZ                                                                                                        ; 0.254             ;
; FOCUS_ADJ:adl|VCM_I2C:i2c2|CLOCKMEM:c1|CLK_DELAY[10] ; FOCUS_ADJ:adl|VCM_I2C:i2c2|CLOCKMEM:c1|CK_1HZ                                                                                                        ; 0.254             ;
; FOCUS_ADJ:adl|VCM_I2C:i2c2|CLOCKMEM:c1|CLK_DELAY[9]  ; FOCUS_ADJ:adl|VCM_I2C:i2c2|CLOCKMEM:c1|CK_1HZ                                                                                                        ; 0.254             ;
; D8M_SET:ccd|D8M_WRITE_COUNTER:u3|X_WR_CNT[3]         ; D8M_SET:ccd|RAW2RGB_L:u4|Line_Buffer_J:u0|int_line:d1|altsyncram:altsyncram_component|altsyncram_iup1:auto_generated|ram_block1a5~porta_address_reg0 ; 0.251             ;
; D8M_SET:ccd|D8M_WRITE_COUNTER:u3|X_WR_CNT[2]         ; D8M_SET:ccd|RAW2RGB_L:u4|Line_Buffer_J:u0|int_line:d1|altsyncram:altsyncram_component|altsyncram_iup1:auto_generated|ram_block1a5~porta_address_reg0 ; 0.251             ;
; D8M_SET:ccd|D8M_WRITE_COUNTER:u3|X_WR_CNT[0]         ; D8M_SET:ccd|RAW2RGB_L:u4|Line_Buffer_J:u0|int_line:d1|altsyncram:altsyncram_component|altsyncram_iup1:auto_generated|ram_block1a5~porta_address_reg0 ; 0.246             ;
; D8M_SET:ccd|D8M_WRITE_COUNTER:u3|X_WR_CNT[5]         ; D8M_SET:ccd|RAW2RGB_L:u4|Line_Buffer_J:u0|int_line:d1|altsyncram:altsyncram_component|altsyncram_iup1:auto_generated|ram_block1a5~porta_address_reg0 ; 0.215             ;
; D8M_SET:ccd|D8M_WRITE_COUNTER:u3|X_WR_CNT[4]         ; D8M_SET:ccd|RAW2RGB_L:u4|Line_Buffer_J:u0|int_line:d1|altsyncram:altsyncram_component|altsyncram_iup1:auto_generated|ram_block1a5~porta_address_reg0 ; 0.215             ;
; CLOCKMEM:ck2|CLK_DELAY[23]                           ; CLOCKMEM:ck2|CK_1HZ                                                                                                                                  ; 0.210             ;
; D8M_SET:ccd|D8M_WRITE_COUNTER:u3|X_WR_CNT[7]         ; D8M_SET:ccd|RAW2RGB_L:u4|Line_Buffer_J:u0|int_line:d1|altsyncram:altsyncram_component|altsyncram_iup1:auto_generated|ram_block1a5~porta_address_reg0 ; 0.210             ;
; D8M_SET:ccd|D8M_WRITE_COUNTER:u3|X_WR_CNT[6]         ; D8M_SET:ccd|RAW2RGB_L:u4|Line_Buffer_J:u0|int_line:d1|altsyncram:altsyncram_component|altsyncram_iup1:auto_generated|ram_block1a5~porta_address_reg0 ; 0.210             ;
; D8M_SET:ccd|D8M_WRITE_COUNTER:u3|X_WR_CNT[9]         ; D8M_SET:ccd|RAW2RGB_L:u4|Line_Buffer_J:u0|int_line:d1|altsyncram:altsyncram_component|altsyncram_iup1:auto_generated|ram_block1a5~porta_address_reg0 ; 0.206             ;
; D8M_SET:ccd|D8M_WRITE_COUNTER:u3|X_WR_CNT[8]         ; D8M_SET:ccd|RAW2RGB_L:u4|Line_Buffer_J:u0|int_line:d1|altsyncram:altsyncram_component|altsyncram_iup1:auto_generated|ram_block1a5~porta_address_reg0 ; 0.206             ;
; D8M_SET:ccd|D8M_WRITE_COUNTER:u3|X_WR_CNT[10]        ; D8M_SET:ccd|RAW2RGB_L:u4|Line_Buffer_J:u0|int_line:d1|altsyncram:altsyncram_component|altsyncram_iup1:auto_generated|ram_block1a5~porta_address_reg0 ; 0.202             ;
; D8M_SET:ccd|D8M_WRITE_COUNTER:u3|X_WR_CNT[11]        ; D8M_SET:ccd|RAW2RGB_L:u4|Line_Buffer_J:u0|int_line:d1|altsyncram:altsyncram_component|altsyncram_iup1:auto_generated|ram_block1a5~porta_address_reg0 ; 0.202             ;
; D8M_SET:ccd|D8M_WRITE_COUNTER:u3|X_WR_CNT[1]         ; D8M_SET:ccd|RAW2RGB_L:u4|Line_Buffer_J:u0|int_line:d1|altsyncram:altsyncram_component|altsyncram_iup1:auto_generated|ram_block1a5~porta_address_reg0 ; 0.198             ;
; FOCUS_ADJ:adl|VCM_I2C:i2c2|CLOCKMEM:c1|CLK_DELAY[22] ; FOCUS_ADJ:adl|VCM_I2C:i2c2|CLOCKMEM:c1|CK_1HZ                                                                                                        ; 0.178             ;
; FOCUS_ADJ:adl|VCM_I2C:i2c2|CLOCKMEM:c1|CLK_DELAY[21] ; FOCUS_ADJ:adl|VCM_I2C:i2c2|CLOCKMEM:c1|CK_1HZ                                                                                                        ; 0.178             ;
; FOCUS_ADJ:adl|VCM_I2C:i2c2|CLOCKMEM:c1|CLK_DELAY[20] ; FOCUS_ADJ:adl|VCM_I2C:i2c2|CLOCKMEM:c1|CK_1HZ                                                                                                        ; 0.178             ;
; FOCUS_ADJ:adl|VCM_I2C:i2c2|CLOCKMEM:c1|CLK_DELAY[19] ; FOCUS_ADJ:adl|VCM_I2C:i2c2|CLOCKMEM:c1|CK_1HZ                                                                                                        ; 0.178             ;
; FOCUS_ADJ:adl|VCM_I2C:i2c2|CLOCKMEM:c1|CLK_DELAY[18] ; FOCUS_ADJ:adl|VCM_I2C:i2c2|CLOCKMEM:c1|CK_1HZ                                                                                                        ; 0.178             ;
; FOCUS_ADJ:adl|VCM_I2C:i2c2|CLOCKMEM:c1|CLK_DELAY[17] ; FOCUS_ADJ:adl|VCM_I2C:i2c2|CLOCKMEM:c1|CK_1HZ                                                                                                        ; 0.178             ;
; RESET_DELAY:u2|Cont[30]                              ; RESET_DELAY:u2|oREADY                                                                                                                                ; 0.172             ;
; CLOCKMEM:ck2|CLK_DELAY[22]                           ; CLOCKMEM:ck2|CK_1HZ                                                                                                                                  ; 0.172             ;
+------------------------------------------------------+------------------------------------------------------------------------------------------------------------------------------------------------------+-------------------+
Note: This table only shows the top 100 path(s) that have the largest delay added for hold.


+-----------------+
; Fitter Messages ;
+-----------------+
Warning (18236): Number of processors has not been specified which may cause overloading on shared machines.  Set the global assignment NUM_PARALLEL_PROCESSORS in your QSF to an appropriate value for best performance.
Info (20030): Parallel compilation is enabled and will use 12 of the 12 processors detected
Info (119006): Selected device 5CSEMA5F31C6 for design "DE1_SOC_D8M_LB_RTL"
Info (21077): Low junction temperature is 0 degrees C
Info (21077): High junction temperature is 85 degrees C
Warning: RST port on the PLL is not properly connected on instance vga_pll:pllv|vga_pll_0002:vga_pll_inst|altera_pll:altera_pll_i|general[0].gpll. The reset port on the PLL should be connected. If the PLL loses lock for any reason, you might need to manually reset the PLL in order to re-establish lock to the reference clock. File: c:/intelfpga/19.1/quartus/libraries/megafunctions/altera_pll.v Line: 749
    Info: Must be connected
Warning (21300): LOCKED port on the PLL is not properly connected on instance "vga_pll:pllv|vga_pll_0002:vga_pll_inst|altera_pll:altera_pll_i|general[0].gpll". The LOCKED port on the PLL should be connected when the FBOUTCLK port is connected. Although it is unnecessary to connect the LOCKED signal, any logic driven off of an output clock of the PLL will not know when the PLL is locked and ready.
Warning: RST port on the PLL is not properly connected on instance pll_test:ref|pll_test_0002:pll_test_inst|altera_pll:altera_pll_i|general[0].gpll. The reset port on the PLL should be connected. If the PLL loses lock for any reason, you might need to manually reset the PLL in order to re-establish lock to the reference clock. File: c:/intelfpga/19.1/quartus/libraries/megafunctions/altera_pll.v Line: 749
    Info: Must be connected
Warning (21300): LOCKED port on the PLL is not properly connected on instance "pll_test:ref|pll_test_0002:pll_test_inst|altera_pll:altera_pll_i|general[0].gpll". The LOCKED port on the PLL should be connected when the FBOUTCLK port is connected. Although it is unnecessary to connect the LOCKED signal, any logic driven off of an output clock of the PLL will not know when the PLL is locked and ready.
Info (171003): Fitter is performing an Auto Fit compilation, which may decrease Fitter effort to reduce compilation time
Warning (15714): Some pins have incomplete I/O assignments. Refer to the I/O Assignment Warnings report for details
Info (176045): Design uses memory blocks. Violating setup or hold times of memory block address registers for either read or write operations could cause memory contents to be corrupted. Make sure that all memory block address registers meet the setup and hold time requirements.
Info (184020): Starting Fitter periphery placement operations
Info (11178): Promoted 2 clocks (2 global)
    Info (11162): vga_pll:pllv|vga_pll_0002:vga_pll_inst|altera_pll:altera_pll_i|outclk_wire[0]~CLKENA0 with 443 fanout uses global clock CLKCTRL_G12
    Info (11162): pll_test:ref|pll_test_0002:pll_test_inst|altera_pll:altera_pll_i|outclk_wire[0]~CLKENA0 with 34 fanout uses global clock CLKCTRL_G6
Info (11191): Automatically promoted 3 clocks (3 global)
    Info (11162): MIPI_PIXEL_CLK~inputCLKENA0 with 109 fanout uses global clock CLKCTRL_G9
        Info (12525): This signal is driven by core routing -- it may be moved during placement to reduce routing delays
    Info (11162): CLOCK2_50~inputCLKENA0 with 109 fanout uses global clock CLKCTRL_G7
    Info (11162): MIPI_PIXEL_HS~inputCLKENA0 with 2 fanout uses global clock CLKCTRL_G5
        Info (12525): This signal is driven by core routing -- it may be moved during placement to reduce routing delays
Warning (16406): 2 global input pin(s) will use non-dedicated clock routing
    Warning (16407): Source REFCLK I/O is not placed onto a dedicated REFCLK input pin for global clock driver MIPI_PIXEL_CLK~inputCLKENA0, placed at CLKCTRL_G9
        Info (179012): Refclk input I/O pad MIPI_PIXEL_CLK is placed onto PIN_AA21
    Warning (16407): Source REFCLK I/O is not placed onto a dedicated REFCLK input pin for global clock driver MIPI_PIXEL_HS~inputCLKENA0, placed at CLKCTRL_G5
        Info (179012): Refclk input I/O pad MIPI_PIXEL_HS is placed onto PIN_AK24
Info (184021): Fitter periphery placement operations ending: elapsed time is 00:00:00
Warning (335093): The Timing Analyzer is analyzing 14 combinational loops as latches. For more details, run the Check Timing command in the Timing Analyzer or view the "User-Specified and Inferred Latches" table in the Analysis & Synthesis report.
Info (332104): Reading SDC File: '//10.0.0.35/School/2025-2026/Senior Design/Labs/lab5/part 3/DE1_SOC_D8M_LB_RTL.SDC'
Warning (332174): Ignored filter at DE1_SOC_D8M_LB_RTL.SDC(16): altera_reserved_tck could not be matched with a port or pin or register or keeper or net or combinational node or node File: //10.0.0.35/School/2025-2026/Senior Design/Labs/lab5/part 3/DE1_SOC_D8M_LB_RTL.SDC Line: 16
Warning (332049): Ignored create_clock at DE1_SOC_D8M_LB_RTL.SDC(16): Argument <targets> is not an object ID File: //10.0.0.35/School/2025-2026/Senior Design/Labs/lab5/part 3/DE1_SOC_D8M_LB_RTL.SDC Line: 16
    Info (332050): create_clock -name {altera_reserved_tck} -period 40 {altera_reserved_tck} File: //10.0.0.35/School/2025-2026/Senior Design/Labs/lab5/part 3/DE1_SOC_D8M_LB_RTL.SDC Line: 16
Warning (332174): Ignored filter at DE1_SOC_D8M_LB_RTL.SDC(17): altera_reserved_tdi could not be matched with a port File: //10.0.0.35/School/2025-2026/Senior Design/Labs/lab5/part 3/DE1_SOC_D8M_LB_RTL.SDC Line: 17
Warning (332174): Ignored filter at DE1_SOC_D8M_LB_RTL.SDC(17): altera_reserved_tck could not be matched with a clock File: //10.0.0.35/School/2025-2026/Senior Design/Labs/lab5/part 3/DE1_SOC_D8M_LB_RTL.SDC Line: 17
Warning (332049): Ignored set_input_delay at DE1_SOC_D8M_LB_RTL.SDC(17): Argument <targets> is an empty collection File: //10.0.0.35/School/2025-2026/Senior Design/Labs/lab5/part 3/DE1_SOC_D8M_LB_RTL.SDC Line: 17
    Info (332050): set_input_delay -clock altera_reserved_tck -clock_fall 3 [get_ports altera_reserved_tdi] File: //10.0.0.35/School/2025-2026/Senior Design/Labs/lab5/part 3/DE1_SOC_D8M_LB_RTL.SDC Line: 17
Warning (332049): Ignored set_input_delay at DE1_SOC_D8M_LB_RTL.SDC(17): Argument -clock is not an object ID File: //10.0.0.35/School/2025-2026/Senior Design/Labs/lab5/part 3/DE1_SOC_D8M_LB_RTL.SDC Line: 17
Warning (332174): Ignored filter at DE1_SOC_D8M_LB_RTL.SDC(18): altera_reserved_tms could not be matched with a port File: //10.0.0.35/School/2025-2026/Senior Design/Labs/lab5/part 3/DE1_SOC_D8M_LB_RTL.SDC Line: 18
Warning (332049): Ignored set_input_delay at DE1_SOC_D8M_LB_RTL.SDC(18): Argument <targets> is an empty collection File: //10.0.0.35/School/2025-2026/Senior Design/Labs/lab5/part 3/DE1_SOC_D8M_LB_RTL.SDC Line: 18
    Info (332050): set_input_delay -clock altera_reserved_tck -clock_fall 3 [get_ports altera_reserved_tms] File: //10.0.0.35/School/2025-2026/Senior Design/Labs/lab5/part 3/DE1_SOC_D8M_LB_RTL.SDC Line: 18
Warning (332049): Ignored set_input_delay at DE1_SOC_D8M_LB_RTL.SDC(18): Argument -clock is not an object ID File: //10.0.0.35/School/2025-2026/Senior Design/Labs/lab5/part 3/DE1_SOC_D8M_LB_RTL.SDC Line: 18
Warning (332174): Ignored filter at DE1_SOC_D8M_LB_RTL.SDC(19): altera_reserved_tdo could not be matched with a port File: //10.0.0.35/School/2025-2026/Senior Design/Labs/lab5/part 3/DE1_SOC_D8M_LB_RTL.SDC Line: 19
Warning (332049): Ignored set_output_delay at DE1_SOC_D8M_LB_RTL.SDC(19): Argument <targets> is an empty collection File: //10.0.0.35/School/2025-2026/Senior Design/Labs/lab5/part 3/DE1_SOC_D8M_LB_RTL.SDC Line: 19
    Info (332050): set_output_delay -clock altera_reserved_tck 3 [get_ports altera_reserved_tdo] File: //10.0.0.35/School/2025-2026/Senior Design/Labs/lab5/part 3/DE1_SOC_D8M_LB_RTL.SDC Line: 19
Warning (332049): Ignored set_output_delay at DE1_SOC_D8M_LB_RTL.SDC(19): Argument -clock is not an object ID File: //10.0.0.35/School/2025-2026/Senior Design/Labs/lab5/part 3/DE1_SOC_D8M_LB_RTL.SDC Line: 19
Warning (332174): Ignored filter at DE1_SOC_D8M_LB_RTL.SDC(22): u0|pll_sys|altera_pll_i|general[1].gpll~PLL_OUTPUT_COUNTER|divclk could not be matched with a pin File: //10.0.0.35/School/2025-2026/Senior Design/Labs/lab5/part 3/DE1_SOC_D8M_LB_RTL.SDC Line: 22
Warning (332174): Ignored filter at DE1_SOC_D8M_LB_RTL.SDC(23): DRAM_CLK could not be matched with a port File: //10.0.0.35/School/2025-2026/Senior Design/Labs/lab5/part 3/DE1_SOC_D8M_LB_RTL.SDC Line: 23
Critical Warning (332049): Ignored create_generated_clock at DE1_SOC_D8M_LB_RTL.SDC(22): Argument <targets> is an empty collection File: //10.0.0.35/School/2025-2026/Senior Design/Labs/lab5/part 3/DE1_SOC_D8M_LB_RTL.SDC Line: 22
    Info (332050): create_generated_clock -source [get_pins {u0|pll_sys|altera_pll_i|general[1].gpll~PLL_OUTPUT_COUNTER|divclk}] \
                      -name clk_dram_ext [get_ports {DRAM_CLK}] File: //10.0.0.35/School/2025-2026/Senior Design/Labs/lab5/part 3/DE1_SOC_D8M_LB_RTL.SDC Line: 22
Warning (332049): Ignored create_generated_clock at DE1_SOC_D8M_LB_RTL.SDC(22): Argument -source is an empty collection File: //10.0.0.35/School/2025-2026/Senior Design/Labs/lab5/part 3/DE1_SOC_D8M_LB_RTL.SDC Line: 22
Warning (332174): Ignored filter at DE1_SOC_D8M_LB_RTL.SDC(25): u0|pll_sys|altera_pll_i|general[3].gpll~PLL_OUTPUT_COUNTER|divclk could not be matched with a pin File: //10.0.0.35/School/2025-2026/Senior Design/Labs/lab5/part 3/DE1_SOC_D8M_LB_RTL.SDC Line: 25
Warning (332049): Ignored create_generated_clock at DE1_SOC_D8M_LB_RTL.SDC(25): Argument -source is an empty collection File: //10.0.0.35/School/2025-2026/Senior Design/Labs/lab5/part 3/DE1_SOC_D8M_LB_RTL.SDC Line: 25
    Info (332050): create_generated_clock -source [get_pins { u0|pll_sys|altera_pll_i|general[3].gpll~PLL_OUTPUT_COUNTER|divclk }] \
                      -name clk_vga_ext [get_ports {VGA_CLK}] -invert File: //10.0.0.35/School/2025-2026/Senior Design/Labs/lab5/part 3/DE1_SOC_D8M_LB_RTL.SDC Line: 25
Warning (332043): Overwriting existing clock: MIPI_PIXEL_CLK
Info (332110): Deriving PLL clocks
    Info (332110): create_generated_clock -source {pllv|vga_pll_inst|altera_pll_i|general[0].gpll~FRACTIONAL_PLL|refclkin} -divide_by 7 -multiply_by 215 -duty_cycle 50.00 -name {pllv|vga_pll_inst|altera_pll_i|general[0].gpll~FRACTIONAL_PLL|vcoph[0]} {pllv|vga_pll_inst|altera_pll_i|general[0].gpll~FRACTIONAL_PLL|vcoph[0]}
    Info (332110): create_generated_clock -source {pllv|vga_pll_inst|altera_pll_i|general[0].gpll~PLL_OUTPUT_COUNTER|vco0ph[0]} -divide_by 61 -duty_cycle 50.00 -name {pllv|vga_pll_inst|altera_pll_i|general[0].gpll~PLL_OUTPUT_COUNTER|divclk} {pllv|vga_pll_inst|altera_pll_i|general[0].gpll~PLL_OUTPUT_COUNTER|divclk}
    Info (332110): create_generated_clock -source {ref|pll_test_inst|altera_pll_i|general[0].gpll~FRACTIONAL_PLL|refclkin} -multiply_by 6 -duty_cycle 50.00 -name {ref|pll_test_inst|altera_pll_i|general[0].gpll~FRACTIONAL_PLL|vcoph[0]} {ref|pll_test_inst|altera_pll_i|general[0].gpll~FRACTIONAL_PLL|vcoph[0]}
    Info (332110): create_generated_clock -source {ref|pll_test_inst|altera_pll_i|general[0].gpll~PLL_OUTPUT_COUNTER|vco0ph[0]} -divide_by 15 -duty_cycle 50.00 -name {ref|pll_test_inst|altera_pll_i|general[0].gpll~PLL_OUTPUT_COUNTER|divclk} {ref|pll_test_inst|altera_pll_i|general[0].gpll~PLL_OUTPUT_COUNTER|divclk}
Info (332151): Clock uncertainty is not calculated until you update the timing netlist.
Warning (332174): Ignored filter at DE1_SOC_D8M_LB_RTL.SDC(68): DRAM_DQ* could not be matched with a port File: //10.0.0.35/School/2025-2026/Senior Design/Labs/lab5/part 3/DE1_SOC_D8M_LB_RTL.SDC Line: 68
Warning (332174): Ignored filter at DE1_SOC_D8M_LB_RTL.SDC(68): clk_dram_ext could not be matched with a clock File: //10.0.0.35/School/2025-2026/Senior Design/Labs/lab5/part 3/DE1_SOC_D8M_LB_RTL.SDC Line: 68
Warning (332049): Ignored set_input_delay at DE1_SOC_D8M_LB_RTL.SDC(68): Argument <targets> is an empty collection File: //10.0.0.35/School/2025-2026/Senior Design/Labs/lab5/part 3/DE1_SOC_D8M_LB_RTL.SDC Line: 68
    Info (332050): set_input_delay -max -clock clk_dram_ext 5.9 [get_ports DRAM_DQ*] File: //10.0.0.35/School/2025-2026/Senior Design/Labs/lab5/part 3/DE1_SOC_D8M_LB_RTL.SDC Line: 68
Warning (332049): Ignored set_input_delay at DE1_SOC_D8M_LB_RTL.SDC(68): Argument -clock is not an object ID File: //10.0.0.35/School/2025-2026/Senior Design/Labs/lab5/part 3/DE1_SOC_D8M_LB_RTL.SDC Line: 68
Warning (332049): Ignored set_input_delay at DE1_SOC_D8M_LB_RTL.SDC(69): Argument <targets> is an empty collection File: //10.0.0.35/School/2025-2026/Senior Design/Labs/lab5/part 3/DE1_SOC_D8M_LB_RTL.SDC Line: 69
    Info (332050): set_input_delay -min -clock clk_dram_ext 3.0 [get_ports DRAM_DQ*] File: //10.0.0.35/School/2025-2026/Senior Design/Labs/lab5/part 3/DE1_SOC_D8M_LB_RTL.SDC Line: 69
Warning (332049): Ignored set_input_delay at DE1_SOC_D8M_LB_RTL.SDC(69): Argument -clock is not an object ID File: //10.0.0.35/School/2025-2026/Senior Design/Labs/lab5/part 3/DE1_SOC_D8M_LB_RTL.SDC Line: 69
Warning (332174): Ignored filter at DE1_SOC_D8M_LB_RTL.SDC(72): u0|pll_sys|altera_pll_i|general[2].gpll~PLL_OUTPUT_COUNTER|divclk could not be matched with a clock File: //10.0.0.35/School/2025-2026/Senior Design/Labs/lab5/part 3/DE1_SOC_D8M_LB_RTL.SDC Line: 72
Warning (332049): Ignored set_multicycle_path at DE1_SOC_D8M_LB_RTL.SDC(71): Argument <from> is an empty collection File: //10.0.0.35/School/2025-2026/Senior Design/Labs/lab5/part 3/DE1_SOC_D8M_LB_RTL.SDC Line: 71
    Info (332050): set_multicycle_path -from [get_clocks {clk_dram_ext}] \
                    -to [get_clocks {u0|pll_sys|altera_pll_i|general[2].gpll~PLL_OUTPUT_COUNTER|divclk}] \
                          -setup 2            File: //10.0.0.35/School/2025-2026/Senior Design/Labs/lab5/part 3/DE1_SOC_D8M_LB_RTL.SDC Line: 71
Warning (332049): Ignored set_multicycle_path at DE1_SOC_D8M_LB_RTL.SDC(71): Argument <to> is an empty collection File: //10.0.0.35/School/2025-2026/Senior Design/Labs/lab5/part 3/DE1_SOC_D8M_LB_RTL.SDC Line: 71
Warning (332174): Ignored filter at DE1_SOC_D8M_LB_RTL.SDC(87): DRAM_*DQM could not be matched with a port File: //10.0.0.35/School/2025-2026/Senior Design/Labs/lab5/part 3/DE1_SOC_D8M_LB_RTL.SDC Line: 87
Warning (332174): Ignored filter at DE1_SOC_D8M_LB_RTL.SDC(87): DRAM_DQ* could not be matched with a port File: //10.0.0.35/School/2025-2026/Senior Design/Labs/lab5/part 3/DE1_SOC_D8M_LB_RTL.SDC Line: 87
Warning (332049): Ignored set_output_delay at DE1_SOC_D8M_LB_RTL.SDC(87): Argument <targets> is an empty collection File: //10.0.0.35/School/2025-2026/Senior Design/Labs/lab5/part 3/DE1_SOC_D8M_LB_RTL.SDC Line: 87
    Info (332050): set_output_delay -max -clock clk_dram_ext 1.6  [get_ports {DRAM_DQ* DRAM_*DQM}] File: //10.0.0.35/School/2025-2026/Senior Design/Labs/lab5/part 3/DE1_SOC_D8M_LB_RTL.SDC Line: 87
Warning (332049): Ignored set_output_delay at DE1_SOC_D8M_LB_RTL.SDC(87): Argument -clock is not an object ID File: //10.0.0.35/School/2025-2026/Senior Design/Labs/lab5/part 3/DE1_SOC_D8M_LB_RTL.SDC Line: 87
Warning (332049): Ignored set_output_delay at DE1_SOC_D8M_LB_RTL.SDC(88): Argument <targets> is an empty collection File: //10.0.0.35/School/2025-2026/Senior Design/Labs/lab5/part 3/DE1_SOC_D8M_LB_RTL.SDC Line: 88
    Info (332050): set_output_delay -min -clock clk_dram_ext -0.9 [get_ports {DRAM_DQ* DRAM_*DQM}] File: //10.0.0.35/School/2025-2026/Senior Design/Labs/lab5/part 3/DE1_SOC_D8M_LB_RTL.SDC Line: 88
Warning (332049): Ignored set_output_delay at DE1_SOC_D8M_LB_RTL.SDC(88): Argument -clock is not an object ID File: //10.0.0.35/School/2025-2026/Senior Design/Labs/lab5/part 3/DE1_SOC_D8M_LB_RTL.SDC Line: 88
Warning (332174): Ignored filter at DE1_SOC_D8M_LB_RTL.SDC(89): DRAM_ADDR* could not be matched with a port File: //10.0.0.35/School/2025-2026/Senior Design/Labs/lab5/part 3/DE1_SOC_D8M_LB_RTL.SDC Line: 89
Warning (332174): Ignored filter at DE1_SOC_D8M_LB_RTL.SDC(89): DRAM_BA* could not be matched with a port File: //10.0.0.35/School/2025-2026/Senior Design/Labs/lab5/part 3/DE1_SOC_D8M_LB_RTL.SDC Line: 89
Warning (332174): Ignored filter at DE1_SOC_D8M_LB_RTL.SDC(89): DRAM_CAS_N could not be matched with a port File: //10.0.0.35/School/2025-2026/Senior Design/Labs/lab5/part 3/DE1_SOC_D8M_LB_RTL.SDC Line: 89
Warning (332174): Ignored filter at DE1_SOC_D8M_LB_RTL.SDC(89): DRAM_CKE could not be matched with a port File: //10.0.0.35/School/2025-2026/Senior Design/Labs/lab5/part 3/DE1_SOC_D8M_LB_RTL.SDC Line: 89
Warning (332174): Ignored filter at DE1_SOC_D8M_LB_RTL.SDC(89): DRAM_CS_N could not be matched with a port File: //10.0.0.35/School/2025-2026/Senior Design/Labs/lab5/part 3/DE1_SOC_D8M_LB_RTL.SDC Line: 89
Warning (332174): Ignored filter at DE1_SOC_D8M_LB_RTL.SDC(89): DRAM_RAS_N could not be matched with a port File: //10.0.0.35/School/2025-2026/Senior Design/Labs/lab5/part 3/DE1_SOC_D8M_LB_RTL.SDC Line: 89
Warning (332174): Ignored filter at DE1_SOC_D8M_LB_RTL.SDC(89): DRAM_WE_N could not be matched with a port File: //10.0.0.35/School/2025-2026/Senior Design/Labs/lab5/part 3/DE1_SOC_D8M_LB_RTL.SDC Line: 89
Warning (332049): Ignored set_output_delay at DE1_SOC_D8M_LB_RTL.SDC(89): Argument <targets> is an empty collection File: //10.0.0.35/School/2025-2026/Senior Design/Labs/lab5/part 3/DE1_SOC_D8M_LB_RTL.SDC Line: 89
    Info (332050): set_output_delay -max -clock clk_dram_ext 1.6  [get_ports {DRAM_ADDR* DRAM_BA* DRAM_RAS_N DRAM_CAS_N DRAM_WE_N DRAM_CKE DRAM_CS_N}] File: //10.0.0.35/School/2025-2026/Senior Design/Labs/lab5/part 3/DE1_SOC_D8M_LB_RTL.SDC Line: 89
Warning (332049): Ignored set_output_delay at DE1_SOC_D8M_LB_RTL.SDC(89): Argument -clock is not an object ID File: //10.0.0.35/School/2025-2026/Senior Design/Labs/lab5/part 3/DE1_SOC_D8M_LB_RTL.SDC Line: 89
Warning (332049): Ignored set_output_delay at DE1_SOC_D8M_LB_RTL.SDC(90): Argument <targets> is an empty collection File: //10.0.0.35/School/2025-2026/Senior Design/Labs/lab5/part 3/DE1_SOC_D8M_LB_RTL.SDC Line: 90
    Info (332050): set_output_delay -min -clock clk_dram_ext -0.9 [get_ports {DRAM_ADDR* DRAM_BA* DRAM_RAS_N DRAM_CAS_N DRAM_WE_N DRAM_CKE DRAM_CS_N}] File: //10.0.0.35/School/2025-2026/Senior Design/Labs/lab5/part 3/DE1_SOC_D8M_LB_RTL.SDC Line: 90
Warning (332049): Ignored set_output_delay at DE1_SOC_D8M_LB_RTL.SDC(90): Argument -clock is not an object ID File: //10.0.0.35/School/2025-2026/Senior Design/Labs/lab5/part 3/DE1_SOC_D8M_LB_RTL.SDC Line: 90
Warning (332174): Ignored filter at DE1_SOC_D8M_LB_RTL.SDC(95): VGA_BLANK could not be matched with a port File: //10.0.0.35/School/2025-2026/Senior Design/Labs/lab5/part 3/DE1_SOC_D8M_LB_RTL.SDC Line: 95
Warning (332174): Ignored filter at DE1_SOC_D8M_LB_RTL.SDC(95): clk_vga_ext could not be matched with a clock File: //10.0.0.35/School/2025-2026/Senior Design/Labs/lab5/part 3/DE1_SOC_D8M_LB_RTL.SDC Line: 95
Warning (332049): Ignored set_output_delay at DE1_SOC_D8M_LB_RTL.SDC(95): Argument -clock is not an object ID File: //10.0.0.35/School/2025-2026/Senior Design/Labs/lab5/part 3/DE1_SOC_D8M_LB_RTL.SDC Line: 95
    Info (332050): set_output_delay -max -clock clk_vga_ext  0.3 [get_ports {VGA_R* VGA_G* VGA_B* VGA_BLANK}] File: //10.0.0.35/School/2025-2026/Senior Design/Labs/lab5/part 3/DE1_SOC_D8M_LB_RTL.SDC Line: 95
Warning (332049): Ignored set_output_delay at DE1_SOC_D8M_LB_RTL.SDC(96): Argument -clock is not an object ID File: //10.0.0.35/School/2025-2026/Senior Design/Labs/lab5/part 3/DE1_SOC_D8M_LB_RTL.SDC Line: 96
    Info (332050): set_output_delay -min -clock clk_vga_ext -1.6 [get_ports {VGA_R* VGA_G* VGA_B* VGA_BLANK}] File: //10.0.0.35/School/2025-2026/Senior Design/Labs/lab5/part 3/DE1_SOC_D8M_LB_RTL.SDC Line: 96
Warning (332054): Assignment set_clock_groups is accepted but has some problems at DE1_SOC_D8M_LB_RTL.SDC(101): Argument -group with value [get_clocks {u0|pll_sys|altera_pll_i|general[2].gpll~PLL_OUTPUT_COUNTER|divclk}] contains zero elements File: //10.0.0.35/School/2025-2026/Senior Design/Labs/lab5/part 3/DE1_SOC_D8M_LB_RTL.SDC Line: 101
    Info (332050): set_clock_groups -asynchronous -group [get_clocks {u0|pll_sys|altera_pll_i|general[2].gpll~PLL_OUTPUT_COUNTER|divclk}] \
                               -group [get_clocks {MIPI_PIXEL_CLK}] File: //10.0.0.35/School/2025-2026/Senior Design/Labs/lab5/part 3/DE1_SOC_D8M_LB_RTL.SDC Line: 101
Warning (332087): The master clock for this clock assignment could not be derived.  Clock: pllv|vga_pll_inst|altera_pll_i|general[0].gpll~FRACTIONAL_PLL|vcoph[0] was not created.
    Warning (332035): No clocks found on or feeding the specified source node: pllv|vga_pll_inst|altera_pll_i|general[0].gpll~FRACTIONAL_PLL|refclkin
Warning (332086): Ignoring clock spec: pllv|vga_pll_inst|altera_pll_i|general[0].gpll~PLL_OUTPUT_COUNTER|divclk Reason: Clock derived from ignored clock: pllv|vga_pll_inst|altera_pll_i|general[0].gpll~FRACTIONAL_PLL|vcoph[0].  Clock assignment is being ignored.
Warning (332060): Node: FOCUS_ADJ:adl|VCM_CTRL_P:pp|F_VCM:f|V_C was determined to be a clock but was found without an associated clock assignment.
    Info (13166): Latch FOCUS_ADJ:adl|VCM_CTRL_P:pp|F_VCM:f|STEP_f[3]~1 is being clocked by FOCUS_ADJ:adl|VCM_CTRL_P:pp|F_VCM:f|V_C
Warning (332060): Node: FOCUS_ADJ:adl|I2C_DELAY:i2c|READY was determined to be a clock but was found without an associated clock assignment.
    Info (13166): Latch FOCUS_ADJ:adl|VCM_I2C:i2c2|rTR_IN~1 is being clocked by FOCUS_ADJ:adl|I2C_DELAY:i2c|READY
Warning (332060): Node: RESET_DELAY:u2|oREADY was determined to be a clock but was found without an associated clock assignment.
    Info (13166): Latch D8M_SET:ccd|D8M_WRITE_COUNTER:u3|Pre_FVAL~1 is being clocked by RESET_DELAY:u2|oREADY
Warning (332060): Node: CLOCK4_50 was determined to be a clock but was found without an associated clock assignment.
    Info (13166): Register FOCUS_ADJ:adl|oB[0] is being clocked by CLOCK4_50
Warning (332060): Node: MIPI_PIXEL_HS was determined to be a clock but was found without an associated clock assignment.
    Info (13166): Register D8M_SET:ccd|RAW2RGB_L:u4|Line_Buffer_J:u0|WR[0] is being clocked by MIPI_PIXEL_HS
Warning (332060): Node: MIPI_BRIDGE_CAMERA_Config:cfin|MIPI_CAMERA_CONFIG:camiv|CLOCKMEM:c1|CK_1HZ was determined to be a clock but was found without an associated clock assignment.
    Info (13166): Register MIPI_BRIDGE_CAMERA_Config:cfin|MIPI_CAMERA_CONFIG:camiv|WCNT[0] is being clocked by MIPI_BRIDGE_CAMERA_Config:cfin|MIPI_CAMERA_CONFIG:camiv|CLOCKMEM:c1|CK_1HZ
Warning (332060): Node: MIPI_BRIDGE_CAMERA_Config:cfin|MIPI_BRIDGE_CONFIG:mpiv|CLOCKMEM:c1|CK_1HZ was determined to be a clock but was found without an associated clock assignment.
    Info (13166): Register MIPI_BRIDGE_CAMERA_Config:cfin|MIPI_BRIDGE_CONFIG:mpiv|MIPI_BRIDGE_CONFIG_RELEASE is being clocked by MIPI_BRIDGE_CAMERA_Config:cfin|MIPI_BRIDGE_CONFIG:mpiv|CLOCKMEM:c1|CK_1HZ
Warning (332060): Node: D8M_SET:ccd|D8M_WRITE_COUNTER:u3|Y_Cont[10] was determined to be a clock but was found without an associated clock assignment.
    Info (13166): Register FOCUS_ADJ:adl|I2C_DELAY:i2c|READY is being clocked by D8M_SET:ccd|D8M_WRITE_COUNTER:u3|Y_Cont[10]
Warning (332060): Node: FOCUS_ADJ:adl|VCM_I2C:i2c2|CLOCKMEM:c1|CK_1HZ was determined to be a clock but was found without an associated clock assignment.
    Info (13166): Register FOCUS_ADJ:adl|VCM_I2C:i2c2|I2C_WRITE_PTR:wpt|DELY[1] is being clocked by FOCUS_ADJ:adl|VCM_I2C:i2c2|CLOCKMEM:c1|CK_1HZ
Warning (332060): Node: FOCUS_ADJ:adl|AUTO_SYNC_MODIFY:RE|MODIFY_SYNC:vs|MS was determined to be a clock but was found without an associated clock assignment.
    Info (13166): Register FOCUS_ADJ:adl|VCM_CTRL_P:pp|F_VCM:f|VCM_END is being clocked by FOCUS_ADJ:adl|AUTO_SYNC_MODIFY:RE|MODIFY_SYNC:vs|MS
Info (332097): The following timing edges are non-unate.  The Timing Analyzer will assume pos-unate behavior for these edges in the clock network.
    Info (332098): Cell: ref|pll_test_inst|altera_pll_i|general[0].gpll~FRACTIONAL_PLL  from: refclkin  to: fbclk
    Info (332098): Cell: ref|pll_test_inst|altera_pll_i|general[0].gpll~PLL_OUTPUT_COUNTER  from: vco0ph[0]  to: divclk
    Info (332098): Cell: ref|pll_test_inst|altera_pll_i|general[0].gpll~PLL_REFCLK_SELECT  from: clkin[0]  to: clkout
Info (332123): Deriving Clock Uncertainty. Please refer to report_sdc in the Timing Analyzer to see clock uncertainties.
Warning (332056): PLL cross checking found inconsistent PLL clock settings:
    Warning (332056): Node: pllv|vga_pll_inst|altera_pll_i|general[0].gpll~FRACTIONAL_PLL|vcoph[0] was found missing 1 generated clock that corresponds to a base clock with a period of: 20.000
Info (332129): Detected timing requirements -- optimizing circuit to achieve only the specified requirements
Info (332111): Found 7 clocks
    Info (332111):   Period   Clock Name
    Info (332111): ======== ============
    Info (332111):   20.000    CLOCK2_50
    Info (332111):   20.000    CLOCK3_50
    Info (332111):   20.000     CLOCK_50
    Info (332111):   40.000 MIPI_PIXEL_CLK
    Info (332111):   40.000 MIPI_PIXEL_CLK_ext
    Info (332111):    3.333 ref|pll_test_inst|altera_pll_i|general[0].gpll~FRACTIONAL_PLL|vcoph[0]
    Info (332111):   50.000 ref|pll_test_inst|altera_pll_i|general[0].gpll~PLL_OUTPUT_COUNTER|divclk
Info (176233): Starting register packing
Info (176235): Finished register packing
    Extra Info (176218): Packed 24 registers into blocks of type DSP block
    Extra Info (176220): Created 24 register duplicates
Info (11798): Fitter preparation operations ending: elapsed time is 00:00:09
Info (170189): Fitter placement preparation operations beginning
Info (14951): The Fitter is using Advanced Physical Optimization.
Info (170190): Fitter placement preparation operations ending: elapsed time is 00:00:31
Info (170191): Fitter placement operations beginning
Info (170137): Fitter placement was successful
Info (170192): Fitter placement operations ending: elapsed time is 00:00:01
Info (170193): Fitter routing operations beginning
Info (170195): Router estimated average interconnect usage is 1% of the available device resources
    Info (170196): Router estimated peak interconnect usage is 10% of the available device resources in the region that extends from location X56_Y0 to location X66_Y10
Info (170199): The Fitter performed an Auto Fit compilation.  Optimizations were skipped to reduce compilation time.
    Info (170201): Optimizations that may affect the design's routability were skipped
    Info (170200): Optimizations that may affect the design's timing were skipped
Info (170194): Fitter routing operations ending: elapsed time is 00:00:02
Info (11888): Total time spent on timing analysis during the Fitter is 1.30 seconds.
Info (334003): Started post-fitting delay annotation
Info (334004): Delay annotation completed successfully
Info (334003): Started post-fitting delay annotation
Info (334004): Delay annotation completed successfully
Info (11801): Fitter post-fit operations ending: elapsed time is 00:00:07
Warning (169064): Following 2 pins have no output enable or a GND or VCC output enable - later changes to this connectivity may change fitting results
    Info (169065): Pin CAMERA_I2C_SCL has a permanently enabled output enable File: //10.0.0.35/School/2025-2026/Senior Design/Labs/lab5/part 3/de1_soc_d8m_lb_rtl.v Line: 27
    Info (169065): Pin MIPI_I2C_SCL has a permanently enabled output enable File: //10.0.0.35/School/2025-2026/Senior Design/Labs/lab5/part 3/de1_soc_d8m_lb_rtl.v Line: 31
Info (144001): Generated suppressed messages file //10.0.0.35/School/2025-2026/Senior Design/Labs/lab5/part 3/output_files/DE1_SOC_D8M_LB_RTL.fit.smsg
Info: Quartus Prime Fitter was successful. 0 errors, 77 warnings
    Info: Peak virtual memory: 7513 megabytes
    Info: Processing ended: Fri Mar 13 00:28:31 2026
    Info: Elapsed time: 00:01:47
    Info: Total CPU time (on all processors): 00:07:29


+----------------------------+
; Fitter Suppressed Messages ;
+----------------------------+
The suppressed messages can be found in //10.0.0.35/School/2025-2026/Senior Design/Labs/lab5/part 3/output_files/DE1_SOC_D8M_LB_RTL.fit.smsg.


