Analysis & Synthesis report for DE1_SOC_D8M_LB_RTL
Fri Mar 13 03:17:46 2026
Quartus Prime Version 20.1.0 Build 711 06/05/2020 SJ Standard Edition


---------------------
; Table of Contents ;
---------------------
  1. Legal Notice
  2. Analysis & Synthesis Summary
  3. Analysis & Synthesis Settings
  4. Parallel Compilation
  5. Analysis & Synthesis Source Files Read
  6. Analysis & Synthesis Resource Usage Summary
  7. Analysis & Synthesis Resource Utilization by Entity
  8. Analysis & Synthesis RAM Summary
  9. Analysis & Synthesis DSP Block Usage Summary
 10. Analysis & Synthesis IP Cores Summary
 11. Registers Removed During Synthesis
 12. Removed Registers Triggering Further Register Optimizations
 13. General Register Statistics
 14. Inverted Register Statistics
 15. Multiplexer Restructuring Statistics (Restructuring Performed)
 16. Source assignments for MIPI_BRIDGE_CAMERA_Config:cfin|MIPI_CAMERA_CONFIG:camiv
 17. Source assignments for MIPI_BRIDGE_CAMERA_Config:cfin|MIPI_BRIDGE_CONFIG:mpiv
 18. Source assignments for D8M_SET:ccd|RAW2RGB_L:u4|Line_Buffer_J:u0|int_line:d1|altsyncram:altsyncram_component|altsyncram_iup1:auto_generated
 19. Source assignments for D8M_SET:ccd|RAW2RGB_L:u4|Line_Buffer_J:u0|int_line:d2|altsyncram:altsyncram_component|altsyncram_iup1:auto_generated
 20. Source assignments for D8M_SET:ccd|RAW2RGB_L:u4|Line_Buffer_J:u0|int_line:d3|altsyncram:altsyncram_component|altsyncram_iup1:auto_generated
 21. Source assignments for FOCUS_ADJ:adl|VCM_I2C:i2c2
 22. Parameter Settings for User Entity Instance: MIPI_BRIDGE_CAMERA_Config:cfin|MIPI_CAMERA_CONFIG:camiv
 23. Parameter Settings for User Entity Instance: MIPI_BRIDGE_CAMERA_Config:cfin|MIPI_BRIDGE_CONFIG:mpiv
 24. Parameter Settings for User Entity Instance: pll_test:ref|pll_test_0002:pll_test_inst|altera_pll:altera_pll_i
 25. Parameter Settings for User Entity Instance: vga_pll:pllv|vga_pll_0002:vga_pll_inst|altera_pll:altera_pll_i
 26. Parameter Settings for User Entity Instance: D8M_SET:ccd|D8M_WRITE_COUNTER:u3
 27. Parameter Settings for User Entity Instance: D8M_SET:ccd|RAW2RGB_L:u4
 28. Parameter Settings for User Entity Instance: D8M_SET:ccd|RAW2RGB_L:u4|Line_Buffer_J:u0|int_line:d1|altsyncram:altsyncram_component
 29. Parameter Settings for User Entity Instance: D8M_SET:ccd|RAW2RGB_L:u4|Line_Buffer_J:u0|int_line:d2|altsyncram:altsyncram_component
 30. Parameter Settings for User Entity Instance: D8M_SET:ccd|RAW2RGB_L:u4|Line_Buffer_J:u0|int_line:d3|altsyncram:altsyncram_component
 31. Parameter Settings for User Entity Instance: FOCUS_ADJ:adl|LCD_COUNTER:cv1
 32. Parameter Settings for User Entity Instance: FOCUS_ADJ:adl|VCM_CTRL_P:pp|F_VCM:f
 33. Parameter Settings for User Entity Instance: FOCUS_ADJ:adl|VCM_I2C:i2c2
 34. Parameter Settings for User Entity Instance: FpsMonitor:uFps2
 35. altsyncram Parameter Settings by Entity Instance
 36. Port Connectivity Checks: "CLOCKMEM:ck3"
 37. Port Connectivity Checks: "CLOCKMEM:ck2"
 38. Port Connectivity Checks: "CLOCKMEM:ck1"
 39. Port Connectivity Checks: "FpsMonitor:uFps2"
 40. Port Connectivity Checks: "FOCUS_ADJ:adl|VCM_I2C:i2c2|I2C_READ_DATA:rd"
 41. Port Connectivity Checks: "FOCUS_ADJ:adl|VCM_I2C:i2c2|I2C_WRITE_PTR:wpt"
 42. Port Connectivity Checks: "FOCUS_ADJ:adl|VCM_I2C:i2c2|I2C_WRITE_WDATA:wrd"
 43. Port Connectivity Checks: "FOCUS_ADJ:adl|VCM_I2C:i2c2|CLOCKMEM:c1"
 44. Port Connectivity Checks: "FOCUS_ADJ:adl|VCM_I2C:i2c2"
 45. Port Connectivity Checks: "FOCUS_ADJ:adl|I2C_DELAY:i2c"
 46. Port Connectivity Checks: "FOCUS_ADJ:adl|VCM_CTRL_P:pp|F_VCM:f"
 47. Port Connectivity Checks: "FOCUS_ADJ:adl|VCM_CTRL_P:pp"
 48. Port Connectivity Checks: "FOCUS_ADJ:adl|LCD_COUNTER:cv1"
 49. Port Connectivity Checks: "FOCUS_ADJ:adl"
 50. Port Connectivity Checks: "D8M_SET:ccd|RAW2RGB_L:u4|RAW_RGB_BIN:bin"
 51. Port Connectivity Checks: "D8M_SET:ccd|RAW2RGB_L:u4|Line_Buffer_J:u0|int_line:d3"
 52. Port Connectivity Checks: "D8M_SET:ccd|RAW2RGB_L:u4|Line_Buffer_J:u0|int_line:d2"
 53. Port Connectivity Checks: "D8M_SET:ccd|RAW2RGB_L:u4|Line_Buffer_J:u0|int_line:d1"
 54. Port Connectivity Checks: "D8M_SET:ccd|RAW2RGB_L:u4"
 55. Port Connectivity Checks: "D8M_SET:ccd|D8M_WRITE_COUNTER:u3"
 56. Port Connectivity Checks: "D8M_SET:ccd"
 57. Port Connectivity Checks: "vga_pll:pllv"
 58. Port Connectivity Checks: "pll_test:ref"
 59. Port Connectivity Checks: "MIPI_BRIDGE_CAMERA_Config:cfin|MIPI_BRIDGE_CONFIG:mpiv|I2C_READ_DATA:rd"
 60. Port Connectivity Checks: "MIPI_BRIDGE_CAMERA_Config:cfin|MIPI_BRIDGE_CONFIG:mpiv|I2C_WRITE_PTR:wpt"
 61. Port Connectivity Checks: "MIPI_BRIDGE_CAMERA_Config:cfin|MIPI_BRIDGE_CONFIG:mpiv|I2C_WRITE_WDATA:wrd"
 62. Port Connectivity Checks: "MIPI_BRIDGE_CAMERA_Config:cfin|MIPI_BRIDGE_CONFIG:mpiv|CLOCKMEM:c1"
 63. Port Connectivity Checks: "MIPI_BRIDGE_CAMERA_Config:cfin|MIPI_BRIDGE_CONFIG:mpiv"
 64. Port Connectivity Checks: "MIPI_BRIDGE_CAMERA_Config:cfin|MIPI_CAMERA_CONFIG:camiv|I2C_READ_DATA:rd"
 65. Port Connectivity Checks: "MIPI_BRIDGE_CAMERA_Config:cfin|MIPI_CAMERA_CONFIG:camiv|I2C_WRITE_PTR:wpt"
 66. Port Connectivity Checks: "MIPI_BRIDGE_CAMERA_Config:cfin|MIPI_CAMERA_CONFIG:camiv|I2C_WRITE_WDATA:wrd"
 67. Port Connectivity Checks: "MIPI_BRIDGE_CAMERA_Config:cfin|MIPI_CAMERA_CONFIG:camiv|CLOCKMEM:c1"
 68. Port Connectivity Checks: "MIPI_BRIDGE_CAMERA_Config:cfin|MIPI_CAMERA_CONFIG:camiv"
 69. Port Connectivity Checks: "MIPI_BRIDGE_CAMERA_Config:cfin"
 70. Port Connectivity Checks: "RESET_DELAY:u2"
 71. Post-Synthesis Netlist Statistics for Top Partition
 72. Elapsed Time Per Partition
 73. Analysis & Synthesis Messages
 74. Analysis & Synthesis Suppressed Messages



----------------
; Legal Notice ;
----------------
Copyright (C) 2020  Intel Corporation. All rights reserved.
Your use of Intel Corporation's design tools, logic functions 
and other software and tools, and any partner logic 
functions, and any output files from any of the foregoing 
(including device programming or simulation files), and any 
associated documentation or information are expressly subject 
to the terms and conditions of the Intel Program License 
Subscription Agreement, the Intel Quartus Prime License Agreement,
the Intel FPGA IP License Agreement, or other applicable license
agreement, including, without limitation, that your use is for
the sole purpose of programming logic devices manufactured by
Intel and sold by Intel or its authorized distributors.  Please
refer to the applicable agreement for further details, at
https://fpgasoftware.intel.com/eula.



+-----------------------------------------------------------------------------------+
; Analysis & Synthesis Summary                                                      ;
+---------------------------------+-------------------------------------------------+
; Analysis & Synthesis Status     ; Successful - Fri Mar 13 03:17:45 2026           ;
; Quartus Prime Version           ; 20.1.0 Build 711 06/05/2020 SJ Standard Edition ;
; Revision Name                   ; DE1_SOC_D8M_LB_RTL                              ;
; Top-level Entity Name           ; DE1_SOC_D8M_LB_RTL                              ;
; Family                          ; Cyclone V                                       ;
; Logic utilization (in ALMs)     ; N/A                                             ;
; Total registers                 ; 1395                                            ;
; Total pins                      ; 121                                             ;
; Total virtual pins              ; 0                                               ;
; Total block memory bits         ; 122,880                                         ;
; Total DSP Blocks                ; 4                                               ;
; Total HSSI RX PCSs              ; 0                                               ;
; Total HSSI PMA RX Deserializers ; 0                                               ;
; Total HSSI TX PCSs              ; 0                                               ;
; Total HSSI PMA TX Serializers   ; 0                                               ;
; Total PLLs                      ; 2                                               ;
; Total DLLs                      ; 0                                               ;
+---------------------------------+-------------------------------------------------+


+---------------------------------------------------------------------------------------------------------------------------+
; Analysis & Synthesis Settings                                                                                             ;
+---------------------------------------------------------------------------------+--------------------+--------------------+
; Option                                                                          ; Setting            ; Default Value      ;
+---------------------------------------------------------------------------------+--------------------+--------------------+
; Device                                                                          ; 5CSEMA5F31C6       ;                    ;
; Top-level entity name                                                           ; DE1_SOC_D8M_LB_RTL ; DE1_SOC_D8M_LB_RTL ;
; Family name                                                                     ; Cyclone V          ; Cyclone V          ;
; Use smart compilation                                                           ; Off                ; Off                ;
; Enable parallel Assembler and Timing Analyzer during compilation                ; On                 ; On                 ;
; Enable compact report table                                                     ; Off                ; Off                ;
; Restructure Multiplexers                                                        ; Auto               ; Auto               ;
; MLAB Add Timing Constraints For Mixed-Port Feed-Through Mode Setting Don't Care ; Off                ; Off                ;
; Create Debugging Nodes for IP Cores                                             ; Off                ; Off                ;
; Preserve fewer node names                                                       ; On                 ; On                 ;
; Intel FPGA IP Evaluation Mode                                                   ; Enable             ; Enable             ;
; Verilog Version                                                                 ; Verilog_2001       ; Verilog_2001       ;
; VHDL Version                                                                    ; VHDL_1993          ; VHDL_1993          ;
; State Machine Processing                                                        ; Auto               ; Auto               ;
; Safe State Machine                                                              ; Off                ; Off                ;
; Extract Verilog State Machines                                                  ; On                 ; On                 ;
; Extract VHDL State Machines                                                     ; On                 ; On                 ;
; Ignore Verilog initial constructs                                               ; Off                ; Off                ;
; Iteration limit for constant Verilog loops                                      ; 5000               ; 5000               ;
; Iteration limit for non-constant Verilog loops                                  ; 250                ; 250                ;
; Add Pass-Through Logic to Inferred RAMs                                         ; On                 ; On                 ;
; Infer RAMs from Raw Logic                                                       ; On                 ; On                 ;
; Parallel Synthesis                                                              ; On                 ; On                 ;
; DSP Block Balancing                                                             ; Auto               ; Auto               ;
; NOT Gate Push-Back                                                              ; On                 ; On                 ;
; Power-Up Don't Care                                                             ; On                 ; On                 ;
; Remove Redundant Logic Cells                                                    ; Off                ; Off                ;
; Remove Duplicate Registers                                                      ; On                 ; On                 ;
; Ignore CARRY Buffers                                                            ; Off                ; Off                ;
; Ignore CASCADE Buffers                                                          ; Off                ; Off                ;
; Ignore GLOBAL Buffers                                                           ; Off                ; Off                ;
; Ignore ROW GLOBAL Buffers                                                       ; Off                ; Off                ;
; Ignore LCELL Buffers                                                            ; Off                ; Off                ;
; Ignore SOFT Buffers                                                             ; On                 ; On                 ;
; Limit AHDL Integers to 32 Bits                                                  ; Off                ; Off                ;
; Optimization Technique                                                          ; Balanced           ; Balanced           ;
; Carry Chain Length                                                              ; 70                 ; 70                 ;
; Auto Carry Chains                                                               ; On                 ; On                 ;
; Auto Open-Drain Pins                                                            ; On                 ; On                 ;
; Perform WYSIWYG Primitive Resynthesis                                           ; Off                ; Off                ;
; Auto ROM Replacement                                                            ; On                 ; On                 ;
; Auto RAM Replacement                                                            ; On                 ; On                 ;
; Auto DSP Block Replacement                                                      ; On                 ; On                 ;
; Auto Shift Register Replacement                                                 ; Auto               ; Auto               ;
; Allow Shift Register Merging across Hierarchies                                 ; Auto               ; Auto               ;
; Auto Clock Enable Replacement                                                   ; On                 ; On                 ;
; Strict RAM Replacement                                                          ; Off                ; Off                ;
; Allow Synchronous Control Signals                                               ; On                 ; On                 ;
; Force Use of Synchronous Clear Signals                                          ; Off                ; Off                ;
; Auto Resource Sharing                                                           ; Off                ; Off                ;
; Allow Any RAM Size For Recognition                                              ; Off                ; Off                ;
; Allow Any ROM Size For Recognition                                              ; Off                ; Off                ;
; Allow Any Shift Register Size For Recognition                                   ; Off                ; Off                ;
; Use LogicLock Constraints during Resource Balancing                             ; On                 ; On                 ;
; Ignore translate_off and synthesis_off directives                               ; Off                ; Off                ;
; Timing-Driven Synthesis                                                         ; On                 ; On                 ;
; Report Parameter Settings                                                       ; On                 ; On                 ;
; Report Source Assignments                                                       ; On                 ; On                 ;
; Report Connectivity Checks                                                      ; On                 ; On                 ;
; Ignore Maximum Fan-Out Assignments                                              ; Off                ; Off                ;
; Synchronization Register Chain Length                                           ; 3                  ; 3                  ;
; Power Optimization During Synthesis                                             ; Normal compilation ; Normal compilation ;
; HDL message level                                                               ; Level2             ; Level2             ;
; Suppress Register Optimization Related Messages                                 ; Off                ; Off                ;
; Number of Removed Registers Reported in Synthesis Report                        ; 5000               ; 5000               ;
; Number of Swept Nodes Reported in Synthesis Report                              ; 5000               ; 5000               ;
; Number of Inverted Registers Reported in Synthesis Report                       ; 100                ; 100                ;
; Clock MUX Protection                                                            ; On                 ; On                 ;
; Auto Gated Clock Conversion                                                     ; Off                ; Off                ;
; Block Design Naming                                                             ; Auto               ; Auto               ;
; SDC constraint protection                                                       ; Off                ; Off                ;
; Synthesis Effort                                                                ; Auto               ; Auto               ;
; Shift Register Replacement - Allow Asynchronous Clear Signal                    ; On                 ; On                 ;
; Pre-Mapping Resynthesis Optimization                                            ; Off                ; Off                ;
; Analysis & Synthesis Message Level                                              ; Medium             ; Medium             ;
; Disable Register Merging Across Hierarchies                                     ; Auto               ; Auto               ;
; Resource Aware Inference For Block RAM                                          ; On                 ; On                 ;
; Automatic Parallel Synthesis                                                    ; On                 ; On                 ;
; Partial Reconfiguration Bitstream ID                                            ; Off                ; Off                ;
+---------------------------------------------------------------------------------+--------------------+--------------------+


+------------------------------------------+
; Parallel Compilation                     ;
+----------------------------+-------------+
; Processors                 ; Number      ;
+----------------------------+-------------+
; Number detected on machine ; 32          ;
; Maximum allowed            ; 16          ;
;                            ;             ;
; Average used               ; 1.00        ;
; Maximum used               ; 16          ;
;                            ;             ;
; Usage by Processor         ; % Time Used ;
;     Processor 1            ; 100.0%      ;
;     Processor 2            ;   0.0%      ;
;     Processor 3            ;   0.0%      ;
;     Processor 4            ;   0.0%      ;
;     Processor 5            ;   0.0%      ;
;     Processor 6            ;   0.0%      ;
;     Processor 7            ;   0.0%      ;
;     Processor 8            ;   0.0%      ;
;     Processors 9-16        ;   0.0%      ;
+----------------------------+-------------+


+------------------------------------------------------------------------------------------------------------------------------------------------------------------------+
; Analysis & Synthesis Source Files Read                                                                                                                                 ;
+-----------------------------------+-----------------+------------------------------+-------------------------------------------------------------------------+---------+
; File Name with User-Entered Path  ; Used in Netlist ; File Type                    ; File Name with Absolute Path                                            ; Library ;
+-----------------------------------+-----------------+------------------------------+-------------------------------------------------------------------------+---------+
; V/pll_test/pll_test_0002.v        ; yes             ; User Verilog HDL File        ; C:/EEC181labs/DE1_SOC_D8M_LB_RTL/V/pll_test/pll_test_0002.v             ;         ;
; V/pll_test.v                      ; yes             ; User Wizard-Generated File   ; C:/EEC181labs/DE1_SOC_D8M_LB_RTL/V/pll_test.v                           ;         ;
; V_D8M/MIPI_CAMERA_CONFIG.v        ; yes             ; User Verilog HDL File        ; C:/EEC181labs/DE1_SOC_D8M_LB_RTL/V_D8M/MIPI_CAMERA_CONFIG.v             ;         ;
; V_D8M/MIPI_BRIDGE_CONFIG.v        ; yes             ; User Verilog HDL File        ; C:/EEC181labs/DE1_SOC_D8M_LB_RTL/V_D8M/MIPI_BRIDGE_CONFIG.v             ;         ;
; V_D8M/MIPI_BRIDGE_CAMERA_Config.v ; yes             ; User Verilog HDL File        ; C:/EEC181labs/DE1_SOC_D8M_LB_RTL/V_D8M/MIPI_BRIDGE_CAMERA_Config.v      ;         ;
; V_Auto/VCM_I2C.v                  ; yes             ; User Verilog HDL File        ; C:/EEC181labs/DE1_SOC_D8M_LB_RTL/V_Auto/VCM_I2C.v                       ;         ;
; V_Auto/VCM_CTRL_P.v               ; yes             ; User Verilog HDL File        ; C:/EEC181labs/DE1_SOC_D8M_LB_RTL/V_Auto/VCM_CTRL_P.v                    ;         ;
; V_Auto/MODIFY_SYNC.v              ; yes             ; User Verilog HDL File        ; C:/EEC181labs/DE1_SOC_D8M_LB_RTL/V_Auto/MODIFY_SYNC.v                   ;         ;
; V_Auto/LCD_COUNTER.v              ; yes             ; User Verilog HDL File        ; C:/EEC181labs/DE1_SOC_D8M_LB_RTL/V_Auto/LCD_COUNTER.v                   ;         ;
; V_Auto/I2C_DELAY.v                ; yes             ; User Verilog HDL File        ; C:/EEC181labs/DE1_SOC_D8M_LB_RTL/V_Auto/I2C_DELAY.v                     ;         ;
; V_Auto/FOCUS_ADJ.v                ; yes             ; User Verilog HDL File        ; C:/EEC181labs/DE1_SOC_D8M_LB_RTL/V_Auto/FOCUS_ADJ.v                     ;         ;
; V_Auto/F_VCM.v                    ; yes             ; User Verilog HDL File        ; C:/EEC181labs/DE1_SOC_D8M_LB_RTL/V_Auto/F_VCM.v                         ;         ;
; V_Auto/AUTO_SYNC_MODIFY.v         ; yes             ; User Verilog HDL File        ; C:/EEC181labs/DE1_SOC_D8M_LB_RTL/V_Auto/AUTO_SYNC_MODIFY.v              ;         ;
; V_Auto/AUTO_FOCUS_ON.v            ; yes             ; User Verilog HDL File        ; C:/EEC181labs/DE1_SOC_D8M_LB_RTL/V_Auto/AUTO_FOCUS_ON.v                 ;         ;
; V/RESET_DELAY.v                   ; yes             ; User Verilog HDL File        ; C:/EEC181labs/DE1_SOC_D8M_LB_RTL/V/RESET_DELAY.v                        ;         ;
; V/I2C_WRITE_WDATA.v               ; yes             ; User Verilog HDL File        ; C:/EEC181labs/DE1_SOC_D8M_LB_RTL/V/I2C_WRITE_WDATA.v                    ;         ;
; V/I2C_WRITE_PTR.v                 ; yes             ; User Verilog HDL File        ; C:/EEC181labs/DE1_SOC_D8M_LB_RTL/V/I2C_WRITE_PTR.v                      ;         ;
; V/I2C_RESET_DELAY.v               ; yes             ; User Verilog HDL File        ; C:/EEC181labs/DE1_SOC_D8M_LB_RTL/V/I2C_RESET_DELAY.v                    ;         ;
; V/I2C_READ_DATA.v                 ; yes             ; User Verilog HDL File        ; C:/EEC181labs/DE1_SOC_D8M_LB_RTL/V/I2C_READ_DATA.v                      ;         ;
; V/FpsMonitor.v                    ; yes             ; User Verilog HDL File        ; C:/EEC181labs/DE1_SOC_D8M_LB_RTL/V/FpsMonitor.v                         ;         ;
; V/CLOCKMEM.v                      ; yes             ; User Verilog HDL File        ; C:/EEC181labs/DE1_SOC_D8M_LB_RTL/V/CLOCKMEM.v                           ;         ;
; V_D8M/Line_Buffer_J.v             ; yes             ; User Verilog HDL File        ; C:/EEC181labs/DE1_SOC_D8M_LB_RTL/V_D8M/Line_Buffer_J.v                  ;         ;
; V_D8M/int_line.v                  ; yes             ; User Wizard-Generated File   ; C:/EEC181labs/DE1_SOC_D8M_LB_RTL/V_D8M/int_line.v                       ;         ;
; V_D8M/D8M_SET.v                   ; yes             ; User Verilog HDL File        ; C:/EEC181labs/DE1_SOC_D8M_LB_RTL/V_D8M/D8M_SET.v                        ;         ;
; V_D8M/RAW_RGB_BIN.v               ; yes             ; User Verilog HDL File        ; C:/EEC181labs/DE1_SOC_D8M_LB_RTL/V_D8M/RAW_RGB_BIN.v                    ;         ;
; V_D8M/RAW2RGB_L.v                 ; yes             ; User Verilog HDL File        ; C:/EEC181labs/DE1_SOC_D8M_LB_RTL/V_D8M/RAW2RGB_L.v                      ;         ;
; V_D8M/D8M_WRITE_COUNTER.v         ; yes             ; User Verilog HDL File        ; C:/EEC181labs/DE1_SOC_D8M_LB_RTL/V_D8M/D8M_WRITE_COUNTER.v              ;         ;
; V_D8M/VGA_READ_COUNTER.v          ; yes             ; User Verilog HDL File        ; C:/EEC181labs/DE1_SOC_D8M_LB_RTL/V_D8M/VGA_READ_COUNTER.v               ;         ;
; vga_pll.v                         ; yes             ; User Wizard-Generated File   ; C:/EEC181labs/DE1_SOC_D8M_LB_RTL/vga_pll.v                              ; vga_pll ;
; vga_pll/vga_pll_0002.v            ; yes             ; User Verilog HDL File        ; C:/EEC181labs/DE1_SOC_D8M_LB_RTL/vga_pll/vga_pll_0002.v                 ; vga_pll ;
; de1_soc_d8m_lb_rtl.v              ; yes             ; Auto-Found Verilog HDL File  ; C:/EEC181labs/DE1_SOC_D8M_LB_RTL/de1_soc_d8m_lb_rtl.v                   ;         ;
; altera_pll.v                      ; yes             ; Megafunction                 ; c:/intelfpga/20.1/quartus/libraries/megafunctions/altera_pll.v          ;         ;
; altsyncram.tdf                    ; yes             ; Megafunction                 ; c:/intelfpga/20.1/quartus/libraries/megafunctions/altsyncram.tdf        ;         ;
; stratix_ram_block.inc             ; yes             ; Megafunction                 ; c:/intelfpga/20.1/quartus/libraries/megafunctions/stratix_ram_block.inc ;         ;
; lpm_mux.inc                       ; yes             ; Megafunction                 ; c:/intelfpga/20.1/quartus/libraries/megafunctions/lpm_mux.inc           ;         ;
; lpm_decode.inc                    ; yes             ; Megafunction                 ; c:/intelfpga/20.1/quartus/libraries/megafunctions/lpm_decode.inc        ;         ;
; aglobal201.inc                    ; yes             ; Megafunction                 ; c:/intelfpga/20.1/quartus/libraries/megafunctions/aglobal201.inc        ;         ;
; a_rdenreg.inc                     ; yes             ; Megafunction                 ; c:/intelfpga/20.1/quartus/libraries/megafunctions/a_rdenreg.inc         ;         ;
; altrom.inc                        ; yes             ; Megafunction                 ; c:/intelfpga/20.1/quartus/libraries/megafunctions/altrom.inc            ;         ;
; altram.inc                        ; yes             ; Megafunction                 ; c:/intelfpga/20.1/quartus/libraries/megafunctions/altram.inc            ;         ;
; altdpram.inc                      ; yes             ; Megafunction                 ; c:/intelfpga/20.1/quartus/libraries/megafunctions/altdpram.inc          ;         ;
; db/altsyncram_iup1.tdf            ; yes             ; Auto-Generated Megafunction  ; C:/EEC181labs/DE1_SOC_D8M_LB_RTL/db/altsyncram_iup1.tdf                 ;         ;
+-----------------------------------+-----------------+------------------------------+-------------------------------------------------------------------------+---------+


+--------------------------------------------------------------------+
; Analysis & Synthesis Resource Usage Summary                        ;
+---------------------------------------------+----------------------+
; Resource                                    ; Usage                ;
+---------------------------------------------+----------------------+
; Estimate of Logic utilization (ALMs needed) ; 1904                 ;
;                                             ;                      ;
; Combinational ALUT usage for logic          ; 3036                 ;
;     -- 7 input functions                    ; 29                   ;
;     -- 6 input functions                    ; 704                  ;
;     -- 5 input functions                    ; 421                  ;
;     -- 4 input functions                    ; 423                  ;
;     -- <=3 input functions                  ; 1459                 ;
;                                             ;                      ;
; Dedicated logic registers                   ; 1395                 ;
;                                             ;                      ;
; I/O pins                                    ; 121                  ;
; Total MLAB memory bits                      ; 0                    ;
; Total block memory bits                     ; 122880               ;
;                                             ;                      ;
; Total DSP Blocks                            ; 4                    ;
;                                             ;                      ;
; Total PLLs                                  ; 2                    ;
;     -- PLLs                                 ; 2                    ;
;                                             ;                      ;
; Maximum fan-out node                        ; MIPI_PIXEL_CLK~input ;
; Maximum fan-out                             ; 489                  ;
; Total fan-out                               ; 17320                ;
; Average fan-out                             ; 3.67                 ;
+---------------------------------------------+----------------------+


+---------------------------------------------------------------------------------------------------------------------------------------------------------------------------------------------------------------------------------------------------------------------------------------------------------------------------------------------------+
; Analysis & Synthesis Resource Utilization by Entity                                                                                                                                                                                                                                                                                               ;
+----------------------------------------------------+---------------------+---------------------------+-------------------+------------+------+--------------+------------------------------------------------------------------------------------------------------------------------------------------+---------------------------+--------------+
; Compilation Hierarchy Node                         ; Combinational ALUTs ; Dedicated Logic Registers ; Block Memory Bits ; DSP Blocks ; Pins ; Virtual Pins ; Full Hierarchy Name                                                                                                                      ; Entity Name               ; Library Name ;
+----------------------------------------------------+---------------------+---------------------------+-------------------+------------+------+--------------+------------------------------------------------------------------------------------------------------------------------------------------+---------------------------+--------------+
; |DE1_SOC_D8M_LB_RTL                                ; 3036 (433)          ; 1395 (61)                 ; 122880            ; 4          ; 121  ; 0            ; |DE1_SOC_D8M_LB_RTL                                                                                                                      ; DE1_SOC_D8M_LB_RTL        ; work         ;
;    |AUTO_FOCUS_ON:adj|                             ; 40 (40)             ; 32 (32)                   ; 0                 ; 0          ; 0    ; 0            ; |DE1_SOC_D8M_LB_RTL|AUTO_FOCUS_ON:adj                                                                                                    ; AUTO_FOCUS_ON             ; work         ;
;    |CLOCKMEM:ck1|                                  ; 41 (41)             ; 33 (33)                   ; 0                 ; 0          ; 0    ; 0            ; |DE1_SOC_D8M_LB_RTL|CLOCKMEM:ck1                                                                                                         ; CLOCKMEM                  ; work         ;
;    |CLOCKMEM:ck2|                                  ; 43 (43)             ; 33 (33)                   ; 0                 ; 0          ; 0    ; 0            ; |DE1_SOC_D8M_LB_RTL|CLOCKMEM:ck2                                                                                                         ; CLOCKMEM                  ; work         ;
;    |CLOCKMEM:ck3|                                  ; 41 (41)             ; 33 (33)                   ; 0                 ; 0          ; 0    ; 0            ; |DE1_SOC_D8M_LB_RTL|CLOCKMEM:ck3                                                                                                         ; CLOCKMEM                  ; work         ;
;    |D8M_SET:ccd|                                   ; 141 (0)             ; 105 (0)                   ; 122880            ; 0          ; 0    ; 0            ; |DE1_SOC_D8M_LB_RTL|D8M_SET:ccd                                                                                                          ; D8M_SET                   ; work         ;
;       |D8M_WRITE_COUNTER:u3|                       ; 59 (59)             ; 46 (46)                   ; 0                 ; 0          ; 0    ; 0            ; |DE1_SOC_D8M_LB_RTL|D8M_SET:ccd|D8M_WRITE_COUNTER:u3                                                                                     ; D8M_WRITE_COUNTER         ; work         ;
;       |RAW2RGB_L:u4|                               ; 68 (6)              ; 46 (0)                    ; 122880            ; 0          ; 0    ; 0            ; |DE1_SOC_D8M_LB_RTL|D8M_SET:ccd|RAW2RGB_L:u4                                                                                             ; RAW2RGB_L                 ; work         ;
;          |Line_Buffer_J:u0|                        ; 25 (25)             ; 2 (2)                     ; 122880            ; 0          ; 0    ; 0            ; |DE1_SOC_D8M_LB_RTL|D8M_SET:ccd|RAW2RGB_L:u4|Line_Buffer_J:u0                                                                            ; Line_Buffer_J             ; work         ;
;             |int_line:d1|                          ; 0 (0)               ; 0 (0)                     ; 40960             ; 0          ; 0    ; 0            ; |DE1_SOC_D8M_LB_RTL|D8M_SET:ccd|RAW2RGB_L:u4|Line_Buffer_J:u0|int_line:d1                                                                ; int_line                  ; work         ;
;                |altsyncram:altsyncram_component|   ; 0 (0)               ; 0 (0)                     ; 40960             ; 0          ; 0    ; 0            ; |DE1_SOC_D8M_LB_RTL|D8M_SET:ccd|RAW2RGB_L:u4|Line_Buffer_J:u0|int_line:d1|altsyncram:altsyncram_component                                ; altsyncram                ; work         ;
;                   |altsyncram_iup1:auto_generated| ; 0 (0)               ; 0 (0)                     ; 40960             ; 0          ; 0    ; 0            ; |DE1_SOC_D8M_LB_RTL|D8M_SET:ccd|RAW2RGB_L:u4|Line_Buffer_J:u0|int_line:d1|altsyncram:altsyncram_component|altsyncram_iup1:auto_generated ; altsyncram_iup1           ; work         ;
;             |int_line:d2|                          ; 0 (0)               ; 0 (0)                     ; 40960             ; 0          ; 0    ; 0            ; |DE1_SOC_D8M_LB_RTL|D8M_SET:ccd|RAW2RGB_L:u4|Line_Buffer_J:u0|int_line:d2                                                                ; int_line                  ; work         ;
;                |altsyncram:altsyncram_component|   ; 0 (0)               ; 0 (0)                     ; 40960             ; 0          ; 0    ; 0            ; |DE1_SOC_D8M_LB_RTL|D8M_SET:ccd|RAW2RGB_L:u4|Line_Buffer_J:u0|int_line:d2|altsyncram:altsyncram_component                                ; altsyncram                ; work         ;
;                   |altsyncram_iup1:auto_generated| ; 0 (0)               ; 0 (0)                     ; 40960             ; 0          ; 0    ; 0            ; |DE1_SOC_D8M_LB_RTL|D8M_SET:ccd|RAW2RGB_L:u4|Line_Buffer_J:u0|int_line:d2|altsyncram:altsyncram_component|altsyncram_iup1:auto_generated ; altsyncram_iup1           ; work         ;
;             |int_line:d3|                          ; 0 (0)               ; 0 (0)                     ; 40960             ; 0          ; 0    ; 0            ; |DE1_SOC_D8M_LB_RTL|D8M_SET:ccd|RAW2RGB_L:u4|Line_Buffer_J:u0|int_line:d3                                                                ; int_line                  ; work         ;
;                |altsyncram:altsyncram_component|   ; 0 (0)               ; 0 (0)                     ; 40960             ; 0          ; 0    ; 0            ; |DE1_SOC_D8M_LB_RTL|D8M_SET:ccd|RAW2RGB_L:u4|Line_Buffer_J:u0|int_line:d3|altsyncram:altsyncram_component                                ; altsyncram                ; work         ;
;                   |altsyncram_iup1:auto_generated| ; 0 (0)               ; 0 (0)                     ; 40960             ; 0          ; 0    ; 0            ; |DE1_SOC_D8M_LB_RTL|D8M_SET:ccd|RAW2RGB_L:u4|Line_Buffer_J:u0|int_line:d3|altsyncram:altsyncram_component|altsyncram_iup1:auto_generated ; altsyncram_iup1           ; work         ;
;          |RAW_RGB_BIN:bin|                         ; 37 (37)             ; 44 (44)                   ; 0                 ; 0          ; 0    ; 0            ; |DE1_SOC_D8M_LB_RTL|D8M_SET:ccd|RAW2RGB_L:u4|RAW_RGB_BIN:bin                                                                             ; RAW_RGB_BIN               ; work         ;
;       |VGA_READ_COUNTER:cnt|                       ; 14 (14)             ; 13 (13)                   ; 0                 ; 0          ; 0    ; 0            ; |DE1_SOC_D8M_LB_RTL|D8M_SET:ccd|VGA_READ_COUNTER:cnt                                                                                     ; VGA_READ_COUNTER          ; work         ;
;    |FOCUS_ADJ:adl|                                 ; 864 (17)            ; 585 (24)                  ; 0                 ; 2          ; 0    ; 0            ; |DE1_SOC_D8M_LB_RTL|FOCUS_ADJ:adl                                                                                                        ; FOCUS_ADJ                 ; work         ;
;       |AUTO_SYNC_MODIFY:RE|                        ; 66 (0)              ; 100 (0)                   ; 0                 ; 0          ; 0    ; 0            ; |DE1_SOC_D8M_LB_RTL|FOCUS_ADJ:adl|AUTO_SYNC_MODIFY:RE                                                                                    ; AUTO_SYNC_MODIFY          ; work         ;
;          |MODIFY_SYNC:hs|                          ; 33 (33)             ; 50 (50)                   ; 0                 ; 0          ; 0    ; 0            ; |DE1_SOC_D8M_LB_RTL|FOCUS_ADJ:adl|AUTO_SYNC_MODIFY:RE|MODIFY_SYNC:hs                                                                     ; MODIFY_SYNC               ; work         ;
;          |MODIFY_SYNC:vs|                          ; 33 (33)             ; 50 (50)                   ; 0                 ; 0          ; 0    ; 0            ; |DE1_SOC_D8M_LB_RTL|FOCUS_ADJ:adl|AUTO_SYNC_MODIFY:RE|MODIFY_SYNC:vs                                                                     ; MODIFY_SYNC               ; work         ;
;       |I2C_DELAY:i2c|                              ; 38 (38)             ; 33 (33)                   ; 0                 ; 0          ; 0    ; 0            ; |DE1_SOC_D8M_LB_RTL|FOCUS_ADJ:adl|I2C_DELAY:i2c                                                                                          ; I2C_DELAY                 ; work         ;
;       |LCD_COUNTER:cv1|                            ; 175 (175)           ; 66 (66)                   ; 0                 ; 0          ; 0    ; 0            ; |DE1_SOC_D8M_LB_RTL|FOCUS_ADJ:adl|LCD_COUNTER:cv1                                                                                        ; LCD_COUNTER               ; work         ;
;       |VCM_CTRL_P:pp|                              ; 200 (97)            ; 157 (132)                 ; 0                 ; 2          ; 0    ; 0            ; |DE1_SOC_D8M_LB_RTL|FOCUS_ADJ:adl|VCM_CTRL_P:pp                                                                                          ; VCM_CTRL_P                ; work         ;
;          |F_VCM:f|                                 ; 103 (103)           ; 25 (25)                   ; 0                 ; 0          ; 0    ; 0            ; |DE1_SOC_D8M_LB_RTL|FOCUS_ADJ:adl|VCM_CTRL_P:pp|F_VCM:f                                                                                  ; F_VCM                     ; work         ;
;       |VCM_I2C:i2c2|                               ; 368 (146)           ; 205 (68)                  ; 0                 ; 0          ; 0    ; 0            ; |DE1_SOC_D8M_LB_RTL|FOCUS_ADJ:adl|VCM_I2C:i2c2                                                                                           ; VCM_I2C                   ; work         ;
;          |CLOCKMEM:c1|                             ; 33 (33)             ; 33 (33)                   ; 0                 ; 0          ; 0    ; 0            ; |DE1_SOC_D8M_LB_RTL|FOCUS_ADJ:adl|VCM_I2C:i2c2|CLOCKMEM:c1                                                                               ; CLOCKMEM                  ; work         ;
;          |I2C_READ_DATA:rd|                        ; 69 (69)             ; 41 (41)                   ; 0                 ; 0          ; 0    ; 0            ; |DE1_SOC_D8M_LB_RTL|FOCUS_ADJ:adl|VCM_I2C:i2c2|I2C_READ_DATA:rd                                                                          ; I2C_READ_DATA             ; work         ;
;          |I2C_WRITE_PTR:wpt|                       ; 70 (70)             ; 35 (35)                   ; 0                 ; 0          ; 0    ; 0            ; |DE1_SOC_D8M_LB_RTL|FOCUS_ADJ:adl|VCM_I2C:i2c2|I2C_WRITE_PTR:wpt                                                                         ; I2C_WRITE_PTR             ; work         ;
;          |I2C_WRITE_WDATA:wrd|                     ; 50 (50)             ; 28 (28)                   ; 0                 ; 0          ; 0    ; 0            ; |DE1_SOC_D8M_LB_RTL|FOCUS_ADJ:adl|VCM_I2C:i2c2|I2C_WRITE_WDATA:wrd                                                                       ; I2C_WRITE_WDATA           ; work         ;
;    |FpsMonitor:uFps2|                              ; 66 (66)             ; 44 (44)                   ; 0                 ; 0          ; 0    ; 0            ; |DE1_SOC_D8M_LB_RTL|FpsMonitor:uFps2                                                                                                     ; FpsMonitor                ; work         ;
;    |MIPI_BRIDGE_CAMERA_Config:cfin|                ; 1325 (1)            ; 436 (0)                   ; 0                 ; 0          ; 0    ; 0            ; |DE1_SOC_D8M_LB_RTL|MIPI_BRIDGE_CAMERA_Config:cfin                                                                                       ; MIPI_BRIDGE_CAMERA_Config ; work         ;
;       |MIPI_BRIDGE_CONFIG:mpiv|                    ; 384 (195)           ; 199 (94)                  ; 0                 ; 0          ; 0    ; 0            ; |DE1_SOC_D8M_LB_RTL|MIPI_BRIDGE_CAMERA_Config:cfin|MIPI_BRIDGE_CONFIG:mpiv                                                               ; MIPI_BRIDGE_CONFIG        ; work         ;
;          |CLOCKMEM:c1|                             ; 8 (8)               ; 1 (1)                     ; 0                 ; 0          ; 0    ; 0            ; |DE1_SOC_D8M_LB_RTL|MIPI_BRIDGE_CAMERA_Config:cfin|MIPI_BRIDGE_CONFIG:mpiv|CLOCKMEM:c1                                                   ; CLOCKMEM                  ; work         ;
;          |I2C_READ_DATA:rd|                        ; 65 (65)             ; 41 (41)                   ; 0                 ; 0          ; 0    ; 0            ; |DE1_SOC_D8M_LB_RTL|MIPI_BRIDGE_CAMERA_Config:cfin|MIPI_BRIDGE_CONFIG:mpiv|I2C_READ_DATA:rd                                              ; I2C_READ_DATA             ; work         ;
;          |I2C_WRITE_PTR:wpt|                       ; 66 (66)             ; 35 (35)                   ; 0                 ; 0          ; 0    ; 0            ; |DE1_SOC_D8M_LB_RTL|MIPI_BRIDGE_CAMERA_Config:cfin|MIPI_BRIDGE_CONFIG:mpiv|I2C_WRITE_PTR:wpt                                             ; I2C_WRITE_PTR             ; work         ;
;          |I2C_WRITE_WDATA:wrd|                     ; 50 (50)             ; 28 (28)                   ; 0                 ; 0          ; 0    ; 0            ; |DE1_SOC_D8M_LB_RTL|MIPI_BRIDGE_CAMERA_Config:cfin|MIPI_BRIDGE_CONFIG:mpiv|I2C_WRITE_WDATA:wrd                                           ; I2C_WRITE_WDATA           ; work         ;
;       |MIPI_CAMERA_CONFIG:camiv|                   ; 940 (752)           ; 237 (124)                 ; 0                 ; 0          ; 0    ; 0            ; |DE1_SOC_D8M_LB_RTL|MIPI_BRIDGE_CAMERA_Config:cfin|MIPI_CAMERA_CONFIG:camiv                                                              ; MIPI_CAMERA_CONFIG        ; work         ;
;          |CLOCKMEM:c1|                             ; 1 (1)               ; 1 (1)                     ; 0                 ; 0          ; 0    ; 0            ; |DE1_SOC_D8M_LB_RTL|MIPI_BRIDGE_CAMERA_Config:cfin|MIPI_CAMERA_CONFIG:camiv|CLOCKMEM:c1                                                  ; CLOCKMEM                  ; work         ;
;          |I2C_READ_DATA:rd|                        ; 66 (66)             ; 49 (49)                   ; 0                 ; 0          ; 0    ; 0            ; |DE1_SOC_D8M_LB_RTL|MIPI_BRIDGE_CAMERA_Config:cfin|MIPI_CAMERA_CONFIG:camiv|I2C_READ_DATA:rd                                             ; I2C_READ_DATA             ; work         ;
;          |I2C_WRITE_PTR:wpt|                       ; 69 (69)             ; 35 (35)                   ; 0                 ; 0          ; 0    ; 0            ; |DE1_SOC_D8M_LB_RTL|MIPI_BRIDGE_CAMERA_Config:cfin|MIPI_CAMERA_CONFIG:camiv|I2C_WRITE_PTR:wpt                                            ; I2C_WRITE_PTR             ; work         ;
;          |I2C_WRITE_WDATA:wrd|                     ; 52 (52)             ; 28 (28)                   ; 0                 ; 0          ; 0    ; 0            ; |DE1_SOC_D8M_LB_RTL|MIPI_BRIDGE_CAMERA_Config:cfin|MIPI_CAMERA_CONFIG:camiv|I2C_WRITE_WDATA:wrd                                          ; I2C_WRITE_WDATA           ; work         ;
;    |RESET_DELAY:u2|                                ; 42 (42)             ; 33 (33)                   ; 0                 ; 0          ; 0    ; 0            ; |DE1_SOC_D8M_LB_RTL|RESET_DELAY:u2                                                                                                       ; RESET_DELAY               ; work         ;
;    |pll_test:ref|                                  ; 0 (0)               ; 0 (0)                     ; 0                 ; 0          ; 0    ; 0            ; |DE1_SOC_D8M_LB_RTL|pll_test:ref                                                                                                         ; pll_test                  ; work         ;
;       |pll_test_0002:pll_test_inst|                ; 0 (0)               ; 0 (0)                     ; 0                 ; 0          ; 0    ; 0            ; |DE1_SOC_D8M_LB_RTL|pll_test:ref|pll_test_0002:pll_test_inst                                                                             ; pll_test_0002             ; work         ;
;          |altera_pll:altera_pll_i|                 ; 0 (0)               ; 0 (0)                     ; 0                 ; 0          ; 0    ; 0            ; |DE1_SOC_D8M_LB_RTL|pll_test:ref|pll_test_0002:pll_test_inst|altera_pll:altera_pll_i                                                     ; altera_pll                ; work         ;
;    |vga_pll:pllv|                                  ; 0 (0)               ; 0 (0)                     ; 0                 ; 0          ; 0    ; 0            ; |DE1_SOC_D8M_LB_RTL|vga_pll:pllv                                                                                                         ; vga_pll                   ; vga_pll      ;
;       |vga_pll_0002:vga_pll_inst|                  ; 0 (0)               ; 0 (0)                     ; 0                 ; 0          ; 0    ; 0            ; |DE1_SOC_D8M_LB_RTL|vga_pll:pllv|vga_pll_0002:vga_pll_inst                                                                               ; vga_pll_0002              ; vga_pll      ;
;          |altera_pll:altera_pll_i|                 ; 0 (0)               ; 0 (0)                     ; 0                 ; 0          ; 0    ; 0            ; |DE1_SOC_D8M_LB_RTL|vga_pll:pllv|vga_pll_0002:vga_pll_inst|altera_pll:altera_pll_i                                                       ; altera_pll                ; work         ;
+----------------------------------------------------+---------------------+---------------------------+-------------------+------------+------+--------------+------------------------------------------------------------------------------------------------------------------------------------------+---------------------------+--------------+
Note: For table entries with two numbers listed, the numbers in parentheses indicate the number of resources of the given type used by the specific entity alone. The numbers listed outside of parentheses indicate the total resources of the given type used by the specific entity and all of its sub-entities in the hierarchy.


+--------------------------------------------------------------------------------------------------------------------------------------------------------------------------------------------------------------------------------------+
; Analysis & Synthesis RAM Summary                                                                                                                                                                                                     ;
+---------------------------------------------------------------------------------------------------------------------------------+------+------------------+--------------+--------------+--------------+--------------+-------+------+
; Name                                                                                                                            ; Type ; Mode             ; Port A Depth ; Port A Width ; Port B Depth ; Port B Width ; Size  ; MIF  ;
+---------------------------------------------------------------------------------------------------------------------------------+------+------------------+--------------+--------------+--------------+--------------+-------+------+
; D8M_SET:ccd|RAW2RGB_L:u4|Line_Buffer_J:u0|int_line:d1|altsyncram:altsyncram_component|altsyncram_iup1:auto_generated|ALTSYNCRAM ; AUTO ; Simple Dual Port ; 4096         ; 10           ; 4096         ; 10           ; 40960 ; None ;
; D8M_SET:ccd|RAW2RGB_L:u4|Line_Buffer_J:u0|int_line:d2|altsyncram:altsyncram_component|altsyncram_iup1:auto_generated|ALTSYNCRAM ; AUTO ; Simple Dual Port ; 4096         ; 10           ; 4096         ; 10           ; 40960 ; None ;
; D8M_SET:ccd|RAW2RGB_L:u4|Line_Buffer_J:u0|int_line:d3|altsyncram:altsyncram_component|altsyncram_iup1:auto_generated|ALTSYNCRAM ; AUTO ; Simple Dual Port ; 4096         ; 10           ; 4096         ; 10           ; 40960 ; None ;
+---------------------------------------------------------------------------------------------------------------------------------+------+------------------+--------------+--------------+--------------+--------------+-------+------+


+-----------------------------------------------+
; Analysis & Synthesis DSP Block Usage Summary  ;
+---------------------------------+-------------+
; Statistic                       ; Number Used ;
+---------------------------------+-------------+
; Independent 18x18 plus 36       ; 2           ;
; Sum of two 18x18                ; 2           ;
; Total number of DSP blocks      ; 4           ;
;                                 ;             ;
; Fixed Point Unsigned Multiplier ; 6           ;
+---------------------------------+-------------+


+--------------------------------------------------------------------------------------------------------------------+
; Analysis & Synthesis IP Cores Summary                                                                              ;
+--------+--------------+---------+--------------+--------------+----------------------------------+-----------------+
; Vendor ; IP Core Name ; Version ; Release Date ; License Type ; Entity Instance                  ; IP Include File ;
+--------+--------------+---------+--------------+--------------+----------------------------------+-----------------+
; Altera ; altera_pll   ; 20.1    ; N/A          ; N/A          ; |DE1_SOC_D8M_LB_RTL|vga_pll:pllv ; vga_pll.v       ;
+--------+--------------+---------+--------------+--------------+----------------------------------+-----------------+


+-------------------------------------------------------------------------------------------------------------------------------------------------------------------------------------------+
; Registers Removed During Synthesis                                                                                                                                                        ;
+-----------------------------------------------------------------------------------------+-------------------------------------------------------------------------------------------------+
; Register name                                                                           ; Reason for Removal                                                                              ;
+-----------------------------------------------------------------------------------------+-------------------------------------------------------------------------------------------------+
; FOCUS_ADJ:adl|VCM_CTRL_P:pp|S[0..7]                                                     ; Lost fanout                                                                                     ;
; FOCUS_ADJ:adl|VCM_I2C:i2c2|I2C_RESET_DELAY:DY|READY                                     ; Stuck at VCC due to stuck port data_in                                                          ;
; MIPI_BRIDGE_CAMERA_Config:cfin|MIPI_BRIDGE_CONFIG:mpiv|I2C_RESET_DELAY:DY|READY         ; Stuck at VCC due to stuck port data_in                                                          ;
; MIPI_BRIDGE_CAMERA_Config:cfin|MIPI_CAMERA_CONFIG:camiv|SLV8_REG16_DATA8[23]            ; Stuck at GND due to stuck port data_in                                                          ;
; MIPI_BRIDGE_CAMERA_Config:cfin|MIPI_CAMERA_CONFIG:camiv|I2C_RESET_DELAY:DY|READY        ; Stuck at VCC due to stuck port data_in                                                          ;
; FOCUS_ADJ:adl|VCM_I2C:i2c2|R_VCM_DATA[4..13]                                            ; Lost fanout                                                                                     ;
; FOCUS_ADJ:adl|VCM_I2C:i2c2|I2C_RESET_DELAY:DY|DELAY[0..31]                              ; Lost fanout                                                                                     ;
; FOCUS_ADJ:adl|VCM_I2C:i2c2|I2C_READ_DATA:rd|DATA16[0..13]                               ; Lost fanout                                                                                     ;
; MIPI_BRIDGE_CAMERA_Config:cfin|MIPI_BRIDGE_CONFIG:mpiv|I2C_RESET_DELAY:DY|DELAY[0..31]  ; Lost fanout                                                                                     ;
; MIPI_BRIDGE_CAMERA_Config:cfin|MIPI_CAMERA_CONFIG:camiv|I2C_RESET_DELAY:DY|DELAY[0..31] ; Lost fanout                                                                                     ;
; FOCUS_ADJ:adl|LCD_COUNTER:cv1|rVS                                                       ; Merged with FOCUS_ADJ:adl|VCM_CTRL_P:pp|rVS                                                     ;
; MIPI_BRIDGE_CAMERA_Config:cfin|MIPI_CAMERA_CONFIG:camiv|ST[7]                           ; Merged with MIPI_BRIDGE_CAMERA_Config:cfin|MIPI_CAMERA_CONFIG:camiv|ST[6]                       ;
; MIPI_BRIDGE_CAMERA_Config:cfin|MIPI_BRIDGE_CONFIG:mpiv|CLOCKMEM:c1|CLK_DELAY[31]        ; Merged with FOCUS_ADJ:adl|VCM_I2C:i2c2|CLOCKMEM:c1|CLK_DELAY[31]                                ;
; MIPI_BRIDGE_CAMERA_Config:cfin|MIPI_CAMERA_CONFIG:camiv|CLOCKMEM:c1|CLK_DELAY[31]       ; Merged with FOCUS_ADJ:adl|VCM_I2C:i2c2|CLOCKMEM:c1|CLK_DELAY[31]                                ;
; MIPI_BRIDGE_CAMERA_Config:cfin|MIPI_BRIDGE_CONFIG:mpiv|CLOCKMEM:c1|CLK_DELAY[30]        ; Merged with FOCUS_ADJ:adl|VCM_I2C:i2c2|CLOCKMEM:c1|CLK_DELAY[30]                                ;
; MIPI_BRIDGE_CAMERA_Config:cfin|MIPI_CAMERA_CONFIG:camiv|CLOCKMEM:c1|CLK_DELAY[30]       ; Merged with FOCUS_ADJ:adl|VCM_I2C:i2c2|CLOCKMEM:c1|CLK_DELAY[30]                                ;
; MIPI_BRIDGE_CAMERA_Config:cfin|MIPI_BRIDGE_CONFIG:mpiv|CLOCKMEM:c1|CLK_DELAY[29]        ; Merged with FOCUS_ADJ:adl|VCM_I2C:i2c2|CLOCKMEM:c1|CLK_DELAY[29]                                ;
; MIPI_BRIDGE_CAMERA_Config:cfin|MIPI_CAMERA_CONFIG:camiv|CLOCKMEM:c1|CLK_DELAY[29]       ; Merged with FOCUS_ADJ:adl|VCM_I2C:i2c2|CLOCKMEM:c1|CLK_DELAY[29]                                ;
; MIPI_BRIDGE_CAMERA_Config:cfin|MIPI_BRIDGE_CONFIG:mpiv|CLOCKMEM:c1|CLK_DELAY[28]        ; Merged with FOCUS_ADJ:adl|VCM_I2C:i2c2|CLOCKMEM:c1|CLK_DELAY[28]                                ;
; MIPI_BRIDGE_CAMERA_Config:cfin|MIPI_CAMERA_CONFIG:camiv|CLOCKMEM:c1|CLK_DELAY[28]       ; Merged with FOCUS_ADJ:adl|VCM_I2C:i2c2|CLOCKMEM:c1|CLK_DELAY[28]                                ;
; MIPI_BRIDGE_CAMERA_Config:cfin|MIPI_BRIDGE_CONFIG:mpiv|CLOCKMEM:c1|CLK_DELAY[27]        ; Merged with FOCUS_ADJ:adl|VCM_I2C:i2c2|CLOCKMEM:c1|CLK_DELAY[27]                                ;
; MIPI_BRIDGE_CAMERA_Config:cfin|MIPI_CAMERA_CONFIG:camiv|CLOCKMEM:c1|CLK_DELAY[27]       ; Merged with FOCUS_ADJ:adl|VCM_I2C:i2c2|CLOCKMEM:c1|CLK_DELAY[27]                                ;
; MIPI_BRIDGE_CAMERA_Config:cfin|MIPI_BRIDGE_CONFIG:mpiv|CLOCKMEM:c1|CLK_DELAY[26]        ; Merged with FOCUS_ADJ:adl|VCM_I2C:i2c2|CLOCKMEM:c1|CLK_DELAY[26]                                ;
; MIPI_BRIDGE_CAMERA_Config:cfin|MIPI_CAMERA_CONFIG:camiv|CLOCKMEM:c1|CLK_DELAY[26]       ; Merged with FOCUS_ADJ:adl|VCM_I2C:i2c2|CLOCKMEM:c1|CLK_DELAY[26]                                ;
; MIPI_BRIDGE_CAMERA_Config:cfin|MIPI_BRIDGE_CONFIG:mpiv|CLOCKMEM:c1|CLK_DELAY[25]        ; Merged with FOCUS_ADJ:adl|VCM_I2C:i2c2|CLOCKMEM:c1|CLK_DELAY[25]                                ;
; MIPI_BRIDGE_CAMERA_Config:cfin|MIPI_CAMERA_CONFIG:camiv|CLOCKMEM:c1|CLK_DELAY[25]       ; Merged with FOCUS_ADJ:adl|VCM_I2C:i2c2|CLOCKMEM:c1|CLK_DELAY[25]                                ;
; MIPI_BRIDGE_CAMERA_Config:cfin|MIPI_BRIDGE_CONFIG:mpiv|CLOCKMEM:c1|CLK_DELAY[24]        ; Merged with FOCUS_ADJ:adl|VCM_I2C:i2c2|CLOCKMEM:c1|CLK_DELAY[24]                                ;
; MIPI_BRIDGE_CAMERA_Config:cfin|MIPI_CAMERA_CONFIG:camiv|CLOCKMEM:c1|CLK_DELAY[24]       ; Merged with FOCUS_ADJ:adl|VCM_I2C:i2c2|CLOCKMEM:c1|CLK_DELAY[24]                                ;
; MIPI_BRIDGE_CAMERA_Config:cfin|MIPI_BRIDGE_CONFIG:mpiv|CLOCKMEM:c1|CLK_DELAY[23]        ; Merged with FOCUS_ADJ:adl|VCM_I2C:i2c2|CLOCKMEM:c1|CLK_DELAY[23]                                ;
; MIPI_BRIDGE_CAMERA_Config:cfin|MIPI_CAMERA_CONFIG:camiv|CLOCKMEM:c1|CLK_DELAY[23]       ; Merged with FOCUS_ADJ:adl|VCM_I2C:i2c2|CLOCKMEM:c1|CLK_DELAY[23]                                ;
; MIPI_BRIDGE_CAMERA_Config:cfin|MIPI_BRIDGE_CONFIG:mpiv|CLOCKMEM:c1|CLK_DELAY[22]        ; Merged with FOCUS_ADJ:adl|VCM_I2C:i2c2|CLOCKMEM:c1|CLK_DELAY[22]                                ;
; MIPI_BRIDGE_CAMERA_Config:cfin|MIPI_CAMERA_CONFIG:camiv|CLOCKMEM:c1|CLK_DELAY[22]       ; Merged with FOCUS_ADJ:adl|VCM_I2C:i2c2|CLOCKMEM:c1|CLK_DELAY[22]                                ;
; MIPI_BRIDGE_CAMERA_Config:cfin|MIPI_BRIDGE_CONFIG:mpiv|CLOCKMEM:c1|CLK_DELAY[21]        ; Merged with FOCUS_ADJ:adl|VCM_I2C:i2c2|CLOCKMEM:c1|CLK_DELAY[21]                                ;
; MIPI_BRIDGE_CAMERA_Config:cfin|MIPI_CAMERA_CONFIG:camiv|CLOCKMEM:c1|CLK_DELAY[21]       ; Merged with FOCUS_ADJ:adl|VCM_I2C:i2c2|CLOCKMEM:c1|CLK_DELAY[21]                                ;
; MIPI_BRIDGE_CAMERA_Config:cfin|MIPI_BRIDGE_CONFIG:mpiv|CLOCKMEM:c1|CLK_DELAY[20]        ; Merged with FOCUS_ADJ:adl|VCM_I2C:i2c2|CLOCKMEM:c1|CLK_DELAY[20]                                ;
; MIPI_BRIDGE_CAMERA_Config:cfin|MIPI_CAMERA_CONFIG:camiv|CLOCKMEM:c1|CLK_DELAY[20]       ; Merged with FOCUS_ADJ:adl|VCM_I2C:i2c2|CLOCKMEM:c1|CLK_DELAY[20]                                ;
; MIPI_BRIDGE_CAMERA_Config:cfin|MIPI_BRIDGE_CONFIG:mpiv|CLOCKMEM:c1|CLK_DELAY[19]        ; Merged with FOCUS_ADJ:adl|VCM_I2C:i2c2|CLOCKMEM:c1|CLK_DELAY[19]                                ;
; MIPI_BRIDGE_CAMERA_Config:cfin|MIPI_CAMERA_CONFIG:camiv|CLOCKMEM:c1|CLK_DELAY[19]       ; Merged with FOCUS_ADJ:adl|VCM_I2C:i2c2|CLOCKMEM:c1|CLK_DELAY[19]                                ;
; MIPI_BRIDGE_CAMERA_Config:cfin|MIPI_BRIDGE_CONFIG:mpiv|CLOCKMEM:c1|CLK_DELAY[18]        ; Merged with FOCUS_ADJ:adl|VCM_I2C:i2c2|CLOCKMEM:c1|CLK_DELAY[18]                                ;
; MIPI_BRIDGE_CAMERA_Config:cfin|MIPI_CAMERA_CONFIG:camiv|CLOCKMEM:c1|CLK_DELAY[18]       ; Merged with FOCUS_ADJ:adl|VCM_I2C:i2c2|CLOCKMEM:c1|CLK_DELAY[18]                                ;
; MIPI_BRIDGE_CAMERA_Config:cfin|MIPI_BRIDGE_CONFIG:mpiv|CLOCKMEM:c1|CLK_DELAY[17]        ; Merged with FOCUS_ADJ:adl|VCM_I2C:i2c2|CLOCKMEM:c1|CLK_DELAY[17]                                ;
; MIPI_BRIDGE_CAMERA_Config:cfin|MIPI_CAMERA_CONFIG:camiv|CLOCKMEM:c1|CLK_DELAY[17]       ; Merged with FOCUS_ADJ:adl|VCM_I2C:i2c2|CLOCKMEM:c1|CLK_DELAY[17]                                ;
; MIPI_BRIDGE_CAMERA_Config:cfin|MIPI_BRIDGE_CONFIG:mpiv|CLOCKMEM:c1|CLK_DELAY[16]        ; Merged with FOCUS_ADJ:adl|VCM_I2C:i2c2|CLOCKMEM:c1|CLK_DELAY[16]                                ;
; MIPI_BRIDGE_CAMERA_Config:cfin|MIPI_CAMERA_CONFIG:camiv|CLOCKMEM:c1|CLK_DELAY[16]       ; Merged with FOCUS_ADJ:adl|VCM_I2C:i2c2|CLOCKMEM:c1|CLK_DELAY[16]                                ;
; MIPI_BRIDGE_CAMERA_Config:cfin|MIPI_BRIDGE_CONFIG:mpiv|CLOCKMEM:c1|CLK_DELAY[15]        ; Merged with FOCUS_ADJ:adl|VCM_I2C:i2c2|CLOCKMEM:c1|CLK_DELAY[15]                                ;
; MIPI_BRIDGE_CAMERA_Config:cfin|MIPI_CAMERA_CONFIG:camiv|CLOCKMEM:c1|CLK_DELAY[15]       ; Merged with FOCUS_ADJ:adl|VCM_I2C:i2c2|CLOCKMEM:c1|CLK_DELAY[15]                                ;
; MIPI_BRIDGE_CAMERA_Config:cfin|MIPI_BRIDGE_CONFIG:mpiv|CLOCKMEM:c1|CLK_DELAY[14]        ; Merged with FOCUS_ADJ:adl|VCM_I2C:i2c2|CLOCKMEM:c1|CLK_DELAY[14]                                ;
; MIPI_BRIDGE_CAMERA_Config:cfin|MIPI_CAMERA_CONFIG:camiv|CLOCKMEM:c1|CLK_DELAY[14]       ; Merged with FOCUS_ADJ:adl|VCM_I2C:i2c2|CLOCKMEM:c1|CLK_DELAY[14]                                ;
; MIPI_BRIDGE_CAMERA_Config:cfin|MIPI_BRIDGE_CONFIG:mpiv|CLOCKMEM:c1|CLK_DELAY[13]        ; Merged with FOCUS_ADJ:adl|VCM_I2C:i2c2|CLOCKMEM:c1|CLK_DELAY[13]                                ;
; MIPI_BRIDGE_CAMERA_Config:cfin|MIPI_CAMERA_CONFIG:camiv|CLOCKMEM:c1|CLK_DELAY[13]       ; Merged with FOCUS_ADJ:adl|VCM_I2C:i2c2|CLOCKMEM:c1|CLK_DELAY[13]                                ;
; MIPI_BRIDGE_CAMERA_Config:cfin|MIPI_BRIDGE_CONFIG:mpiv|CLOCKMEM:c1|CLK_DELAY[12]        ; Merged with FOCUS_ADJ:adl|VCM_I2C:i2c2|CLOCKMEM:c1|CLK_DELAY[12]                                ;
; MIPI_BRIDGE_CAMERA_Config:cfin|MIPI_CAMERA_CONFIG:camiv|CLOCKMEM:c1|CLK_DELAY[12]       ; Merged with FOCUS_ADJ:adl|VCM_I2C:i2c2|CLOCKMEM:c1|CLK_DELAY[12]                                ;
; MIPI_BRIDGE_CAMERA_Config:cfin|MIPI_BRIDGE_CONFIG:mpiv|CLOCKMEM:c1|CLK_DELAY[11]        ; Merged with FOCUS_ADJ:adl|VCM_I2C:i2c2|CLOCKMEM:c1|CLK_DELAY[11]                                ;
; MIPI_BRIDGE_CAMERA_Config:cfin|MIPI_CAMERA_CONFIG:camiv|CLOCKMEM:c1|CLK_DELAY[11]       ; Merged with FOCUS_ADJ:adl|VCM_I2C:i2c2|CLOCKMEM:c1|CLK_DELAY[11]                                ;
; MIPI_BRIDGE_CAMERA_Config:cfin|MIPI_BRIDGE_CONFIG:mpiv|CLOCKMEM:c1|CLK_DELAY[10]        ; Merged with FOCUS_ADJ:adl|VCM_I2C:i2c2|CLOCKMEM:c1|CLK_DELAY[10]                                ;
; MIPI_BRIDGE_CAMERA_Config:cfin|MIPI_CAMERA_CONFIG:camiv|CLOCKMEM:c1|CLK_DELAY[10]       ; Merged with FOCUS_ADJ:adl|VCM_I2C:i2c2|CLOCKMEM:c1|CLK_DELAY[10]                                ;
; MIPI_BRIDGE_CAMERA_Config:cfin|MIPI_BRIDGE_CONFIG:mpiv|CLOCKMEM:c1|CLK_DELAY[9]         ; Merged with FOCUS_ADJ:adl|VCM_I2C:i2c2|CLOCKMEM:c1|CLK_DELAY[9]                                 ;
; MIPI_BRIDGE_CAMERA_Config:cfin|MIPI_CAMERA_CONFIG:camiv|CLOCKMEM:c1|CLK_DELAY[9]        ; Merged with FOCUS_ADJ:adl|VCM_I2C:i2c2|CLOCKMEM:c1|CLK_DELAY[9]                                 ;
; MIPI_BRIDGE_CAMERA_Config:cfin|MIPI_BRIDGE_CONFIG:mpiv|CLOCKMEM:c1|CLK_DELAY[8]         ; Merged with FOCUS_ADJ:adl|VCM_I2C:i2c2|CLOCKMEM:c1|CLK_DELAY[8]                                 ;
; MIPI_BRIDGE_CAMERA_Config:cfin|MIPI_CAMERA_CONFIG:camiv|CLOCKMEM:c1|CLK_DELAY[8]        ; Merged with FOCUS_ADJ:adl|VCM_I2C:i2c2|CLOCKMEM:c1|CLK_DELAY[8]                                 ;
; MIPI_BRIDGE_CAMERA_Config:cfin|MIPI_BRIDGE_CONFIG:mpiv|CLOCKMEM:c1|CLK_DELAY[7]         ; Merged with FOCUS_ADJ:adl|VCM_I2C:i2c2|CLOCKMEM:c1|CLK_DELAY[7]                                 ;
; MIPI_BRIDGE_CAMERA_Config:cfin|MIPI_CAMERA_CONFIG:camiv|CLOCKMEM:c1|CLK_DELAY[7]        ; Merged with FOCUS_ADJ:adl|VCM_I2C:i2c2|CLOCKMEM:c1|CLK_DELAY[7]                                 ;
; MIPI_BRIDGE_CAMERA_Config:cfin|MIPI_BRIDGE_CONFIG:mpiv|CLOCKMEM:c1|CLK_DELAY[6]         ; Merged with FOCUS_ADJ:adl|VCM_I2C:i2c2|CLOCKMEM:c1|CLK_DELAY[6]                                 ;
; MIPI_BRIDGE_CAMERA_Config:cfin|MIPI_CAMERA_CONFIG:camiv|CLOCKMEM:c1|CLK_DELAY[6]        ; Merged with FOCUS_ADJ:adl|VCM_I2C:i2c2|CLOCKMEM:c1|CLK_DELAY[6]                                 ;
; MIPI_BRIDGE_CAMERA_Config:cfin|MIPI_BRIDGE_CONFIG:mpiv|CLOCKMEM:c1|CLK_DELAY[5]         ; Merged with FOCUS_ADJ:adl|VCM_I2C:i2c2|CLOCKMEM:c1|CLK_DELAY[5]                                 ;
; MIPI_BRIDGE_CAMERA_Config:cfin|MIPI_CAMERA_CONFIG:camiv|CLOCKMEM:c1|CLK_DELAY[5]        ; Merged with FOCUS_ADJ:adl|VCM_I2C:i2c2|CLOCKMEM:c1|CLK_DELAY[5]                                 ;
; MIPI_BRIDGE_CAMERA_Config:cfin|MIPI_BRIDGE_CONFIG:mpiv|CLOCKMEM:c1|CLK_DELAY[4]         ; Merged with FOCUS_ADJ:adl|VCM_I2C:i2c2|CLOCKMEM:c1|CLK_DELAY[4]                                 ;
; MIPI_BRIDGE_CAMERA_Config:cfin|MIPI_CAMERA_CONFIG:camiv|CLOCKMEM:c1|CLK_DELAY[4]        ; Merged with FOCUS_ADJ:adl|VCM_I2C:i2c2|CLOCKMEM:c1|CLK_DELAY[4]                                 ;
; MIPI_BRIDGE_CAMERA_Config:cfin|MIPI_BRIDGE_CONFIG:mpiv|CLOCKMEM:c1|CLK_DELAY[3]         ; Merged with FOCUS_ADJ:adl|VCM_I2C:i2c2|CLOCKMEM:c1|CLK_DELAY[3]                                 ;
; MIPI_BRIDGE_CAMERA_Config:cfin|MIPI_CAMERA_CONFIG:camiv|CLOCKMEM:c1|CLK_DELAY[3]        ; Merged with FOCUS_ADJ:adl|VCM_I2C:i2c2|CLOCKMEM:c1|CLK_DELAY[3]                                 ;
; MIPI_BRIDGE_CAMERA_Config:cfin|MIPI_BRIDGE_CONFIG:mpiv|CLOCKMEM:c1|CLK_DELAY[2]         ; Merged with FOCUS_ADJ:adl|VCM_I2C:i2c2|CLOCKMEM:c1|CLK_DELAY[2]                                 ;
; MIPI_BRIDGE_CAMERA_Config:cfin|MIPI_CAMERA_CONFIG:camiv|CLOCKMEM:c1|CLK_DELAY[2]        ; Merged with FOCUS_ADJ:adl|VCM_I2C:i2c2|CLOCKMEM:c1|CLK_DELAY[2]                                 ;
; MIPI_BRIDGE_CAMERA_Config:cfin|MIPI_BRIDGE_CONFIG:mpiv|CLOCKMEM:c1|CLK_DELAY[1]         ; Merged with FOCUS_ADJ:adl|VCM_I2C:i2c2|CLOCKMEM:c1|CLK_DELAY[1]                                 ;
; MIPI_BRIDGE_CAMERA_Config:cfin|MIPI_CAMERA_CONFIG:camiv|CLOCKMEM:c1|CLK_DELAY[1]        ; Merged with FOCUS_ADJ:adl|VCM_I2C:i2c2|CLOCKMEM:c1|CLK_DELAY[1]                                 ;
; MIPI_BRIDGE_CAMERA_Config:cfin|MIPI_BRIDGE_CONFIG:mpiv|CLOCKMEM:c1|CLK_DELAY[0]         ; Merged with FOCUS_ADJ:adl|VCM_I2C:i2c2|CLOCKMEM:c1|CLK_DELAY[0]                                 ;
; MIPI_BRIDGE_CAMERA_Config:cfin|MIPI_CAMERA_CONFIG:camiv|CLOCKMEM:c1|CLK_DELAY[0]        ; Merged with FOCUS_ADJ:adl|VCM_I2C:i2c2|CLOCKMEM:c1|CLK_DELAY[0]                                 ;
; MIPI_BRIDGE_CAMERA_Config:cfin|MIPI_BRIDGE_CONFIG:mpiv|REG16_DATA16[23..31]             ; Merged with MIPI_BRIDGE_CAMERA_Config:cfin|MIPI_BRIDGE_CONFIG:mpiv|REG16_DATA16[16]             ;
; MIPI_BRIDGE_CAMERA_Config:cfin|MIPI_BRIDGE_CONFIG:mpiv|REG16_DATA16[7,13,14]            ; Merged with MIPI_BRIDGE_CAMERA_Config:cfin|MIPI_BRIDGE_CONFIG:mpiv|REG16_DATA16[11]             ;
; MIPI_BRIDGE_CAMERA_Config:cfin|MIPI_BRIDGE_CONFIG:mpiv|REG16_DATA16[9]                  ; Merged with MIPI_BRIDGE_CAMERA_Config:cfin|MIPI_BRIDGE_CONFIG:mpiv|REG16_DATA16[10]             ;
; MIPI_BRIDGE_CAMERA_Config:cfin|MIPI_CAMERA_CONFIG:camiv|SLV8_REG16_DATA8[31]            ; Merged with MIPI_BRIDGE_CAMERA_Config:cfin|MIPI_CAMERA_CONFIG:camiv|SLV8_REG16_DATA8[25]        ;
; MIPI_BRIDGE_CAMERA_Config:cfin|MIPI_CAMERA_CONFIG:camiv|SLV8_REG16_DATA8[29]            ; Merged with MIPI_BRIDGE_CAMERA_Config:cfin|MIPI_CAMERA_CONFIG:camiv|SLV8_REG16_DATA8[27]        ;
; MIPI_BRIDGE_CAMERA_Config:cfin|MIPI_CAMERA_CONFIG:camiv|SLV8_REG16_DATA8[28]            ; Merged with MIPI_BRIDGE_CAMERA_Config:cfin|MIPI_CAMERA_CONFIG:camiv|SLV8_REG16_DATA8[24]        ;
; MIPI_BRIDGE_CAMERA_Config:cfin|MIPI_CAMERA_CONFIG:camiv|I2C_WRITE_WDATA:wrd|ST[7]       ; Merged with MIPI_BRIDGE_CAMERA_Config:cfin|MIPI_CAMERA_CONFIG:camiv|I2C_WRITE_WDATA:wrd|ST[6]   ;
; MIPI_BRIDGE_CAMERA_Config:cfin|MIPI_CAMERA_CONFIG:camiv|I2C_WRITE_PTR:wpt|ST[6,7]       ; Merged with MIPI_BRIDGE_CAMERA_Config:cfin|MIPI_CAMERA_CONFIG:camiv|I2C_WRITE_PTR:wpt|ST[5]     ;
; MIPI_BRIDGE_CAMERA_Config:cfin|MIPI_CAMERA_CONFIG:camiv|I2C_READ_DATA:rd|ST[7]          ; Merged with MIPI_BRIDGE_CAMERA_Config:cfin|MIPI_CAMERA_CONFIG:camiv|I2C_READ_DATA:rd|ST[6]      ;
; FOCUS_ADJ:adl|VCM_I2C:i2c2|I2C_WRITE_WDATA:wrd|ST[7]                                    ; Merged with FOCUS_ADJ:adl|VCM_I2C:i2c2|I2C_WRITE_WDATA:wrd|ST[6]                                ;
; FOCUS_ADJ:adl|VCM_I2C:i2c2|I2C_WRITE_PTR:wpt|ST[6,7]                                    ; Merged with FOCUS_ADJ:adl|VCM_I2C:i2c2|I2C_WRITE_PTR:wpt|ST[5]                                  ;
; FOCUS_ADJ:adl|VCM_I2C:i2c2|I2C_READ_DATA:rd|ST[7]                                       ; Merged with FOCUS_ADJ:adl|VCM_I2C:i2c2|I2C_READ_DATA:rd|ST[6]                                   ;
; MIPI_BRIDGE_CAMERA_Config:cfin|MIPI_BRIDGE_CONFIG:mpiv|I2C_WRITE_WDATA:wrd|ST[7]        ; Merged with MIPI_BRIDGE_CAMERA_Config:cfin|MIPI_BRIDGE_CONFIG:mpiv|I2C_WRITE_WDATA:wrd|ST[6]    ;
; MIPI_BRIDGE_CAMERA_Config:cfin|MIPI_BRIDGE_CONFIG:mpiv|I2C_WRITE_PTR:wpt|ST[6,7]        ; Merged with MIPI_BRIDGE_CAMERA_Config:cfin|MIPI_BRIDGE_CONFIG:mpiv|I2C_WRITE_PTR:wpt|ST[5]      ;
; MIPI_BRIDGE_CAMERA_Config:cfin|MIPI_BRIDGE_CONFIG:mpiv|I2C_READ_DATA:rd|ST[7]           ; Merged with MIPI_BRIDGE_CAMERA_Config:cfin|MIPI_BRIDGE_CONFIG:mpiv|I2C_READ_DATA:rd|ST[6]       ;
; MIPI_BRIDGE_CAMERA_Config:cfin|MIPI_CAMERA_CONFIG:camiv|I2C_WRITE_WDATA:wrd|BYTE[4..7]  ; Merged with MIPI_BRIDGE_CAMERA_Config:cfin|MIPI_CAMERA_CONFIG:camiv|I2C_WRITE_WDATA:wrd|BYTE[3] ;
; MIPI_BRIDGE_CAMERA_Config:cfin|MIPI_CAMERA_CONFIG:camiv|I2C_WRITE_PTR:wpt|BYTE[3..7]    ; Merged with MIPI_BRIDGE_CAMERA_Config:cfin|MIPI_CAMERA_CONFIG:camiv|I2C_WRITE_PTR:wpt|BYTE[2]   ;
; FOCUS_ADJ:adl|VCM_I2C:i2c2|I2C_WRITE_WDATA:wrd|BYTE[4..7]                               ; Merged with FOCUS_ADJ:adl|VCM_I2C:i2c2|I2C_WRITE_WDATA:wrd|BYTE[3]                              ;
; FOCUS_ADJ:adl|VCM_I2C:i2c2|I2C_WRITE_PTR:wpt|BYTE[3..7]                                 ; Merged with FOCUS_ADJ:adl|VCM_I2C:i2c2|I2C_WRITE_PTR:wpt|BYTE[2]                                ;
; MIPI_BRIDGE_CAMERA_Config:cfin|MIPI_BRIDGE_CONFIG:mpiv|I2C_WRITE_WDATA:wrd|BYTE[4..7]   ; Merged with MIPI_BRIDGE_CAMERA_Config:cfin|MIPI_BRIDGE_CONFIG:mpiv|I2C_WRITE_WDATA:wrd|BYTE[3]  ;
; MIPI_BRIDGE_CAMERA_Config:cfin|MIPI_BRIDGE_CONFIG:mpiv|I2C_WRITE_PTR:wpt|BYTE[3..7]     ; Merged with MIPI_BRIDGE_CAMERA_Config:cfin|MIPI_BRIDGE_CONFIG:mpiv|I2C_WRITE_PTR:wpt|BYTE[2]    ;
; FOCUS_ADJ:adl|VCM_I2C:i2c2|ST[7]                                                        ; Merged with FOCUS_ADJ:adl|VCM_I2C:i2c2|ST[6]                                                    ;
; MIPI_BRIDGE_CAMERA_Config:cfin|MIPI_CAMERA_CONFIG:camiv|SLAVE_ADDR[7]                   ; Merged with MIPI_BRIDGE_CAMERA_Config:cfin|MIPI_CAMERA_CONFIG:camiv|SLAVE_ADDR[1]               ;
; FOCUS_ADJ:adl|VCM_I2C:i2c2|POINTER[7]                                                   ; Merged with FOCUS_ADJ:adl|VCM_I2C:i2c2|POINTER[6]                                               ;
; FOCUS_ADJ:adl|VCM_I2C:i2c2|SLAVE_ADDR[0..2,5..7]                                        ; Merged with FOCUS_ADJ:adl|VCM_I2C:i2c2|POINTER[6]                                               ;
; MIPI_BRIDGE_CAMERA_Config:cfin|MIPI_BRIDGE_CONFIG:mpiv|POINTER[7..15]                   ; Merged with MIPI_BRIDGE_CAMERA_Config:cfin|MIPI_BRIDGE_CONFIG:mpiv|POINTER[0]                   ;
; MIPI_BRIDGE_CAMERA_Config:cfin|MIPI_BRIDGE_CONFIG:mpiv|SLAVE_ADDR[1,5..7]               ; Merged with MIPI_BRIDGE_CAMERA_Config:cfin|MIPI_BRIDGE_CONFIG:mpiv|SLAVE_ADDR[0]                ;
; MIPI_BRIDGE_CAMERA_Config:cfin|MIPI_BRIDGE_CONFIG:mpiv|WORD_DATA[7,13,14]               ; Merged with MIPI_BRIDGE_CAMERA_Config:cfin|MIPI_BRIDGE_CONFIG:mpiv|WORD_DATA[11]                ;
; MIPI_BRIDGE_CAMERA_Config:cfin|MIPI_CAMERA_CONFIG:camiv|SLAVE_ADDR[6]                   ; Merged with MIPI_BRIDGE_CAMERA_Config:cfin|MIPI_CAMERA_CONFIG:camiv|SLAVE_ADDR[2]               ;
; MIPI_BRIDGE_CAMERA_Config:cfin|MIPI_CAMERA_CONFIG:camiv|SLAVE_ADDR[5]                   ; Merged with MIPI_BRIDGE_CAMERA_Config:cfin|MIPI_CAMERA_CONFIG:camiv|SLAVE_ADDR[3]               ;
; MIPI_BRIDGE_CAMERA_Config:cfin|MIPI_CAMERA_CONFIG:camiv|SLAVE_ADDR[4]                   ; Merged with MIPI_BRIDGE_CAMERA_Config:cfin|MIPI_CAMERA_CONFIG:camiv|SLAVE_ADDR[0]               ;
; FOCUS_ADJ:adl|VCM_I2C:i2c2|SLAVE_ADDR[4]                                                ; Merged with FOCUS_ADJ:adl|VCM_I2C:i2c2|SLAVE_ADDR[3]                                            ;
; FOCUS_ADJ:adl|VCM_I2C:i2c2|WORD_DATA[0..3]                                              ; Merged with FOCUS_ADJ:adl|VCM_I2C:i2c2|SLAVE_ADDR[3]                                            ;
; MIPI_BRIDGE_CAMERA_Config:cfin|MIPI_BRIDGE_CONFIG:mpiv|SLAVE_ADDR[3,4]                  ; Merged with MIPI_BRIDGE_CAMERA_Config:cfin|MIPI_BRIDGE_CONFIG:mpiv|SLAVE_ADDR[2]                ;
; MIPI_BRIDGE_CAMERA_Config:cfin|MIPI_CAMERA_CONFIG:camiv|SLV8_REG16_DATA8[30]            ; Merged with MIPI_BRIDGE_CAMERA_Config:cfin|MIPI_CAMERA_CONFIG:camiv|SLV8_REG16_DATA8[26]        ;
; MIPI_BRIDGE_CAMERA_Config:cfin|MIPI_BRIDGE_CONFIG:mpiv|WORD_DATA[9]                     ; Merged with MIPI_BRIDGE_CAMERA_Config:cfin|MIPI_BRIDGE_CONFIG:mpiv|WORD_DATA[10]                ;
; MIPI_BRIDGE_CAMERA_Config:cfin|MIPI_BRIDGE_CONFIG:mpiv|REG16_DATA16[11]                 ; Stuck at GND due to stuck port data_in                                                          ;
; MIPI_BRIDGE_CAMERA_Config:cfin|MIPI_BRIDGE_CONFIG:mpiv|WORD_DATA[11]                    ; Stuck at GND due to stuck port data_in                                                          ;
; MIPI_BRIDGE_CAMERA_Config:cfin|MIPI_CAMERA_CONFIG:camiv|SLV8_REG16_DATA8[27]            ; Stuck at VCC due to stuck port data_in                                                          ;
; MIPI_BRIDGE_CAMERA_Config:cfin|MIPI_CAMERA_CONFIG:camiv|SLV8_REG16_DATA8[24]            ; Stuck at GND due to stuck port data_in                                                          ;
; MIPI_BRIDGE_CAMERA_Config:cfin|MIPI_CAMERA_CONFIG:camiv|POINTER[15]                     ; Stuck at GND due to stuck port data_in                                                          ;
; FOCUS_ADJ:adl|VCM_I2C:i2c2|POINTER[6]                                                   ; Stuck at GND due to stuck port data_in                                                          ;
; MIPI_BRIDGE_CAMERA_Config:cfin|MIPI_BRIDGE_CONFIG:mpiv|SLAVE_ADDR[0]                    ; Stuck at GND due to stuck port data_in                                                          ;
; MIPI_BRIDGE_CAMERA_Config:cfin|MIPI_CAMERA_CONFIG:camiv|SLAVE_ADDR[3]                   ; Stuck at VCC due to stuck port data_in                                                          ;
; MIPI_BRIDGE_CAMERA_Config:cfin|MIPI_CAMERA_CONFIG:camiv|SLAVE_ADDR[0]                   ; Stuck at GND due to stuck port data_in                                                          ;
; FOCUS_ADJ:adl|VCM_I2C:i2c2|SLAVE_ADDR[3]                                                ; Stuck at VCC due to stuck port data_in                                                          ;
; MIPI_BRIDGE_CAMERA_Config:cfin|MIPI_BRIDGE_CONFIG:mpiv|SLAVE_ADDR[2]                    ; Stuck at VCC due to stuck port data_in                                                          ;
; MIPI_BRIDGE_CAMERA_Config:cfin|MIPI_CAMERA_CONFIG:camiv|I2C_WRITE_PTR:wpt|BYTE[2]       ; Stuck at GND due to stuck port data_in                                                          ;
; FOCUS_ADJ:adl|VCM_I2C:i2c2|I2C_WRITE_PTR:wpt|BYTE[2]                                    ; Stuck at GND due to stuck port data_in                                                          ;
; MIPI_BRIDGE_CAMERA_Config:cfin|MIPI_BRIDGE_CONFIG:mpiv|I2C_WRITE_PTR:wpt|BYTE[2]        ; Stuck at GND due to stuck port data_in                                                          ;
; MIPI_BRIDGE_CAMERA_Config:cfin|MIPI_CAMERA_CONFIG:camiv|I2C_WRITE_WDATA:wrd|BYTE[3]     ; Stuck at GND due to stuck port data_in                                                          ;
; FOCUS_ADJ:adl|VCM_I2C:i2c2|I2C_WRITE_WDATA:wrd|BYTE[3]                                  ; Stuck at GND due to stuck port data_in                                                          ;
; MIPI_BRIDGE_CAMERA_Config:cfin|MIPI_BRIDGE_CONFIG:mpiv|I2C_WRITE_WDATA:wrd|BYTE[3]      ; Stuck at GND due to stuck port data_in                                                          ;
; MIPI_BRIDGE_CAMERA_Config:cfin|MIPI_BRIDGE_CONFIG:mpiv|ST[6,7]                          ; Stuck at GND due to stuck port clock_enable                                                     ;
; MIPI_BRIDGE_CAMERA_Config:cfin|MIPI_CAMERA_CONFIG:camiv|I2C_WRITE_WDATA:wrd|ST[5]       ; Stuck at GND due to stuck port data_in                                                          ;
; MIPI_BRIDGE_CAMERA_Config:cfin|MIPI_CAMERA_CONFIG:camiv|I2C_WRITE_WDATA:wrd|ST[6]       ; Stuck at GND due to stuck port clock_enable                                                     ;
; MIPI_BRIDGE_CAMERA_Config:cfin|MIPI_CAMERA_CONFIG:camiv|I2C_WRITE_PTR:wpt|ST[5]         ; Stuck at GND due to stuck port clock_enable                                                     ;
; MIPI_BRIDGE_CAMERA_Config:cfin|MIPI_CAMERA_CONFIG:camiv|I2C_READ_DATA:rd|ST[5]          ; Stuck at GND due to stuck port data_in                                                          ;
; MIPI_BRIDGE_CAMERA_Config:cfin|MIPI_CAMERA_CONFIG:camiv|I2C_READ_DATA:rd|ST[6]          ; Stuck at GND due to stuck port clock_enable                                                     ;
; FOCUS_ADJ:adl|VCM_I2C:i2c2|I2C_WRITE_WDATA:wrd|ST[5]                                    ; Stuck at GND due to stuck port data_in                                                          ;
; FOCUS_ADJ:adl|VCM_I2C:i2c2|I2C_WRITE_WDATA:wrd|ST[6]                                    ; Stuck at GND due to stuck port clock_enable                                                     ;
; FOCUS_ADJ:adl|VCM_I2C:i2c2|I2C_WRITE_PTR:wpt|ST[5]                                      ; Stuck at GND due to stuck port clock_enable                                                     ;
; FOCUS_ADJ:adl|VCM_I2C:i2c2|I2C_READ_DATA:rd|ST[5]                                       ; Stuck at GND due to stuck port data_in                                                          ;
; FOCUS_ADJ:adl|VCM_I2C:i2c2|I2C_READ_DATA:rd|ST[6]                                       ; Stuck at GND due to stuck port clock_enable                                                     ;
; MIPI_BRIDGE_CAMERA_Config:cfin|MIPI_BRIDGE_CONFIG:mpiv|I2C_WRITE_WDATA:wrd|ST[5]        ; Stuck at GND due to stuck port data_in                                                          ;
; MIPI_BRIDGE_CAMERA_Config:cfin|MIPI_BRIDGE_CONFIG:mpiv|I2C_WRITE_WDATA:wrd|ST[6]        ; Stuck at GND due to stuck port clock_enable                                                     ;
; MIPI_BRIDGE_CAMERA_Config:cfin|MIPI_BRIDGE_CONFIG:mpiv|I2C_WRITE_PTR:wpt|ST[5]          ; Stuck at GND due to stuck port clock_enable                                                     ;
; MIPI_BRIDGE_CAMERA_Config:cfin|MIPI_BRIDGE_CONFIG:mpiv|I2C_READ_DATA:rd|ST[5]           ; Stuck at GND due to stuck port data_in                                                          ;
; MIPI_BRIDGE_CAMERA_Config:cfin|MIPI_BRIDGE_CONFIG:mpiv|I2C_READ_DATA:rd|ST[6]           ; Stuck at GND due to stuck port clock_enable                                                     ;
; FOCUS_ADJ:adl|VCM_I2C:i2c2|ST[6]                                                        ; Stuck at GND due to stuck port clock_enable                                                     ;
; MIPI_BRIDGE_CAMERA_Config:cfin|MIPI_CAMERA_CONFIG:camiv|I2C_WRITE_WDATA:wrd|DELY[0..7]  ; Stuck at GND due to stuck port clock                                                            ;
; FOCUS_ADJ:adl|VCM_I2C:i2c2|I2C_WRITE_WDATA:wrd|DELY[0..7]                               ; Stuck at GND due to stuck port clock                                                            ;
; MIPI_BRIDGE_CAMERA_Config:cfin|MIPI_BRIDGE_CONFIG:mpiv|I2C_WRITE_WDATA:wrd|DELY[0..7]   ; Stuck at GND due to stuck port clock                                                            ;
; MIPI_BRIDGE_CAMERA_Config:cfin|MIPI_CAMERA_CONFIG:camiv|ST[6]                           ; Stuck at GND due to stuck port data_in                                                          ;
; D8M_SET:ccd|VGA_READ_COUNTER:cnt|CNT_[13..15]                                           ; Lost fanout                                                                                     ;
; D8M_SET:ccd|D8M_WRITE_COUNTER:u3|X_WR_CNT[12..15]                                       ; Lost fanout                                                                                     ;
; Total Number of Removed Registers = 357                                                 ;                                                                                                 ;
+-----------------------------------------------------------------------------------------+-------------------------------------------------------------------------------------------------+


+-----------------------------------------------------------------------------------------------------------------------------------------------------------------------------------------------------+
; Removed Registers Triggering Further Register Optimizations                                                                                                                                         ;
+----------------------------------------------------------------------------------+---------------------------+--------------------------------------------------------------------------------------+
; Register name                                                                    ; Reason for Removal        ; Registers Removed due to This Register                                               ;
+----------------------------------------------------------------------------------+---------------------------+--------------------------------------------------------------------------------------+
; FOCUS_ADJ:adl|VCM_I2C:i2c2|I2C_RESET_DELAY:DY|READY                              ; Stuck at VCC              ; FOCUS_ADJ:adl|VCM_I2C:i2c2|I2C_WRITE_PTR:wpt|BYTE[2],                                ;
;                                                                                  ; due to stuck port data_in ; FOCUS_ADJ:adl|VCM_I2C:i2c2|I2C_WRITE_WDATA:wrd|BYTE[3],                              ;
;                                                                                  ;                           ; FOCUS_ADJ:adl|VCM_I2C:i2c2|I2C_WRITE_WDATA:wrd|ST[5],                                ;
;                                                                                  ;                           ; FOCUS_ADJ:adl|VCM_I2C:i2c2|I2C_WRITE_WDATA:wrd|ST[6],                                ;
;                                                                                  ;                           ; FOCUS_ADJ:adl|VCM_I2C:i2c2|I2C_WRITE_PTR:wpt|ST[5],                                  ;
;                                                                                  ;                           ; FOCUS_ADJ:adl|VCM_I2C:i2c2|I2C_READ_DATA:rd|ST[5],                                   ;
;                                                                                  ;                           ; FOCUS_ADJ:adl|VCM_I2C:i2c2|I2C_READ_DATA:rd|ST[6],                                   ;
;                                                                                  ;                           ; FOCUS_ADJ:adl|VCM_I2C:i2c2|I2C_WRITE_WDATA:wrd|DELY[0],                              ;
;                                                                                  ;                           ; FOCUS_ADJ:adl|VCM_I2C:i2c2|I2C_WRITE_WDATA:wrd|DELY[1],                              ;
;                                                                                  ;                           ; FOCUS_ADJ:adl|VCM_I2C:i2c2|I2C_WRITE_WDATA:wrd|DELY[2],                              ;
;                                                                                  ;                           ; FOCUS_ADJ:adl|VCM_I2C:i2c2|I2C_WRITE_WDATA:wrd|DELY[3],                              ;
;                                                                                  ;                           ; FOCUS_ADJ:adl|VCM_I2C:i2c2|I2C_WRITE_WDATA:wrd|DELY[4],                              ;
;                                                                                  ;                           ; FOCUS_ADJ:adl|VCM_I2C:i2c2|I2C_WRITE_WDATA:wrd|DELY[5],                              ;
;                                                                                  ;                           ; FOCUS_ADJ:adl|VCM_I2C:i2c2|I2C_WRITE_WDATA:wrd|DELY[6],                              ;
;                                                                                  ;                           ; FOCUS_ADJ:adl|VCM_I2C:i2c2|I2C_WRITE_WDATA:wrd|DELY[7]                               ;
; MIPI_BRIDGE_CAMERA_Config:cfin|MIPI_BRIDGE_CONFIG:mpiv|I2C_RESET_DELAY:DY|READY  ; Stuck at VCC              ; MIPI_BRIDGE_CAMERA_Config:cfin|MIPI_BRIDGE_CONFIG:mpiv|I2C_WRITE_PTR:wpt|BYTE[2],    ;
;                                                                                  ; due to stuck port data_in ; MIPI_BRIDGE_CAMERA_Config:cfin|MIPI_BRIDGE_CONFIG:mpiv|I2C_WRITE_WDATA:wrd|BYTE[3],  ;
;                                                                                  ;                           ; MIPI_BRIDGE_CAMERA_Config:cfin|MIPI_BRIDGE_CONFIG:mpiv|I2C_WRITE_WDATA:wrd|ST[5],    ;
;                                                                                  ;                           ; MIPI_BRIDGE_CAMERA_Config:cfin|MIPI_BRIDGE_CONFIG:mpiv|I2C_WRITE_WDATA:wrd|ST[6],    ;
;                                                                                  ;                           ; MIPI_BRIDGE_CAMERA_Config:cfin|MIPI_BRIDGE_CONFIG:mpiv|I2C_WRITE_PTR:wpt|ST[5],      ;
;                                                                                  ;                           ; MIPI_BRIDGE_CAMERA_Config:cfin|MIPI_BRIDGE_CONFIG:mpiv|I2C_READ_DATA:rd|ST[5],       ;
;                                                                                  ;                           ; MIPI_BRIDGE_CAMERA_Config:cfin|MIPI_BRIDGE_CONFIG:mpiv|I2C_READ_DATA:rd|ST[6],       ;
;                                                                                  ;                           ; MIPI_BRIDGE_CAMERA_Config:cfin|MIPI_BRIDGE_CONFIG:mpiv|I2C_WRITE_WDATA:wrd|DELY[1],  ;
;                                                                                  ;                           ; MIPI_BRIDGE_CAMERA_Config:cfin|MIPI_BRIDGE_CONFIG:mpiv|I2C_WRITE_WDATA:wrd|DELY[0],  ;
;                                                                                  ;                           ; MIPI_BRIDGE_CAMERA_Config:cfin|MIPI_BRIDGE_CONFIG:mpiv|I2C_WRITE_WDATA:wrd|DELY[2],  ;
;                                                                                  ;                           ; MIPI_BRIDGE_CAMERA_Config:cfin|MIPI_BRIDGE_CONFIG:mpiv|I2C_WRITE_WDATA:wrd|DELY[3],  ;
;                                                                                  ;                           ; MIPI_BRIDGE_CAMERA_Config:cfin|MIPI_BRIDGE_CONFIG:mpiv|I2C_WRITE_WDATA:wrd|DELY[4],  ;
;                                                                                  ;                           ; MIPI_BRIDGE_CAMERA_Config:cfin|MIPI_BRIDGE_CONFIG:mpiv|I2C_WRITE_WDATA:wrd|DELY[5],  ;
;                                                                                  ;                           ; MIPI_BRIDGE_CAMERA_Config:cfin|MIPI_BRIDGE_CONFIG:mpiv|I2C_WRITE_WDATA:wrd|DELY[6],  ;
;                                                                                  ;                           ; MIPI_BRIDGE_CAMERA_Config:cfin|MIPI_BRIDGE_CONFIG:mpiv|I2C_WRITE_WDATA:wrd|DELY[7]   ;
; MIPI_BRIDGE_CAMERA_Config:cfin|MIPI_CAMERA_CONFIG:camiv|I2C_RESET_DELAY:DY|READY ; Stuck at VCC              ; MIPI_BRIDGE_CAMERA_Config:cfin|MIPI_CAMERA_CONFIG:camiv|I2C_WRITE_PTR:wpt|BYTE[2],   ;
;                                                                                  ; due to stuck port data_in ; MIPI_BRIDGE_CAMERA_Config:cfin|MIPI_CAMERA_CONFIG:camiv|I2C_WRITE_WDATA:wrd|BYTE[3], ;
;                                                                                  ;                           ; MIPI_BRIDGE_CAMERA_Config:cfin|MIPI_CAMERA_CONFIG:camiv|I2C_WRITE_WDATA:wrd|ST[5],   ;
;                                                                                  ;                           ; MIPI_BRIDGE_CAMERA_Config:cfin|MIPI_CAMERA_CONFIG:camiv|I2C_WRITE_WDATA:wrd|ST[6],   ;
;                                                                                  ;                           ; MIPI_BRIDGE_CAMERA_Config:cfin|MIPI_CAMERA_CONFIG:camiv|I2C_WRITE_PTR:wpt|ST[5],     ;
;                                                                                  ;                           ; MIPI_BRIDGE_CAMERA_Config:cfin|MIPI_CAMERA_CONFIG:camiv|I2C_READ_DATA:rd|ST[5],      ;
;                                                                                  ;                           ; MIPI_BRIDGE_CAMERA_Config:cfin|MIPI_CAMERA_CONFIG:camiv|I2C_READ_DATA:rd|ST[6],      ;
;                                                                                  ;                           ; MIPI_BRIDGE_CAMERA_Config:cfin|MIPI_CAMERA_CONFIG:camiv|I2C_WRITE_WDATA:wrd|DELY[1], ;
;                                                                                  ;                           ; MIPI_BRIDGE_CAMERA_Config:cfin|MIPI_CAMERA_CONFIG:camiv|I2C_WRITE_WDATA:wrd|DELY[0], ;
;                                                                                  ;                           ; MIPI_BRIDGE_CAMERA_Config:cfin|MIPI_CAMERA_CONFIG:camiv|I2C_WRITE_WDATA:wrd|DELY[2], ;
;                                                                                  ;                           ; MIPI_BRIDGE_CAMERA_Config:cfin|MIPI_CAMERA_CONFIG:camiv|I2C_WRITE_WDATA:wrd|DELY[3], ;
;                                                                                  ;                           ; MIPI_BRIDGE_CAMERA_Config:cfin|MIPI_CAMERA_CONFIG:camiv|I2C_WRITE_WDATA:wrd|DELY[4], ;
;                                                                                  ;                           ; MIPI_BRIDGE_CAMERA_Config:cfin|MIPI_CAMERA_CONFIG:camiv|I2C_WRITE_WDATA:wrd|DELY[5], ;
;                                                                                  ;                           ; MIPI_BRIDGE_CAMERA_Config:cfin|MIPI_CAMERA_CONFIG:camiv|I2C_WRITE_WDATA:wrd|DELY[6], ;
;                                                                                  ;                           ; MIPI_BRIDGE_CAMERA_Config:cfin|MIPI_CAMERA_CONFIG:camiv|I2C_WRITE_WDATA:wrd|DELY[7]  ;
; MIPI_BRIDGE_CAMERA_Config:cfin|MIPI_BRIDGE_CONFIG:mpiv|REG16_DATA16[11]          ; Stuck at GND              ; MIPI_BRIDGE_CAMERA_Config:cfin|MIPI_BRIDGE_CONFIG:mpiv|WORD_DATA[11],                ;
;                                                                                  ; due to stuck port data_in ; MIPI_BRIDGE_CAMERA_Config:cfin|MIPI_BRIDGE_CONFIG:mpiv|ST[7],                        ;
;                                                                                  ;                           ; MIPI_BRIDGE_CAMERA_Config:cfin|MIPI_BRIDGE_CONFIG:mpiv|ST[6]                         ;
; D8M_SET:ccd|D8M_WRITE_COUNTER:u3|X_WR_CNT[15]                                    ; Lost Fanouts              ; D8M_SET:ccd|D8M_WRITE_COUNTER:u3|X_WR_CNT[14],                                       ;
;                                                                                  ;                           ; D8M_SET:ccd|D8M_WRITE_COUNTER:u3|X_WR_CNT[13],                                       ;
;                                                                                  ;                           ; D8M_SET:ccd|D8M_WRITE_COUNTER:u3|X_WR_CNT[12]                                        ;
; D8M_SET:ccd|VGA_READ_COUNTER:cnt|CNT_[15]                                        ; Lost Fanouts              ; D8M_SET:ccd|VGA_READ_COUNTER:cnt|CNT_[14],                                           ;
;                                                                                  ;                           ; D8M_SET:ccd|VGA_READ_COUNTER:cnt|CNT_[13]                                            ;
; MIPI_BRIDGE_CAMERA_Config:cfin|MIPI_CAMERA_CONFIG:camiv|SLV8_REG16_DATA8[23]     ; Stuck at GND              ; MIPI_BRIDGE_CAMERA_Config:cfin|MIPI_CAMERA_CONFIG:camiv|POINTER[15]                  ;
;                                                                                  ; due to stuck port data_in ;                                                                                      ;
; MIPI_BRIDGE_CAMERA_Config:cfin|MIPI_CAMERA_CONFIG:camiv|SLV8_REG16_DATA8[27]     ; Stuck at VCC              ; MIPI_BRIDGE_CAMERA_Config:cfin|MIPI_CAMERA_CONFIG:camiv|SLAVE_ADDR[3]                ;
;                                                                                  ; due to stuck port data_in ;                                                                                      ;
; MIPI_BRIDGE_CAMERA_Config:cfin|MIPI_CAMERA_CONFIG:camiv|SLV8_REG16_DATA8[24]     ; Stuck at GND              ; MIPI_BRIDGE_CAMERA_Config:cfin|MIPI_CAMERA_CONFIG:camiv|SLAVE_ADDR[0]                ;
;                                                                                  ; due to stuck port data_in ;                                                                                      ;
+----------------------------------------------------------------------------------+---------------------------+--------------------------------------------------------------------------------------+


+------------------------------------------------------+
; General Register Statistics                          ;
+----------------------------------------------+-------+
; Statistic                                    ; Value ;
+----------------------------------------------+-------+
; Total registers                              ; 1395  ;
; Number of registers using Synchronous Clear  ; 706   ;
; Number of registers using Synchronous Load   ; 65    ;
; Number of registers using Asynchronous Clear ; 420   ;
; Number of registers using Asynchronous Load  ; 0     ;
; Number of registers using Clock Enable       ; 886   ;
; Number of registers using Preset             ; 0     ;
+----------------------------------------------+-------+


+----------------------------------------------------------------------------------------------+
; Inverted Register Statistics                                                                 ;
+------------------------------------------------------------------------------------+---------+
; Inverted Register                                                                  ; Fan out ;
+------------------------------------------------------------------------------------+---------+
; cursor2_x[5]                                                                       ; 8       ;
; cursor2_x[2]                                                                       ; 7       ;
; cursor2_x[4]                                                                       ; 7       ;
; cursor2_x[8]                                                                       ; 16      ;
; cursor2_x[1]                                                                       ; 8       ;
; cursor2_y[1]                                                                       ; 8       ;
; cursor2_y[2]                                                                       ; 7       ;
; cursor2_y[5]                                                                       ; 8       ;
; cursor2_y[6]                                                                       ; 8       ;
; cursor2_y[7]                                                                       ; 8       ;
; cursor1_y[3]                                                                       ; 7       ;
; cursor1_y[2]                                                                       ; 6       ;
; cursor1_y[7]                                                                       ; 6       ;
; cursor1_y[6]                                                                       ; 6       ;
; cursor1_y[5]                                                                       ; 6       ;
; cursor1_x[5]                                                                       ; 5       ;
; cursor1_x[4]                                                                       ; 6       ;
; cursor1_x[3]                                                                       ; 6       ;
; cursor1_x[2]                                                                       ; 6       ;
; cursor1_x[8]                                                                       ; 14      ;
; MIPI_BRIDGE_CAMERA_Config:cfin|MIPI_BRIDGE_CONFIG:mpiv|I2C_WRITE_WDATA:wrd|END_OK  ; 5       ;
; MIPI_BRIDGE_CAMERA_Config:cfin|MIPI_BRIDGE_CONFIG:mpiv|I2C_READ_DATA:rd|END_OK     ; 7       ;
; MIPI_BRIDGE_CAMERA_Config:cfin|MIPI_BRIDGE_CONFIG:mpiv|I2C_WRITE_PTR:wpt|END_OK    ; 4       ;
; MIPI_BRIDGE_CAMERA_Config:cfin|MIPI_CAMERA_CONFIG:camiv|I2C_READ_DATA:rd|END_OK    ; 7       ;
; MIPI_BRIDGE_CAMERA_Config:cfin|MIPI_CAMERA_CONFIG:camiv|I2C_WRITE_WDATA:wrd|END_OK ; 7       ;
; MIPI_BRIDGE_CAMERA_Config:cfin|MIPI_CAMERA_CONFIG:camiv|I2C_WRITE_PTR:wpt|END_OK   ; 5       ;
; MIPI_BRIDGE_CAMERA_Config:cfin|MIPI_CAMERA_CONFIG:camiv|I2C_WRITE_WDATA:wrd|SCLO   ; 2       ;
; MIPI_BRIDGE_CAMERA_Config:cfin|MIPI_CAMERA_CONFIG:camiv|I2C_WRITE_PTR:wpt|SCLO     ; 3       ;
; MIPI_BRIDGE_CAMERA_Config:cfin|MIPI_CAMERA_CONFIG:camiv|I2C_READ_DATA:rd|SCLO      ; 2       ;
; FOCUS_ADJ:adl|VCM_I2C:i2c2|I2C_WRITE_WDATA:wrd|SCLO                                ; 2       ;
; FOCUS_ADJ:adl|VCM_I2C:i2c2|I2C_WRITE_PTR:wpt|SCLO                                  ; 3       ;
; FOCUS_ADJ:adl|VCM_I2C:i2c2|I2C_READ_DATA:rd|SCLO                                   ; 2       ;
; FOCUS_ADJ:adl|VCM_I2C:i2c2|I2C_WRITE_WDATA:wrd|SDAO                                ; 2       ;
; FOCUS_ADJ:adl|VCM_I2C:i2c2|I2C_WRITE_PTR:wpt|SDAO                                  ; 2       ;
; FOCUS_ADJ:adl|VCM_I2C:i2c2|I2C_READ_DATA:rd|SDAO                                   ; 3       ;
; MIPI_BRIDGE_CAMERA_Config:cfin|MIPI_CAMERA_CONFIG:camiv|I2C_WRITE_WDATA:wrd|SDAO   ; 3       ;
; MIPI_BRIDGE_CAMERA_Config:cfin|MIPI_CAMERA_CONFIG:camiv|I2C_WRITE_PTR:wpt|SDAO     ; 3       ;
; MIPI_BRIDGE_CAMERA_Config:cfin|MIPI_CAMERA_CONFIG:camiv|I2C_READ_DATA:rd|SDAO      ; 4       ;
; MIPI_BRIDGE_CAMERA_Config:cfin|MIPI_BRIDGE_CONFIG:mpiv|I2C_WRITE_WDATA:wrd|SCLO    ; 2       ;
; MIPI_BRIDGE_CAMERA_Config:cfin|MIPI_BRIDGE_CONFIG:mpiv|I2C_WRITE_PTR:wpt|SCLO      ; 3       ;
; MIPI_BRIDGE_CAMERA_Config:cfin|MIPI_BRIDGE_CONFIG:mpiv|I2C_READ_DATA:rd|SCLO       ; 2       ;
; MIPI_BRIDGE_CAMERA_Config:cfin|MIPI_BRIDGE_CONFIG:mpiv|I2C_WRITE_WDATA:wrd|SDAO    ; 2       ;
; MIPI_BRIDGE_CAMERA_Config:cfin|MIPI_BRIDGE_CONFIG:mpiv|I2C_WRITE_PTR:wpt|SDAO      ; 2       ;
; MIPI_BRIDGE_CAMERA_Config:cfin|MIPI_BRIDGE_CONFIG:mpiv|I2C_READ_DATA:rd|SDAO       ; 3       ;
; MIPI_BRIDGE_CAMERA_Config:cfin|MIPI_BRIDGE_CONFIG:mpiv|W_WORD_GO                   ; 7       ;
; MIPI_BRIDGE_CAMERA_Config:cfin|MIPI_BRIDGE_CONFIG:mpiv|R_GO                        ; 6       ;
; MIPI_BRIDGE_CAMERA_Config:cfin|MIPI_BRIDGE_CONFIG:mpiv|W_POINTER_GO                ; 4       ;
; MIPI_BRIDGE_CAMERA_Config:cfin|MIPI_CAMERA_CONFIG:camiv|R_GO                       ; 6       ;
; MIPI_BRIDGE_CAMERA_Config:cfin|MIPI_CAMERA_CONFIG:camiv|W_WORD_GO                  ; 7       ;
; MIPI_BRIDGE_CAMERA_Config:cfin|MIPI_CAMERA_CONFIG:camiv|W_POINTER_GO               ; 6       ;
; FOCUS_ADJ:adl|VCM_I2C:i2c2|W_WORD_GO                                               ; 8       ;
; FOCUS_ADJ:adl|VCM_I2C:i2c2|W_POINTER_GO                                            ; 6       ;
; FOCUS_ADJ:adl|VCM_I2C:i2c2|R_GO                                                    ; 7       ;
; FOCUS_ADJ:adl|VCM_I2C:i2c2|I2C_WRITE_WDATA:wrd|END_OK                              ; 10      ;
; FOCUS_ADJ:adl|VCM_I2C:i2c2|I2C_WRITE_PTR:wpt|END_OK                                ; 6       ;
; FOCUS_ADJ:adl|VCM_I2C:i2c2|I2C_READ_DATA:rd|END_OK                                 ; 8       ;
; Total number of inverted registers = 56                                            ;         ;
+------------------------------------------------------------------------------------+---------+


+-----------------------------------------------------------------------------------------------------------------------------------------------------------------------------------------------------------------------+
; Multiplexer Restructuring Statistics (Restructuring Performed)                                                                                                                                                        ;
+--------------------+-----------+---------------+----------------------+------------------------+------------+---------------------------------------------------------------------------------------------------------+
; Multiplexer Inputs ; Bus Width ; Baseline Area ; Area if Restructured ; Saving if Restructured ; Registered ; Example Multiplexer Output                                                                              ;
+--------------------+-----------+---------------+----------------------+------------------------+------------+---------------------------------------------------------------------------------------------------------+
; 3:1                ; 16 bits   ; 32 LEs        ; 0 LEs                ; 32 LEs                 ; Yes        ; |DE1_SOC_D8M_LB_RTL|D8M_SET:ccd|D8M_WRITE_COUNTER:u3|X_Cont[4]                                          ;
; 3:1                ; 16 bits   ; 32 LEs        ; 0 LEs                ; 32 LEs                 ; Yes        ; |DE1_SOC_D8M_LB_RTL|D8M_SET:ccd|D8M_WRITE_COUNTER:u3|X_WR_CNT[1]                                        ;
; 3:1                ; 16 bits   ; 32 LEs        ; 0 LEs                ; 32 LEs                 ; Yes        ; |DE1_SOC_D8M_LB_RTL|D8M_SET:ccd|D8M_WRITE_COUNTER:u3|Y_Cont[0]                                          ;
; 3:1                ; 4 bits    ; 8 LEs         ; 4 LEs                ; 4 LEs                  ; Yes        ; |DE1_SOC_D8M_LB_RTL|FpsMonitor:uFps2|rfps_h[0]                                                          ;
; 3:1                ; 16 bits   ; 32 LEs        ; 0 LEs                ; 32 LEs                 ; Yes        ; |DE1_SOC_D8M_LB_RTL|D8M_SET:ccd|VGA_READ_COUNTER:cnt|CNT_[7]                                            ;
; 3:1                ; 16 bits   ; 32 LEs        ; 0 LEs                ; 32 LEs                 ; Yes        ; |DE1_SOC_D8M_LB_RTL|FOCUS_ADJ:adl|LCD_COUNTER:cv1|H_CNT[6]                                              ;
; 3:1                ; 16 bits   ; 32 LEs        ; 0 LEs                ; 32 LEs                 ; Yes        ; |DE1_SOC_D8M_LB_RTL|FOCUS_ADJ:adl|LCD_COUNTER:cv1|V_CNT[9]                                              ;
; 3:1                ; 32 bits   ; 64 LEs        ; 0 LEs                ; 64 LEs                 ; Yes        ; |DE1_SOC_D8M_LB_RTL|FOCUS_ADJ:adl|VCM_CTRL_P:pp|rSUM[27]                                                ;
; 3:1                ; 16 bits   ; 32 LEs        ; 0 LEs                ; 32 LEs                 ; Yes        ; |DE1_SOC_D8M_LB_RTL|FOCUS_ADJ:adl|AUTO_SYNC_MODIFY:RE|MODIFY_SYNC:hs|CNT[1]                             ;
; 3:1                ; 16 bits   ; 32 LEs        ; 0 LEs                ; 32 LEs                 ; Yes        ; |DE1_SOC_D8M_LB_RTL|FOCUS_ADJ:adl|AUTO_SYNC_MODIFY:RE|MODIFY_SYNC:vs|CNT[7]                             ;
; 5:1                ; 16 bits   ; 48 LEs        ; 32 LEs               ; 16 LEs                 ; Yes        ; |DE1_SOC_D8M_LB_RTL|D8M_SET:ccd|RAW2RGB_L:u4|RAW_RGB_BIN:bin|R[2]                                       ;
; 4:1                ; 4 bits    ; 8 LEs         ; 8 LEs                ; 0 LEs                  ; Yes        ; |DE1_SOC_D8M_LB_RTL|FpsMonitor:uFps2|rfps_l[1]                                                          ;
; 4:1                ; 32 bits   ; 64 LEs        ; 0 LEs                ; 64 LEs                 ; Yes        ; |DE1_SOC_D8M_LB_RTL|FOCUS_ADJ:adl|VCM_CTRL_P:pp|peakSUM[15]                                             ;
; 128:1              ; 8 bits    ; 680 LEs       ; 0 LEs                ; 680 LEs                ; Yes        ; |DE1_SOC_D8M_LB_RTL|MIPI_BRIDGE_CAMERA_Config:cfin|MIPI_CAMERA_CONFIG:camiv|CNT[1]                      ;
; 65:1               ; 8 bits    ; 344 LEs       ; 0 LEs                ; 344 LEs                ; Yes        ; |DE1_SOC_D8M_LB_RTL|MIPI_BRIDGE_CAMERA_Config:cfin|MIPI_CAMERA_CONFIG:camiv|I2C_WRITE_PTR:wpt|DELY[2]   ;
; 128:1              ; 8 bits    ; 680 LEs       ; 0 LEs                ; 680 LEs                ; Yes        ; |DE1_SOC_D8M_LB_RTL|MIPI_BRIDGE_CAMERA_Config:cfin|MIPI_CAMERA_CONFIG:camiv|I2C_READ_DATA:rd|CNT[3]     ;
; 65:1               ; 8 bits    ; 344 LEs       ; 0 LEs                ; 344 LEs                ; Yes        ; |DE1_SOC_D8M_LB_RTL|FOCUS_ADJ:adl|VCM_I2C:i2c2|I2C_WRITE_PTR:wpt|DELY[0]                                ;
; 128:1              ; 8 bits    ; 680 LEs       ; 0 LEs                ; 680 LEs                ; Yes        ; |DE1_SOC_D8M_LB_RTL|FOCUS_ADJ:adl|VCM_I2C:i2c2|I2C_READ_DATA:rd|CNT[6]                                  ;
; 65:1               ; 8 bits    ; 344 LEs       ; 0 LEs                ; 344 LEs                ; Yes        ; |DE1_SOC_D8M_LB_RTL|MIPI_BRIDGE_CAMERA_Config:cfin|MIPI_BRIDGE_CONFIG:mpiv|I2C_WRITE_PTR:wpt|DELY[0]    ;
; 128:1              ; 8 bits    ; 680 LEs       ; 0 LEs                ; 680 LEs                ; Yes        ; |DE1_SOC_D8M_LB_RTL|MIPI_BRIDGE_CAMERA_Config:cfin|MIPI_BRIDGE_CONFIG:mpiv|I2C_READ_DATA:rd|CNT[5]      ;
; 65:1               ; 8 bits    ; 344 LEs       ; 0 LEs                ; 344 LEs                ; Yes        ; |DE1_SOC_D8M_LB_RTL|MIPI_BRIDGE_CAMERA_Config:cfin|MIPI_CAMERA_CONFIG:camiv|I2C_WRITE_PTR:wpt|CNT[7]    ;
; 65:1               ; 8 bits    ; 344 LEs       ; 0 LEs                ; 344 LEs                ; Yes        ; |DE1_SOC_D8M_LB_RTL|FOCUS_ADJ:adl|VCM_I2C:i2c2|I2C_WRITE_PTR:wpt|CNT[5]                                 ;
; 65:1               ; 8 bits    ; 344 LEs       ; 0 LEs                ; 344 LEs                ; Yes        ; |DE1_SOC_D8M_LB_RTL|MIPI_BRIDGE_CAMERA_Config:cfin|MIPI_BRIDGE_CONFIG:mpiv|I2C_WRITE_PTR:wpt|CNT[4]     ;
; 256:1              ; 18 bits   ; 3060 LEs      ; 144 LEs              ; 2916 LEs               ; Yes        ; |DE1_SOC_D8M_LB_RTL|MIPI_BRIDGE_CAMERA_Config:cfin|MIPI_BRIDGE_CONFIG:mpiv|REG16_DATA16[15]             ;
; 129:1              ; 8 bits    ; 688 LEs       ; 0 LEs                ; 688 LEs                ; Yes        ; |DE1_SOC_D8M_LB_RTL|MIPI_BRIDGE_CAMERA_Config:cfin|MIPI_CAMERA_CONFIG:camiv|I2C_WRITE_WDATA:wrd|DELY[1] ;
; 64:1               ; 7 bits    ; 294 LEs       ; 7 LEs                ; 287 LEs                ; Yes        ; |DE1_SOC_D8M_LB_RTL|MIPI_BRIDGE_CAMERA_Config:cfin|MIPI_CAMERA_CONFIG:camiv|I2C_READ_DATA:rd|A[3]       ;
; 129:1              ; 8 bits    ; 688 LEs       ; 0 LEs                ; 688 LEs                ; Yes        ; |DE1_SOC_D8M_LB_RTL|MIPI_BRIDGE_CAMERA_Config:cfin|MIPI_CAMERA_CONFIG:camiv|I2C_READ_DATA:rd|DELY[4]    ;
; 129:1              ; 8 bits    ; 688 LEs       ; 0 LEs                ; 688 LEs                ; Yes        ; |DE1_SOC_D8M_LB_RTL|FOCUS_ADJ:adl|VCM_I2C:i2c2|I2C_WRITE_WDATA:wrd|DELY[0]                              ;
; 64:1               ; 7 bits    ; 294 LEs       ; 7 LEs                ; 287 LEs                ; Yes        ; |DE1_SOC_D8M_LB_RTL|FOCUS_ADJ:adl|VCM_I2C:i2c2|I2C_READ_DATA:rd|A[2]                                    ;
; 129:1              ; 8 bits    ; 688 LEs       ; 0 LEs                ; 688 LEs                ; Yes        ; |DE1_SOC_D8M_LB_RTL|FOCUS_ADJ:adl|VCM_I2C:i2c2|I2C_READ_DATA:rd|DELY[2]                                 ;
; 129:1              ; 8 bits    ; 688 LEs       ; 0 LEs                ; 688 LEs                ; Yes        ; |DE1_SOC_D8M_LB_RTL|MIPI_BRIDGE_CAMERA_Config:cfin|MIPI_BRIDGE_CONFIG:mpiv|I2C_WRITE_WDATA:wrd|DELY[7]  ;
; 64:1               ; 7 bits    ; 294 LEs       ; 7 LEs                ; 287 LEs                ; Yes        ; |DE1_SOC_D8M_LB_RTL|MIPI_BRIDGE_CAMERA_Config:cfin|MIPI_BRIDGE_CONFIG:mpiv|I2C_READ_DATA:rd|A[4]        ;
; 129:1              ; 8 bits    ; 688 LEs       ; 0 LEs                ; 688 LEs                ; Yes        ; |DE1_SOC_D8M_LB_RTL|MIPI_BRIDGE_CAMERA_Config:cfin|MIPI_BRIDGE_CONFIG:mpiv|I2C_READ_DATA:rd|DELY[6]     ;
; 129:1              ; 8 bits    ; 688 LEs       ; 0 LEs                ; 688 LEs                ; Yes        ; |DE1_SOC_D8M_LB_RTL|MIPI_BRIDGE_CAMERA_Config:cfin|MIPI_CAMERA_CONFIG:camiv|I2C_WRITE_WDATA:wrd|CNT[7]  ;
; 129:1              ; 8 bits    ; 688 LEs       ; 0 LEs                ; 688 LEs                ; Yes        ; |DE1_SOC_D8M_LB_RTL|FOCUS_ADJ:adl|VCM_I2C:i2c2|I2C_WRITE_WDATA:wrd|CNT[0]                               ;
; 129:1              ; 8 bits    ; 688 LEs       ; 0 LEs                ; 688 LEs                ; Yes        ; |DE1_SOC_D8M_LB_RTL|MIPI_BRIDGE_CAMERA_Config:cfin|MIPI_BRIDGE_CONFIG:mpiv|I2C_WRITE_WDATA:wrd|CNT[3]   ;
; 129:1              ; 8 bits    ; 688 LEs       ; 0 LEs                ; 688 LEs                ; Yes        ; |DE1_SOC_D8M_LB_RTL|MIPI_BRIDGE_CAMERA_Config:cfin|MIPI_CAMERA_CONFIG:camiv|I2C_READ_DATA:rd|BYTE[3]    ;
; 129:1              ; 8 bits    ; 688 LEs       ; 0 LEs                ; 688 LEs                ; Yes        ; |DE1_SOC_D8M_LB_RTL|FOCUS_ADJ:adl|VCM_I2C:i2c2|I2C_READ_DATA:rd|BYTE[0]                                 ;
; 129:1              ; 8 bits    ; 688 LEs       ; 0 LEs                ; 688 LEs                ; Yes        ; |DE1_SOC_D8M_LB_RTL|MIPI_BRIDGE_CAMERA_Config:cfin|MIPI_BRIDGE_CONFIG:mpiv|I2C_READ_DATA:rd|BYTE[4]     ;
; 129:1              ; 8 bits    ; 688 LEs       ; 0 LEs                ; 688 LEs                ; Yes        ; |DE1_SOC_D8M_LB_RTL|FOCUS_ADJ:adl|VCM_I2C:i2c2|WCNT[0]                                                  ;
; 129:1              ; 8 bits    ; 688 LEs       ; 0 LEs                ; 688 LEs                ; Yes        ; |DE1_SOC_D8M_LB_RTL|FOCUS_ADJ:adl|VCM_I2C:i2c2|CNT[5]                                                   ;
; 129:1              ; 8 bits    ; 688 LEs       ; 0 LEs                ; 688 LEs                ; Yes        ; |DE1_SOC_D8M_LB_RTL|MIPI_BRIDGE_CAMERA_Config:cfin|MIPI_CAMERA_CONFIG:camiv|I2C_READ_DATA:rd|DATA16[5]  ;
; 257:1              ; 8 bits    ; 1368 LEs      ; 0 LEs                ; 1368 LEs               ; Yes        ; |DE1_SOC_D8M_LB_RTL|MIPI_BRIDGE_CAMERA_Config:cfin|MIPI_BRIDGE_CONFIG:mpiv|CNT[4]                       ;
; 130:1              ; 16 bits   ; 1376 LEs      ; 0 LEs                ; 1376 LEs               ; Yes        ; |DE1_SOC_D8M_LB_RTL|MIPI_BRIDGE_CAMERA_Config:cfin|MIPI_CAMERA_CONFIG:camiv|WCNT[9]                     ;
; 130:1              ; 3 bits    ; 258 LEs       ; 3 LEs                ; 255 LEs                ; Yes        ; |DE1_SOC_D8M_LB_RTL|MIPI_BRIDGE_CAMERA_Config:cfin|MIPI_CAMERA_CONFIG:camiv|POINTER[15]                 ;
; 130:1              ; 17 bits   ; 1462 LEs      ; 17 LEs               ; 1445 LEs               ; Yes        ; |DE1_SOC_D8M_LB_RTL|MIPI_BRIDGE_CAMERA_Config:cfin|MIPI_CAMERA_CONFIG:camiv|POINTER[11]                 ;
; 67:1               ; 3 bits    ; 132 LEs       ; 6 LEs                ; 126 LEs                ; Yes        ; |DE1_SOC_D8M_LB_RTL|FOCUS_ADJ:adl|VCM_I2C:i2c2|I2C_WRITE_PTR:wpt|BYTE[0]                                ;
; 67:1               ; 3 bits    ; 132 LEs       ; 6 LEs                ; 126 LEs                ; Yes        ; |DE1_SOC_D8M_LB_RTL|MIPI_BRIDGE_CAMERA_Config:cfin|MIPI_CAMERA_CONFIG:camiv|I2C_WRITE_PTR:wpt|BYTE[0]   ;
; 67:1               ; 3 bits    ; 132 LEs       ; 6 LEs                ; 126 LEs                ; Yes        ; |DE1_SOC_D8M_LB_RTL|MIPI_BRIDGE_CAMERA_Config:cfin|MIPI_BRIDGE_CONFIG:mpiv|I2C_WRITE_PTR:wpt|BYTE[0]    ;
; 130:1              ; 2 bits    ; 172 LEs       ; 0 LEs                ; 172 LEs                ; Yes        ; |DE1_SOC_D8M_LB_RTL|FOCUS_ADJ:adl|VCM_I2C:i2c2|POINTER[6]                                               ;
; 258:1              ; 8 bits    ; 1376 LEs      ; 0 LEs                ; 1376 LEs               ; Yes        ; |DE1_SOC_D8M_LB_RTL|MIPI_BRIDGE_CAMERA_Config:cfin|MIPI_BRIDGE_CONFIG:mpiv|WCNT[1]                      ;
; 131:1              ; 6 bits    ; 522 LEs       ; 294 LEs              ; 228 LEs                ; Yes        ; |DE1_SOC_D8M_LB_RTL|MIPI_BRIDGE_CAMERA_Config:cfin|MIPI_CAMERA_CONFIG:camiv|I2C_WRITE_WDATA:wrd|ST[1]   ;
; 68:1               ; 3 bits    ; 135 LEs       ; 45 LEs               ; 90 LEs                 ; Yes        ; |DE1_SOC_D8M_LB_RTL|MIPI_BRIDGE_CAMERA_Config:cfin|MIPI_CAMERA_CONFIG:camiv|I2C_WRITE_PTR:wpt|ST[5]     ;
; 131:1              ; 6 bits    ; 522 LEs       ; 294 LEs              ; 228 LEs                ; Yes        ; |DE1_SOC_D8M_LB_RTL|FOCUS_ADJ:adl|VCM_I2C:i2c2|I2C_WRITE_WDATA:wrd|ST[0]                                ;
; 68:1               ; 3 bits    ; 135 LEs       ; 45 LEs               ; 90 LEs                 ; Yes        ; |DE1_SOC_D8M_LB_RTL|FOCUS_ADJ:adl|VCM_I2C:i2c2|I2C_WRITE_PTR:wpt|ST[5]                                  ;
; 131:1              ; 6 bits    ; 522 LEs       ; 294 LEs              ; 228 LEs                ; Yes        ; |DE1_SOC_D8M_LB_RTL|MIPI_BRIDGE_CAMERA_Config:cfin|MIPI_BRIDGE_CONFIG:mpiv|I2C_WRITE_WDATA:wrd|ST[1]    ;
; 68:1               ; 3 bits    ; 135 LEs       ; 45 LEs               ; 90 LEs                 ; Yes        ; |DE1_SOC_D8M_LB_RTL|MIPI_BRIDGE_CAMERA_Config:cfin|MIPI_BRIDGE_CONFIG:mpiv|I2C_WRITE_PTR:wpt|ST[0]      ;
; 130:1              ; 10 bits   ; 860 LEs       ; 0 LEs                ; 860 LEs                ; Yes        ; |DE1_SOC_D8M_LB_RTL|FOCUS_ADJ:adl|VCM_I2C:i2c2|WORD_DATA[7]                                             ;
; 258:1              ; 2 bits    ; 344 LEs       ; 2 LEs                ; 342 LEs                ; Yes        ; |DE1_SOC_D8M_LB_RTL|MIPI_BRIDGE_CAMERA_Config:cfin|MIPI_BRIDGE_CONFIG:mpiv|SLAVE_ADDR[0]                ;
; 258:1              ; 7 bits    ; 1204 LEs      ; 7 LEs                ; 1197 LEs               ; Yes        ; |DE1_SOC_D8M_LB_RTL|MIPI_BRIDGE_CAMERA_Config:cfin|MIPI_BRIDGE_CONFIG:mpiv|POINTER[0]                   ;
; 21:1               ; 2 bits    ; 28 LEs        ; 4 LEs                ; 24 LEs                 ; Yes        ; |DE1_SOC_D8M_LB_RTL|MIPI_BRIDGE_CAMERA_Config:cfin|MIPI_BRIDGE_CONFIG:mpiv|I2C_WRITE_PTR:wpt|A[8]       ;
; 132:1              ; 3 bits    ; 264 LEs       ; 57 LEs               ; 207 LEs                ; Yes        ; |DE1_SOC_D8M_LB_RTL|MIPI_BRIDGE_CAMERA_Config:cfin|MIPI_CAMERA_CONFIG:camiv|I2C_READ_DATA:rd|ST[0]      ;
; 132:1              ; 3 bits    ; 264 LEs       ; 57 LEs               ; 207 LEs                ; Yes        ; |DE1_SOC_D8M_LB_RTL|FOCUS_ADJ:adl|VCM_I2C:i2c2|I2C_READ_DATA:rd|ST[5]                                   ;
; 132:1              ; 3 bits    ; 264 LEs       ; 57 LEs               ; 207 LEs                ; Yes        ; |DE1_SOC_D8M_LB_RTL|MIPI_BRIDGE_CAMERA_Config:cfin|MIPI_BRIDGE_CONFIG:mpiv|I2C_READ_DATA:rd|ST[6]       ;
; 133:1              ; 4 bits    ; 352 LEs       ; 16 LEs               ; 336 LEs                ; Yes        ; |DE1_SOC_D8M_LB_RTL|MIPI_BRIDGE_CAMERA_Config:cfin|MIPI_CAMERA_CONFIG:camiv|I2C_WRITE_WDATA:wrd|BYTE[3] ;
; 133:1              ; 4 bits    ; 352 LEs       ; 16 LEs               ; 336 LEs                ; Yes        ; |DE1_SOC_D8M_LB_RTL|FOCUS_ADJ:adl|VCM_I2C:i2c2|I2C_WRITE_WDATA:wrd|BYTE[2]                              ;
; 133:1              ; 4 bits    ; 352 LEs       ; 16 LEs               ; 336 LEs                ; Yes        ; |DE1_SOC_D8M_LB_RTL|MIPI_BRIDGE_CAMERA_Config:cfin|MIPI_BRIDGE_CONFIG:mpiv|I2C_WRITE_WDATA:wrd|BYTE[0]  ;
; 134:1              ; 32 bits   ; 2848 LEs      ; 0 LEs                ; 2848 LEs               ; Yes        ; |DE1_SOC_D8M_LB_RTL|MIPI_BRIDGE_CAMERA_Config:cfin|MIPI_CAMERA_CONFIG:camiv|DELY[14]                    ;
; 23:1               ; 8 bits    ; 120 LEs       ; 16 LEs               ; 104 LEs                ; Yes        ; |DE1_SOC_D8M_LB_RTL|MIPI_BRIDGE_CAMERA_Config:cfin|MIPI_CAMERA_CONFIG:camiv|I2C_WRITE_PTR:wpt|A[8]      ;
; 23:1               ; 2 bits    ; 30 LEs        ; 4 LEs                ; 26 LEs                 ; Yes        ; |DE1_SOC_D8M_LB_RTL|FOCUS_ADJ:adl|VCM_I2C:i2c2|I2C_WRITE_PTR:wpt|A[8]                                   ;
; 23:1               ; 6 bits    ; 90 LEs        ; 12 LEs               ; 78 LEs                 ; Yes        ; |DE1_SOC_D8M_LB_RTL|FOCUS_ADJ:adl|VCM_I2C:i2c2|I2C_WRITE_PTR:wpt|A[3]                                   ;
; 23:1               ; 6 bits    ; 90 LEs        ; 12 LEs               ; 78 LEs                 ; Yes        ; |DE1_SOC_D8M_LB_RTL|MIPI_BRIDGE_CAMERA_Config:cfin|MIPI_BRIDGE_CONFIG:mpiv|I2C_WRITE_PTR:wpt|A[3]       ;
; 70:1               ; 8 bits    ; 368 LEs       ; 24 LEs               ; 344 LEs                ; Yes        ; |DE1_SOC_D8M_LB_RTL|MIPI_BRIDGE_CAMERA_Config:cfin|MIPI_CAMERA_CONFIG:camiv|I2C_WRITE_WDATA:wrd|A[5]    ;
; 70:1               ; 2 bits    ; 92 LEs        ; 6 LEs                ; 86 LEs                 ; Yes        ; |DE1_SOC_D8M_LB_RTL|FOCUS_ADJ:adl|VCM_I2C:i2c2|I2C_WRITE_WDATA:wrd|A[7]                                 ;
; 70:1               ; 5 bits    ; 230 LEs       ; 20 LEs               ; 210 LEs                ; Yes        ; |DE1_SOC_D8M_LB_RTL|FOCUS_ADJ:adl|VCM_I2C:i2c2|I2C_WRITE_WDATA:wrd|A[2]                                 ;
; 70:1               ; 3 bits    ; 138 LEs       ; 12 LEs               ; 126 LEs                ; Yes        ; |DE1_SOC_D8M_LB_RTL|MIPI_BRIDGE_CAMERA_Config:cfin|MIPI_BRIDGE_CONFIG:mpiv|I2C_WRITE_WDATA:wrd|A[6]     ;
; 70:1               ; 3 bits    ; 138 LEs       ; 12 LEs               ; 126 LEs                ; Yes        ; |DE1_SOC_D8M_LB_RTL|MIPI_BRIDGE_CAMERA_Config:cfin|MIPI_BRIDGE_CONFIG:mpiv|I2C_WRITE_WDATA:wrd|A[5]     ;
; 135:1              ; 32 bits   ; 2880 LEs      ; 0 LEs                ; 2880 LEs               ; Yes        ; |DE1_SOC_D8M_LB_RTL|FOCUS_ADJ:adl|VCM_I2C:i2c2|DELY[19]                                                 ;
; 132:1              ; 2 bits    ; 176 LEs       ; 24 LEs               ; 152 LEs                ; Yes        ; |DE1_SOC_D8M_LB_RTL|FOCUS_ADJ:adl|VCM_I2C:i2c2|ST[6]                                                    ;
; 263:1              ; 32 bits   ; 5600 LEs      ; 0 LEs                ; 5600 LEs               ; Yes        ; |DE1_SOC_D8M_LB_RTL|MIPI_BRIDGE_CAMERA_Config:cfin|MIPI_BRIDGE_CONFIG:mpiv|DELY[20]                     ;
; 261:1              ; 2 bits    ; 348 LEs       ; 28 LEs               ; 320 LEs                ; Yes        ; |DE1_SOC_D8M_LB_RTL|MIPI_BRIDGE_CAMERA_Config:cfin|MIPI_BRIDGE_CONFIG:mpiv|ST[7]                        ;
; 4:1                ; 16 bits   ; 32 LEs        ; 16 LEs               ; 16 LEs                 ; No         ; |DE1_SOC_D8M_LB_RTL|D8M_SET:ccd|RAW2RGB_L:u4|RAW_RGB_BIN:bin|Add0                                       ;
; 4:1                ; 4 bits    ; 8 LEs         ; 4 LEs                ; 4 LEs                  ; No         ; |DE1_SOC_D8M_LB_RTL|D8M_SET:ccd|RAW2RGB_L:u4|RAW_RGB_BIN:bin|Add0                                       ;
; 4:1                ; 20 bits   ; 40 LEs        ; 40 LEs               ; 0 LEs                  ; No         ; |DE1_SOC_D8M_LB_RTL|D8M_SET:ccd|RAW2RGB_L:u4|Line_Buffer_J:u0|taps1x[5]                                 ;
; 5:1                ; 3 bits    ; 9 LEs         ; 9 LEs                ; 0 LEs                  ; No         ; |DE1_SOC_D8M_LB_RTL|FpsMonitor:uFps2|hex_fps_l[6]                                                       ;
; 5:1                ; 3 bits    ; 9 LEs         ; 9 LEs                ; 0 LEs                  ; No         ; |DE1_SOC_D8M_LB_RTL|FpsMonitor:uFps2|hex_fps_h[5]                                                       ;
; 6:1                ; 6 bits    ; 24 LEs        ; 24 LEs               ; 0 LEs                  ; No         ; |DE1_SOC_D8M_LB_RTL|VGA_B                                                                               ;
; 6:1                ; 6 bits    ; 24 LEs        ; 24 LEs               ; 0 LEs                  ; No         ; |DE1_SOC_D8M_LB_RTL|VGA_G                                                                               ;
; 6:1                ; 6 bits    ; 24 LEs        ; 24 LEs               ; 0 LEs                  ; No         ; |DE1_SOC_D8M_LB_RTL|VGA_R                                                                               ;
+--------------------+-----------+---------------+----------------------+------------------------+------------+---------------------------------------------------------------------------------------------------------+


+--------------------------------------------------------------------------------+
; Source assignments for MIPI_BRIDGE_CAMERA_Config:cfin|MIPI_CAMERA_CONFIG:camiv ;
+------------------------------+-------+------+----------------------------------+
; Assignment                   ; Value ; From ; To                               ;
+------------------------------+-------+------+----------------------------------+
; IGNORE_LCELL_BUFFERS         ; off   ; -    ; const_zero_sig                   ;
; REMOVE_REDUNDANT_LOGIC_CELLS ; off   ; -    ; const_zero_sig                   ;
+------------------------------+-------+------+----------------------------------+


+-------------------------------------------------------------------------------+
; Source assignments for MIPI_BRIDGE_CAMERA_Config:cfin|MIPI_BRIDGE_CONFIG:mpiv ;
+------------------------------+-------+------+---------------------------------+
; Assignment                   ; Value ; From ; To                              ;
+------------------------------+-------+------+---------------------------------+
; IGNORE_LCELL_BUFFERS         ; off   ; -    ; const_zero_sig                  ;
; REMOVE_REDUNDANT_LOGIC_CELLS ; off   ; -    ; const_zero_sig                  ;
+------------------------------+-------+------+---------------------------------+


+---------------------------------------------------------------------------------------------------------------------------------------------+
; Source assignments for D8M_SET:ccd|RAW2RGB_L:u4|Line_Buffer_J:u0|int_line:d1|altsyncram:altsyncram_component|altsyncram_iup1:auto_generated ;
+---------------------------------+--------------------+------+-------------------------------------------------------------------------------+
; Assignment                      ; Value              ; From ; To                                                                            ;
+---------------------------------+--------------------+------+-------------------------------------------------------------------------------+
; OPTIMIZE_POWER_DURING_SYNTHESIS ; NORMAL_COMPILATION ; -    ; -                                                                             ;
+---------------------------------+--------------------+------+-------------------------------------------------------------------------------+


+---------------------------------------------------------------------------------------------------------------------------------------------+
; Source assignments for D8M_SET:ccd|RAW2RGB_L:u4|Line_Buffer_J:u0|int_line:d2|altsyncram:altsyncram_component|altsyncram_iup1:auto_generated ;
+---------------------------------+--------------------+------+-------------------------------------------------------------------------------+
; Assignment                      ; Value              ; From ; To                                                                            ;
+---------------------------------+--------------------+------+-------------------------------------------------------------------------------+
; OPTIMIZE_POWER_DURING_SYNTHESIS ; NORMAL_COMPILATION ; -    ; -                                                                             ;
+---------------------------------+--------------------+------+-------------------------------------------------------------------------------+


+---------------------------------------------------------------------------------------------------------------------------------------------+
; Source assignments for D8M_SET:ccd|RAW2RGB_L:u4|Line_Buffer_J:u0|int_line:d3|altsyncram:altsyncram_component|altsyncram_iup1:auto_generated ;
+---------------------------------+--------------------+------+-------------------------------------------------------------------------------+
; Assignment                      ; Value              ; From ; To                                                                            ;
+---------------------------------+--------------------+------+-------------------------------------------------------------------------------+
; OPTIMIZE_POWER_DURING_SYNTHESIS ; NORMAL_COMPILATION ; -    ; -                                                                             ;
+---------------------------------+--------------------+------+-------------------------------------------------------------------------------+


+--------------------------------------------------------------+
; Source assignments for FOCUS_ADJ:adl|VCM_I2C:i2c2            ;
+------------------------------+-------+------+----------------+
; Assignment                   ; Value ; From ; To             ;
+------------------------------+-------+------+----------------+
; IGNORE_LCELL_BUFFERS         ; off   ; -    ; const_zero_sig ;
; REMOVE_REDUNDANT_LOGIC_CELLS ; off   ; -    ; const_zero_sig ;
+------------------------------+-------+------+----------------+


+------------------------------------------------------------------------------------------------------+
; Parameter Settings for User Entity Instance: MIPI_BRIDGE_CAMERA_Config:cfin|MIPI_CAMERA_CONFIG:camiv ;
+----------------+------------------+------------------------------------------------------------------+
; Parameter Name ; Value            ; Type                                                             ;
+----------------+------------------+------------------------------------------------------------------+
; WORD_NUM_MAX   ; 294              ; Signed Integer                                                   ;
; MIPI_I2C_ADDR  ; 01101100         ; Unsigned Binary                                                  ;
; P_ID1          ; 0011000000001011 ; Unsigned Binary                                                  ;
; P_ID2          ; 0011000000001100 ; Unsigned Binary                                                  ;
; TIME_LONG      ; 100              ; Signed Integer                                                   ;
; DELAY_TYPE     ; 10101010         ; Unsigned Binary                                                  ;
+----------------+------------------+------------------------------------------------------------------+
Note: In order to hide this table in the UI and the text report file, please set the "Show Parameter Settings in Synthesis Report" option in "Analysis and Synthesis Settings -> More Settings" to "Off".


+-----------------------------------------------------------------------------------------------------+
; Parameter Settings for User Entity Instance: MIPI_BRIDGE_CAMERA_Config:cfin|MIPI_BRIDGE_CONFIG:mpiv ;
+----------------------+------------------+-----------------------------------------------------------+
; Parameter Name       ; Value            ; Type                                                      ;
+----------------------+------------------+-----------------------------------------------------------+
; WORD_NUM_MAX         ; 13               ; Signed Integer                                            ;
; MIPI_BRIDGE_I2C_ADDR ; 00011100         ; Unsigned Binary                                           ;
; P_ID                 ; 0000000000000000 ; Unsigned Binary                                           ;
; TIME_LONG            ; 100              ; Signed Integer                                            ;
; FIFO_LEVEL           ; 0000000000001000 ; Unsigned Binary                                           ;
; DATA_FORMAT          ; 0000000000010000 ; Unsigned Binary                                           ;
; PLL_PRD              ; 1                ; Signed Integer                                            ;
; PLL_FBD              ; 39               ; Signed Integer                                            ;
; PLL_FRS              ; 1                ; Signed Integer                                            ;
; MCLK_HL              ; 1                ; Signed Integer                                            ;
; PPICLKDIV            ; 2                ; Signed Integer                                            ;
; MCLKREFDIV           ; 2                ; Signed Integer                                            ;
; SCLKDIV              ; 0                ; Signed Integer                                            ;
; WORDCOUNT            ; 800              ; Signed Integer                                            ;
+----------------------+------------------+-----------------------------------------------------------+
Note: In order to hide this table in the UI and the text report file, please set the "Show Parameter Settings in Synthesis Report" option in "Analysis and Synthesis Settings -> More Settings" to "Off".


+---------------------------------------------------------------------------------------------------------------+
; Parameter Settings for User Entity Instance: pll_test:ref|pll_test_0002:pll_test_inst|altera_pll:altera_pll_i ;
+--------------------------------------+------------------------+-----------------------------------------------+
; Parameter Name                       ; Value                  ; Type                                          ;
+--------------------------------------+------------------------+-----------------------------------------------+
; reference_clock_frequency            ; 50.0 MHz               ; String                                        ;
; fractional_vco_multiplier            ; false                  ; String                                        ;
; pll_type                             ; General                ; String                                        ;
; pll_subtype                          ; General                ; String                                        ;
; number_of_clocks                     ; 2                      ; Signed Integer                                ;
; operation_mode                       ; direct                 ; String                                        ;
; deserialization_factor               ; 4                      ; Signed Integer                                ;
; data_rate                            ; 0                      ; Signed Integer                                ;
; sim_additional_refclk_cycles_to_lock ; 0                      ; Signed Integer                                ;
; output_clock_frequency0              ; 20.000000 MHz          ; String                                        ;
; phase_shift0                         ; 0 ps                   ; String                                        ;
; duty_cycle0                          ; 50                     ; Signed Integer                                ;
; output_clock_frequency1              ; 25.000000 MHz          ; String                                        ;
; phase_shift1                         ; 0 ps                   ; String                                        ;
; duty_cycle1                          ; 50                     ; Signed Integer                                ;
; output_clock_frequency2              ; 0 MHz                  ; String                                        ;
; phase_shift2                         ; 0 ps                   ; String                                        ;
; duty_cycle2                          ; 50                     ; Signed Integer                                ;
; output_clock_frequency3              ; 0 MHz                  ; String                                        ;
; phase_shift3                         ; 0 ps                   ; String                                        ;
; duty_cycle3                          ; 50                     ; Signed Integer                                ;
; output_clock_frequency4              ; 0 MHz                  ; String                                        ;
; phase_shift4                         ; 0 ps                   ; String                                        ;
; duty_cycle4                          ; 50                     ; Signed Integer                                ;
; output_clock_frequency5              ; 0 MHz                  ; String                                        ;
; phase_shift5                         ; 0 ps                   ; String                                        ;
; duty_cycle5                          ; 50                     ; Signed Integer                                ;
; output_clock_frequency6              ; 0 MHz                  ; String                                        ;
; phase_shift6                         ; 0 ps                   ; String                                        ;
; duty_cycle6                          ; 50                     ; Signed Integer                                ;
; output_clock_frequency7              ; 0 MHz                  ; String                                        ;
; phase_shift7                         ; 0 ps                   ; String                                        ;
; duty_cycle7                          ; 50                     ; Signed Integer                                ;
; output_clock_frequency8              ; 0 MHz                  ; String                                        ;
; phase_shift8                         ; 0 ps                   ; String                                        ;
; duty_cycle8                          ; 50                     ; Signed Integer                                ;
; output_clock_frequency9              ; 0 MHz                  ; String                                        ;
; phase_shift9                         ; 0 ps                   ; String                                        ;
; duty_cycle9                          ; 50                     ; Signed Integer                                ;
; output_clock_frequency10             ; 0 MHz                  ; String                                        ;
; phase_shift10                        ; 0 ps                   ; String                                        ;
; duty_cycle10                         ; 50                     ; Signed Integer                                ;
; output_clock_frequency11             ; 0 MHz                  ; String                                        ;
; phase_shift11                        ; 0 ps                   ; String                                        ;
; duty_cycle11                         ; 50                     ; Signed Integer                                ;
; output_clock_frequency12             ; 0 MHz                  ; String                                        ;
; phase_shift12                        ; 0 ps                   ; String                                        ;
; duty_cycle12                         ; 50                     ; Signed Integer                                ;
; output_clock_frequency13             ; 0 MHz                  ; String                                        ;
; phase_shift13                        ; 0 ps                   ; String                                        ;
; duty_cycle13                         ; 50                     ; Signed Integer                                ;
; output_clock_frequency14             ; 0 MHz                  ; String                                        ;
; phase_shift14                        ; 0 ps                   ; String                                        ;
; duty_cycle14                         ; 50                     ; Signed Integer                                ;
; output_clock_frequency15             ; 0 MHz                  ; String                                        ;
; phase_shift15                        ; 0 ps                   ; String                                        ;
; duty_cycle15                         ; 50                     ; Signed Integer                                ;
; output_clock_frequency16             ; 0 MHz                  ; String                                        ;
; phase_shift16                        ; 0 ps                   ; String                                        ;
; duty_cycle16                         ; 50                     ; Signed Integer                                ;
; output_clock_frequency17             ; 0 MHz                  ; String                                        ;
; phase_shift17                        ; 0 ps                   ; String                                        ;
; duty_cycle17                         ; 50                     ; Signed Integer                                ;
; clock_name_0                         ;                        ; String                                        ;
; clock_name_1                         ;                        ; String                                        ;
; clock_name_2                         ;                        ; String                                        ;
; clock_name_3                         ;                        ; String                                        ;
; clock_name_4                         ;                        ; String                                        ;
; clock_name_5                         ;                        ; String                                        ;
; clock_name_6                         ;                        ; String                                        ;
; clock_name_7                         ;                        ; String                                        ;
; clock_name_8                         ;                        ; String                                        ;
; clock_name_global_0                  ; false                  ; String                                        ;
; clock_name_global_1                  ; false                  ; String                                        ;
; clock_name_global_2                  ; false                  ; String                                        ;
; clock_name_global_3                  ; false                  ; String                                        ;
; clock_name_global_4                  ; false                  ; String                                        ;
; clock_name_global_5                  ; false                  ; String                                        ;
; clock_name_global_6                  ; false                  ; String                                        ;
; clock_name_global_7                  ; false                  ; String                                        ;
; clock_name_global_8                  ; false                  ; String                                        ;
; m_cnt_hi_div                         ; 1                      ; Signed Integer                                ;
; m_cnt_lo_div                         ; 1                      ; Signed Integer                                ;
; m_cnt_bypass_en                      ; false                  ; String                                        ;
; m_cnt_odd_div_duty_en                ; false                  ; String                                        ;
; n_cnt_hi_div                         ; 1                      ; Signed Integer                                ;
; n_cnt_lo_div                         ; 1                      ; Signed Integer                                ;
; n_cnt_bypass_en                      ; false                  ; String                                        ;
; n_cnt_odd_div_duty_en                ; false                  ; String                                        ;
; c_cnt_hi_div0                        ; 1                      ; Signed Integer                                ;
; c_cnt_lo_div0                        ; 1                      ; Signed Integer                                ;
; c_cnt_bypass_en0                     ; false                  ; String                                        ;
; c_cnt_in_src0                        ; ph_mux_clk             ; String                                        ;
; c_cnt_odd_div_duty_en0               ; false                  ; String                                        ;
; c_cnt_prst0                          ; 1                      ; Signed Integer                                ;
; c_cnt_ph_mux_prst0                   ; 0                      ; Signed Integer                                ;
; c_cnt_hi_div1                        ; 1                      ; Signed Integer                                ;
; c_cnt_lo_div1                        ; 1                      ; Signed Integer                                ;
; c_cnt_bypass_en1                     ; false                  ; String                                        ;
; c_cnt_in_src1                        ; ph_mux_clk             ; String                                        ;
; c_cnt_odd_div_duty_en1               ; false                  ; String                                        ;
; c_cnt_prst1                          ; 1                      ; Signed Integer                                ;
; c_cnt_ph_mux_prst1                   ; 0                      ; Signed Integer                                ;
; c_cnt_hi_div2                        ; 1                      ; Signed Integer                                ;
; c_cnt_lo_div2                        ; 1                      ; Signed Integer                                ;
; c_cnt_bypass_en2                     ; false                  ; String                                        ;
; c_cnt_in_src2                        ; ph_mux_clk             ; String                                        ;
; c_cnt_odd_div_duty_en2               ; false                  ; String                                        ;
; c_cnt_prst2                          ; 1                      ; Signed Integer                                ;
; c_cnt_ph_mux_prst2                   ; 0                      ; Signed Integer                                ;
; c_cnt_hi_div3                        ; 1                      ; Signed Integer                                ;
; c_cnt_lo_div3                        ; 1                      ; Signed Integer                                ;
; c_cnt_bypass_en3                     ; false                  ; String                                        ;
; c_cnt_in_src3                        ; ph_mux_clk             ; String                                        ;
; c_cnt_odd_div_duty_en3               ; false                  ; String                                        ;
; c_cnt_prst3                          ; 1                      ; Signed Integer                                ;
; c_cnt_ph_mux_prst3                   ; 0                      ; Signed Integer                                ;
; c_cnt_hi_div4                        ; 1                      ; Signed Integer                                ;
; c_cnt_lo_div4                        ; 1                      ; Signed Integer                                ;
; c_cnt_bypass_en4                     ; false                  ; String                                        ;
; c_cnt_in_src4                        ; ph_mux_clk             ; String                                        ;
; c_cnt_odd_div_duty_en4               ; false                  ; String                                        ;
; c_cnt_prst4                          ; 1                      ; Signed Integer                                ;
; c_cnt_ph_mux_prst4                   ; 0                      ; Signed Integer                                ;
; c_cnt_hi_div5                        ; 1                      ; Signed Integer                                ;
; c_cnt_lo_div5                        ; 1                      ; Signed Integer                                ;
; c_cnt_bypass_en5                     ; false                  ; String                                        ;
; c_cnt_in_src5                        ; ph_mux_clk             ; String                                        ;
; c_cnt_odd_div_duty_en5               ; false                  ; String                                        ;
; c_cnt_prst5                          ; 1                      ; Signed Integer                                ;
; c_cnt_ph_mux_prst5                   ; 0                      ; Signed Integer                                ;
; c_cnt_hi_div6                        ; 1                      ; Signed Integer                                ;
; c_cnt_lo_div6                        ; 1                      ; Signed Integer                                ;
; c_cnt_bypass_en6                     ; false                  ; String                                        ;
; c_cnt_in_src6                        ; ph_mux_clk             ; String                                        ;
; c_cnt_odd_div_duty_en6               ; false                  ; String                                        ;
; c_cnt_prst6                          ; 1                      ; Signed Integer                                ;
; c_cnt_ph_mux_prst6                   ; 0                      ; Signed Integer                                ;
; c_cnt_hi_div7                        ; 1                      ; Signed Integer                                ;
; c_cnt_lo_div7                        ; 1                      ; Signed Integer                                ;
; c_cnt_bypass_en7                     ; false                  ; String                                        ;
; c_cnt_in_src7                        ; ph_mux_clk             ; String                                        ;
; c_cnt_odd_div_duty_en7               ; false                  ; String                                        ;
; c_cnt_prst7                          ; 1                      ; Signed Integer                                ;
; c_cnt_ph_mux_prst7                   ; 0                      ; Signed Integer                                ;
; c_cnt_hi_div8                        ; 1                      ; Signed Integer                                ;
; c_cnt_lo_div8                        ; 1                      ; Signed Integer                                ;
; c_cnt_bypass_en8                     ; false                  ; String                                        ;
; c_cnt_in_src8                        ; ph_mux_clk             ; String                                        ;
; c_cnt_odd_div_duty_en8               ; false                  ; String                                        ;
; c_cnt_prst8                          ; 1                      ; Signed Integer                                ;
; c_cnt_ph_mux_prst8                   ; 0                      ; Signed Integer                                ;
; c_cnt_hi_div9                        ; 1                      ; Signed Integer                                ;
; c_cnt_lo_div9                        ; 1                      ; Signed Integer                                ;
; c_cnt_bypass_en9                     ; false                  ; String                                        ;
; c_cnt_in_src9                        ; ph_mux_clk             ; String                                        ;
; c_cnt_odd_div_duty_en9               ; false                  ; String                                        ;
; c_cnt_prst9                          ; 1                      ; Signed Integer                                ;
; c_cnt_ph_mux_prst9                   ; 0                      ; Signed Integer                                ;
; c_cnt_hi_div10                       ; 1                      ; Signed Integer                                ;
; c_cnt_lo_div10                       ; 1                      ; Signed Integer                                ;
; c_cnt_bypass_en10                    ; false                  ; String                                        ;
; c_cnt_in_src10                       ; ph_mux_clk             ; String                                        ;
; c_cnt_odd_div_duty_en10              ; false                  ; String                                        ;
; c_cnt_prst10                         ; 1                      ; Signed Integer                                ;
; c_cnt_ph_mux_prst10                  ; 0                      ; Signed Integer                                ;
; c_cnt_hi_div11                       ; 1                      ; Signed Integer                                ;
; c_cnt_lo_div11                       ; 1                      ; Signed Integer                                ;
; c_cnt_bypass_en11                    ; false                  ; String                                        ;
; c_cnt_in_src11                       ; ph_mux_clk             ; String                                        ;
; c_cnt_odd_div_duty_en11              ; false                  ; String                                        ;
; c_cnt_prst11                         ; 1                      ; Signed Integer                                ;
; c_cnt_ph_mux_prst11                  ; 0                      ; Signed Integer                                ;
; c_cnt_hi_div12                       ; 1                      ; Signed Integer                                ;
; c_cnt_lo_div12                       ; 1                      ; Signed Integer                                ;
; c_cnt_bypass_en12                    ; false                  ; String                                        ;
; c_cnt_in_src12                       ; ph_mux_clk             ; String                                        ;
; c_cnt_odd_div_duty_en12              ; false                  ; String                                        ;
; c_cnt_prst12                         ; 1                      ; Signed Integer                                ;
; c_cnt_ph_mux_prst12                  ; 0                      ; Signed Integer                                ;
; c_cnt_hi_div13                       ; 1                      ; Signed Integer                                ;
; c_cnt_lo_div13                       ; 1                      ; Signed Integer                                ;
; c_cnt_bypass_en13                    ; false                  ; String                                        ;
; c_cnt_in_src13                       ; ph_mux_clk             ; String                                        ;
; c_cnt_odd_div_duty_en13              ; false                  ; String                                        ;
; c_cnt_prst13                         ; 1                      ; Signed Integer                                ;
; c_cnt_ph_mux_prst13                  ; 0                      ; Signed Integer                                ;
; c_cnt_hi_div14                       ; 1                      ; Signed Integer                                ;
; c_cnt_lo_div14                       ; 1                      ; Signed Integer                                ;
; c_cnt_bypass_en14                    ; false                  ; String                                        ;
; c_cnt_in_src14                       ; ph_mux_clk             ; String                                        ;
; c_cnt_odd_div_duty_en14              ; false                  ; String                                        ;
; c_cnt_prst14                         ; 1                      ; Signed Integer                                ;
; c_cnt_ph_mux_prst14                  ; 0                      ; Signed Integer                                ;
; c_cnt_hi_div15                       ; 1                      ; Signed Integer                                ;
; c_cnt_lo_div15                       ; 1                      ; Signed Integer                                ;
; c_cnt_bypass_en15                    ; false                  ; String                                        ;
; c_cnt_in_src15                       ; ph_mux_clk             ; String                                        ;
; c_cnt_odd_div_duty_en15              ; false                  ; String                                        ;
; c_cnt_prst15                         ; 1                      ; Signed Integer                                ;
; c_cnt_ph_mux_prst15                  ; 0                      ; Signed Integer                                ;
; c_cnt_hi_div16                       ; 1                      ; Signed Integer                                ;
; c_cnt_lo_div16                       ; 1                      ; Signed Integer                                ;
; c_cnt_bypass_en16                    ; false                  ; String                                        ;
; c_cnt_in_src16                       ; ph_mux_clk             ; String                                        ;
; c_cnt_odd_div_duty_en16              ; false                  ; String                                        ;
; c_cnt_prst16                         ; 1                      ; Signed Integer                                ;
; c_cnt_ph_mux_prst16                  ; 0                      ; Signed Integer                                ;
; c_cnt_hi_div17                       ; 1                      ; Signed Integer                                ;
; c_cnt_lo_div17                       ; 1                      ; Signed Integer                                ;
; c_cnt_bypass_en17                    ; false                  ; String                                        ;
; c_cnt_in_src17                       ; ph_mux_clk             ; String                                        ;
; c_cnt_odd_div_duty_en17              ; false                  ; String                                        ;
; c_cnt_prst17                         ; 1                      ; Signed Integer                                ;
; c_cnt_ph_mux_prst17                  ; 0                      ; Signed Integer                                ;
; pll_vco_div                          ; 1                      ; Signed Integer                                ;
; pll_slf_rst                          ; false                  ; String                                        ;
; pll_bw_sel                           ; low                    ; String                                        ;
; pll_output_clk_frequency             ; 0 MHz                  ; String                                        ;
; pll_cp_current                       ; 0                      ; Signed Integer                                ;
; pll_bwctrl                           ; 0                      ; Signed Integer                                ;
; pll_fractional_division              ; 1                      ; Signed Integer                                ;
; pll_fractional_cout                  ; 24                     ; Signed Integer                                ;
; pll_dsm_out_sel                      ; 1st_order              ; String                                        ;
; mimic_fbclk_type                     ; gclk                   ; String                                        ;
; pll_fbclk_mux_1                      ; glb                    ; String                                        ;
; pll_fbclk_mux_2                      ; fb_1                   ; String                                        ;
; pll_m_cnt_in_src                     ; ph_mux_clk             ; String                                        ;
; pll_vcoph_div                        ; 1                      ; Signed Integer                                ;
; refclk1_frequency                    ; 0 MHz                  ; String                                        ;
; pll_clkin_0_src                      ; clk_0                  ; String                                        ;
; pll_clkin_1_src                      ; clk_0                  ; String                                        ;
; pll_clk_loss_sw_en                   ; false                  ; String                                        ;
; pll_auto_clk_sw_en                   ; false                  ; String                                        ;
; pll_manu_clk_sw_en                   ; false                  ; String                                        ;
; pll_clk_sw_dly                       ; 0                      ; Signed Integer                                ;
; pll_extclk_0_cnt_src                 ; pll_extclk_cnt_src_vss ; String                                        ;
; pll_extclk_1_cnt_src                 ; pll_extclk_cnt_src_vss ; String                                        ;
+--------------------------------------+------------------------+-----------------------------------------------+
Note: In order to hide this table in the UI and the text report file, please set the "Show Parameter Settings in Synthesis Report" option in "Analysis and Synthesis Settings -> More Settings" to "Off".


+-------------------------------------------------------------------------------------------------------------+
; Parameter Settings for User Entity Instance: vga_pll:pllv|vga_pll_0002:vga_pll_inst|altera_pll:altera_pll_i ;
+--------------------------------------+------------------------+---------------------------------------------+
; Parameter Name                       ; Value                  ; Type                                        ;
+--------------------------------------+------------------------+---------------------------------------------+
; reference_clock_frequency            ; 50.0 MHz               ; String                                      ;
; fractional_vco_multiplier            ; false                  ; String                                      ;
; pll_type                             ; General                ; String                                      ;
; pll_subtype                          ; General                ; String                                      ;
; number_of_clocks                     ; 1                      ; Signed Integer                              ;
; operation_mode                       ; direct                 ; String                                      ;
; deserialization_factor               ; 4                      ; Signed Integer                              ;
; data_rate                            ; 0                      ; Signed Integer                              ;
; sim_additional_refclk_cycles_to_lock ; 0                      ; Signed Integer                              ;
; output_clock_frequency0              ; 25.175644 MHz          ; String                                      ;
; phase_shift0                         ; 0 ps                   ; String                                      ;
; duty_cycle0                          ; 50                     ; Signed Integer                              ;
; output_clock_frequency1              ; 0 MHz                  ; String                                      ;
; phase_shift1                         ; 0 ps                   ; String                                      ;
; duty_cycle1                          ; 50                     ; Signed Integer                              ;
; output_clock_frequency2              ; 0 MHz                  ; String                                      ;
; phase_shift2                         ; 0 ps                   ; String                                      ;
; duty_cycle2                          ; 50                     ; Signed Integer                              ;
; output_clock_frequency3              ; 0 MHz                  ; String                                      ;
; phase_shift3                         ; 0 ps                   ; String                                      ;
; duty_cycle3                          ; 50                     ; Signed Integer                              ;
; output_clock_frequency4              ; 0 MHz                  ; String                                      ;
; phase_shift4                         ; 0 ps                   ; String                                      ;
; duty_cycle4                          ; 50                     ; Signed Integer                              ;
; output_clock_frequency5              ; 0 MHz                  ; String                                      ;
; phase_shift5                         ; 0 ps                   ; String                                      ;
; duty_cycle5                          ; 50                     ; Signed Integer                              ;
; output_clock_frequency6              ; 0 MHz                  ; String                                      ;
; phase_shift6                         ; 0 ps                   ; String                                      ;
; duty_cycle6                          ; 50                     ; Signed Integer                              ;
; output_clock_frequency7              ; 0 MHz                  ; String                                      ;
; phase_shift7                         ; 0 ps                   ; String                                      ;
; duty_cycle7                          ; 50                     ; Signed Integer                              ;
; output_clock_frequency8              ; 0 MHz                  ; String                                      ;
; phase_shift8                         ; 0 ps                   ; String                                      ;
; duty_cycle8                          ; 50                     ; Signed Integer                              ;
; output_clock_frequency9              ; 0 MHz                  ; String                                      ;
; phase_shift9                         ; 0 ps                   ; String                                      ;
; duty_cycle9                          ; 50                     ; Signed Integer                              ;
; output_clock_frequency10             ; 0 MHz                  ; String                                      ;
; phase_shift10                        ; 0 ps                   ; String                                      ;
; duty_cycle10                         ; 50                     ; Signed Integer                              ;
; output_clock_frequency11             ; 0 MHz                  ; String                                      ;
; phase_shift11                        ; 0 ps                   ; String                                      ;
; duty_cycle11                         ; 50                     ; Signed Integer                              ;
; output_clock_frequency12             ; 0 MHz                  ; String                                      ;
; phase_shift12                        ; 0 ps                   ; String                                      ;
; duty_cycle12                         ; 50                     ; Signed Integer                              ;
; output_clock_frequency13             ; 0 MHz                  ; String                                      ;
; phase_shift13                        ; 0 ps                   ; String                                      ;
; duty_cycle13                         ; 50                     ; Signed Integer                              ;
; output_clock_frequency14             ; 0 MHz                  ; String                                      ;
; phase_shift14                        ; 0 ps                   ; String                                      ;
; duty_cycle14                         ; 50                     ; Signed Integer                              ;
; output_clock_frequency15             ; 0 MHz                  ; String                                      ;
; phase_shift15                        ; 0 ps                   ; String                                      ;
; duty_cycle15                         ; 50                     ; Signed Integer                              ;
; output_clock_frequency16             ; 0 MHz                  ; String                                      ;
; phase_shift16                        ; 0 ps                   ; String                                      ;
; duty_cycle16                         ; 50                     ; Signed Integer                              ;
; output_clock_frequency17             ; 0 MHz                  ; String                                      ;
; phase_shift17                        ; 0 ps                   ; String                                      ;
; duty_cycle17                         ; 50                     ; Signed Integer                              ;
; clock_name_0                         ;                        ; String                                      ;
; clock_name_1                         ;                        ; String                                      ;
; clock_name_2                         ;                        ; String                                      ;
; clock_name_3                         ;                        ; String                                      ;
; clock_name_4                         ;                        ; String                                      ;
; clock_name_5                         ;                        ; String                                      ;
; clock_name_6                         ;                        ; String                                      ;
; clock_name_7                         ;                        ; String                                      ;
; clock_name_8                         ;                        ; String                                      ;
; clock_name_global_0                  ; false                  ; String                                      ;
; clock_name_global_1                  ; false                  ; String                                      ;
; clock_name_global_2                  ; false                  ; String                                      ;
; clock_name_global_3                  ; false                  ; String                                      ;
; clock_name_global_4                  ; false                  ; String                                      ;
; clock_name_global_5                  ; false                  ; String                                      ;
; clock_name_global_6                  ; false                  ; String                                      ;
; clock_name_global_7                  ; false                  ; String                                      ;
; clock_name_global_8                  ; false                  ; String                                      ;
; m_cnt_hi_div                         ; 1                      ; Signed Integer                              ;
; m_cnt_lo_div                         ; 1                      ; Signed Integer                              ;
; m_cnt_bypass_en                      ; false                  ; String                                      ;
; m_cnt_odd_div_duty_en                ; false                  ; String                                      ;
; n_cnt_hi_div                         ; 1                      ; Signed Integer                              ;
; n_cnt_lo_div                         ; 1                      ; Signed Integer                              ;
; n_cnt_bypass_en                      ; false                  ; String                                      ;
; n_cnt_odd_div_duty_en                ; false                  ; String                                      ;
; c_cnt_hi_div0                        ; 1                      ; Signed Integer                              ;
; c_cnt_lo_div0                        ; 1                      ; Signed Integer                              ;
; c_cnt_bypass_en0                     ; false                  ; String                                      ;
; c_cnt_in_src0                        ; ph_mux_clk             ; String                                      ;
; c_cnt_odd_div_duty_en0               ; false                  ; String                                      ;
; c_cnt_prst0                          ; 1                      ; Signed Integer                              ;
; c_cnt_ph_mux_prst0                   ; 0                      ; Signed Integer                              ;
; c_cnt_hi_div1                        ; 1                      ; Signed Integer                              ;
; c_cnt_lo_div1                        ; 1                      ; Signed Integer                              ;
; c_cnt_bypass_en1                     ; false                  ; String                                      ;
; c_cnt_in_src1                        ; ph_mux_clk             ; String                                      ;
; c_cnt_odd_div_duty_en1               ; false                  ; String                                      ;
; c_cnt_prst1                          ; 1                      ; Signed Integer                              ;
; c_cnt_ph_mux_prst1                   ; 0                      ; Signed Integer                              ;
; c_cnt_hi_div2                        ; 1                      ; Signed Integer                              ;
; c_cnt_lo_div2                        ; 1                      ; Signed Integer                              ;
; c_cnt_bypass_en2                     ; false                  ; String                                      ;
; c_cnt_in_src2                        ; ph_mux_clk             ; String                                      ;
; c_cnt_odd_div_duty_en2               ; false                  ; String                                      ;
; c_cnt_prst2                          ; 1                      ; Signed Integer                              ;
; c_cnt_ph_mux_prst2                   ; 0                      ; Signed Integer                              ;
; c_cnt_hi_div3                        ; 1                      ; Signed Integer                              ;
; c_cnt_lo_div3                        ; 1                      ; Signed Integer                              ;
; c_cnt_bypass_en3                     ; false                  ; String                                      ;
; c_cnt_in_src3                        ; ph_mux_clk             ; String                                      ;
; c_cnt_odd_div_duty_en3               ; false                  ; String                                      ;
; c_cnt_prst3                          ; 1                      ; Signed Integer                              ;
; c_cnt_ph_mux_prst3                   ; 0                      ; Signed Integer                              ;
; c_cnt_hi_div4                        ; 1                      ; Signed Integer                              ;
; c_cnt_lo_div4                        ; 1                      ; Signed Integer                              ;
; c_cnt_bypass_en4                     ; false                  ; String                                      ;
; c_cnt_in_src4                        ; ph_mux_clk             ; String                                      ;
; c_cnt_odd_div_duty_en4               ; false                  ; String                                      ;
; c_cnt_prst4                          ; 1                      ; Signed Integer                              ;
; c_cnt_ph_mux_prst4                   ; 0                      ; Signed Integer                              ;
; c_cnt_hi_div5                        ; 1                      ; Signed Integer                              ;
; c_cnt_lo_div5                        ; 1                      ; Signed Integer                              ;
; c_cnt_bypass_en5                     ; false                  ; String                                      ;
; c_cnt_in_src5                        ; ph_mux_clk             ; String                                      ;
; c_cnt_odd_div_duty_en5               ; false                  ; String                                      ;
; c_cnt_prst5                          ; 1                      ; Signed Integer                              ;
; c_cnt_ph_mux_prst5                   ; 0                      ; Signed Integer                              ;
; c_cnt_hi_div6                        ; 1                      ; Signed Integer                              ;
; c_cnt_lo_div6                        ; 1                      ; Signed Integer                              ;
; c_cnt_bypass_en6                     ; false                  ; String                                      ;
; c_cnt_in_src6                        ; ph_mux_clk             ; String                                      ;
; c_cnt_odd_div_duty_en6               ; false                  ; String                                      ;
; c_cnt_prst6                          ; 1                      ; Signed Integer                              ;
; c_cnt_ph_mux_prst6                   ; 0                      ; Signed Integer                              ;
; c_cnt_hi_div7                        ; 1                      ; Signed Integer                              ;
; c_cnt_lo_div7                        ; 1                      ; Signed Integer                              ;
; c_cnt_bypass_en7                     ; false                  ; String                                      ;
; c_cnt_in_src7                        ; ph_mux_clk             ; String                                      ;
; c_cnt_odd_div_duty_en7               ; false                  ; String                                      ;
; c_cnt_prst7                          ; 1                      ; Signed Integer                              ;
; c_cnt_ph_mux_prst7                   ; 0                      ; Signed Integer                              ;
; c_cnt_hi_div8                        ; 1                      ; Signed Integer                              ;
; c_cnt_lo_div8                        ; 1                      ; Signed Integer                              ;
; c_cnt_bypass_en8                     ; false                  ; String                                      ;
; c_cnt_in_src8                        ; ph_mux_clk             ; String                                      ;
; c_cnt_odd_div_duty_en8               ; false                  ; String                                      ;
; c_cnt_prst8                          ; 1                      ; Signed Integer                              ;
; c_cnt_ph_mux_prst8                   ; 0                      ; Signed Integer                              ;
; c_cnt_hi_div9                        ; 1                      ; Signed Integer                              ;
; c_cnt_lo_div9                        ; 1                      ; Signed Integer                              ;
; c_cnt_bypass_en9                     ; false                  ; String                                      ;
; c_cnt_in_src9                        ; ph_mux_clk             ; String                                      ;
; c_cnt_odd_div_duty_en9               ; false                  ; String                                      ;
; c_cnt_prst9                          ; 1                      ; Signed Integer                              ;
; c_cnt_ph_mux_prst9                   ; 0                      ; Signed Integer                              ;
; c_cnt_hi_div10                       ; 1                      ; Signed Integer                              ;
; c_cnt_lo_div10                       ; 1                      ; Signed Integer                              ;
; c_cnt_bypass_en10                    ; false                  ; String                                      ;
; c_cnt_in_src10                       ; ph_mux_clk             ; String                                      ;
; c_cnt_odd_div_duty_en10              ; false                  ; String                                      ;
; c_cnt_prst10                         ; 1                      ; Signed Integer                              ;
; c_cnt_ph_mux_prst10                  ; 0                      ; Signed Integer                              ;
; c_cnt_hi_div11                       ; 1                      ; Signed Integer                              ;
; c_cnt_lo_div11                       ; 1                      ; Signed Integer                              ;
; c_cnt_bypass_en11                    ; false                  ; String                                      ;
; c_cnt_in_src11                       ; ph_mux_clk             ; String                                      ;
; c_cnt_odd_div_duty_en11              ; false                  ; String                                      ;
; c_cnt_prst11                         ; 1                      ; Signed Integer                              ;
; c_cnt_ph_mux_prst11                  ; 0                      ; Signed Integer                              ;
; c_cnt_hi_div12                       ; 1                      ; Signed Integer                              ;
; c_cnt_lo_div12                       ; 1                      ; Signed Integer                              ;
; c_cnt_bypass_en12                    ; false                  ; String                                      ;
; c_cnt_in_src12                       ; ph_mux_clk             ; String                                      ;
; c_cnt_odd_div_duty_en12              ; false                  ; String                                      ;
; c_cnt_prst12                         ; 1                      ; Signed Integer                              ;
; c_cnt_ph_mux_prst12                  ; 0                      ; Signed Integer                              ;
; c_cnt_hi_div13                       ; 1                      ; Signed Integer                              ;
; c_cnt_lo_div13                       ; 1                      ; Signed Integer                              ;
; c_cnt_bypass_en13                    ; false                  ; String                                      ;
; c_cnt_in_src13                       ; ph_mux_clk             ; String                                      ;
; c_cnt_odd_div_duty_en13              ; false                  ; String                                      ;
; c_cnt_prst13                         ; 1                      ; Signed Integer                              ;
; c_cnt_ph_mux_prst13                  ; 0                      ; Signed Integer                              ;
; c_cnt_hi_div14                       ; 1                      ; Signed Integer                              ;
; c_cnt_lo_div14                       ; 1                      ; Signed Integer                              ;
; c_cnt_bypass_en14                    ; false                  ; String                                      ;
; c_cnt_in_src14                       ; ph_mux_clk             ; String                                      ;
; c_cnt_odd_div_duty_en14              ; false                  ; String                                      ;
; c_cnt_prst14                         ; 1                      ; Signed Integer                              ;
; c_cnt_ph_mux_prst14                  ; 0                      ; Signed Integer                              ;
; c_cnt_hi_div15                       ; 1                      ; Signed Integer                              ;
; c_cnt_lo_div15                       ; 1                      ; Signed Integer                              ;
; c_cnt_bypass_en15                    ; false                  ; String                                      ;
; c_cnt_in_src15                       ; ph_mux_clk             ; String                                      ;
; c_cnt_odd_div_duty_en15              ; false                  ; String                                      ;
; c_cnt_prst15                         ; 1                      ; Signed Integer                              ;
; c_cnt_ph_mux_prst15                  ; 0                      ; Signed Integer                              ;
; c_cnt_hi_div16                       ; 1                      ; Signed Integer                              ;
; c_cnt_lo_div16                       ; 1                      ; Signed Integer                              ;
; c_cnt_bypass_en16                    ; false                  ; String                                      ;
; c_cnt_in_src16                       ; ph_mux_clk             ; String                                      ;
; c_cnt_odd_div_duty_en16              ; false                  ; String                                      ;
; c_cnt_prst16                         ; 1                      ; Signed Integer                              ;
; c_cnt_ph_mux_prst16                  ; 0                      ; Signed Integer                              ;
; c_cnt_hi_div17                       ; 1                      ; Signed Integer                              ;
; c_cnt_lo_div17                       ; 1                      ; Signed Integer                              ;
; c_cnt_bypass_en17                    ; false                  ; String                                      ;
; c_cnt_in_src17                       ; ph_mux_clk             ; String                                      ;
; c_cnt_odd_div_duty_en17              ; false                  ; String                                      ;
; c_cnt_prst17                         ; 1                      ; Signed Integer                              ;
; c_cnt_ph_mux_prst17                  ; 0                      ; Signed Integer                              ;
; pll_vco_div                          ; 1                      ; Signed Integer                              ;
; pll_slf_rst                          ; false                  ; String                                      ;
; pll_bw_sel                           ; low                    ; String                                      ;
; pll_output_clk_frequency             ; 0 MHz                  ; String                                      ;
; pll_cp_current                       ; 0                      ; Signed Integer                              ;
; pll_bwctrl                           ; 0                      ; Signed Integer                              ;
; pll_fractional_division              ; 1                      ; Signed Integer                              ;
; pll_fractional_cout                  ; 24                     ; Signed Integer                              ;
; pll_dsm_out_sel                      ; 1st_order              ; String                                      ;
; mimic_fbclk_type                     ; gclk                   ; String                                      ;
; pll_fbclk_mux_1                      ; glb                    ; String                                      ;
; pll_fbclk_mux_2                      ; fb_1                   ; String                                      ;
; pll_m_cnt_in_src                     ; ph_mux_clk             ; String                                      ;
; pll_vcoph_div                        ; 1                      ; Signed Integer                              ;
; refclk1_frequency                    ; 0 MHz                  ; String                                      ;
; pll_clkin_0_src                      ; clk_0                  ; String                                      ;
; pll_clkin_1_src                      ; clk_0                  ; String                                      ;
; pll_clk_loss_sw_en                   ; false                  ; String                                      ;
; pll_auto_clk_sw_en                   ; false                  ; String                                      ;
; pll_manu_clk_sw_en                   ; false                  ; String                                      ;
; pll_clk_sw_dly                       ; 0                      ; Signed Integer                              ;
; pll_extclk_0_cnt_src                 ; pll_extclk_cnt_src_vss ; String                                      ;
; pll_extclk_1_cnt_src                 ; pll_extclk_cnt_src_vss ; String                                      ;
+--------------------------------------+------------------------+---------------------------------------------+
Note: In order to hide this table in the UI and the text report file, please set the "Show Parameter Settings in Synthesis Report" option in "Analysis and Synthesis Settings -> More Settings" to "Off".


+-------------------------------------------------------------------------------+
; Parameter Settings for User Entity Instance: D8M_SET:ccd|D8M_WRITE_COUNTER:u3 ;
+----------------+-------+------------------------------------------------------+
; Parameter Name ; Value ; Type                                                 ;
+----------------+-------+------------------------------------------------------+
; D8M_LINE_CNT   ; 792   ; Signed Integer                                       ;
; FREE_RUN       ; 44    ; Signed Integer                                       ;
+----------------+-------+------------------------------------------------------+
Note: In order to hide this table in the UI and the text report file, please set the "Show Parameter Settings in Synthesis Report" option in "Analysis and Synthesis Settings -> More Settings" to "Off".


+-----------------------------------------------------------------------+
; Parameter Settings for User Entity Instance: D8M_SET:ccd|RAW2RGB_L:u4 ;
+------------------+-------+--------------------------------------------+
; Parameter Name   ; Value ; Type                                       ;
+------------------+-------+--------------------------------------------+
; D8M_VAL_LINE_MAX ; 620   ; Signed Integer                             ;
; D8M_VAL_LINE_MIN ; 2     ; Signed Integer                             ;
+------------------+-------+--------------------------------------------+
Note: In order to hide this table in the UI and the text report file, please set the "Show Parameter Settings in Synthesis Report" option in "Analysis and Synthesis Settings -> More Settings" to "Off".


+------------------------------------------------------------------------------------------------------------------------------------+
; Parameter Settings for User Entity Instance: D8M_SET:ccd|RAW2RGB_L:u4|Line_Buffer_J:u0|int_line:d1|altsyncram:altsyncram_component ;
+------------------------------------+----------------------+------------------------------------------------------------------------+
; Parameter Name                     ; Value                ; Type                                                                   ;
+------------------------------------+----------------------+------------------------------------------------------------------------+
; BYTE_SIZE_BLOCK                    ; 8                    ; Untyped                                                                ;
; AUTO_CARRY_CHAINS                  ; ON                   ; AUTO_CARRY                                                             ;
; IGNORE_CARRY_BUFFERS               ; OFF                  ; IGNORE_CARRY                                                           ;
; AUTO_CASCADE_CHAINS                ; ON                   ; AUTO_CASCADE                                                           ;
; IGNORE_CASCADE_BUFFERS             ; OFF                  ; IGNORE_CASCADE                                                         ;
; WIDTH_BYTEENA                      ; 1                    ; Untyped                                                                ;
; OPERATION_MODE                     ; DUAL_PORT            ; Untyped                                                                ;
; WIDTH_A                            ; 10                   ; Signed Integer                                                         ;
; WIDTHAD_A                          ; 12                   ; Signed Integer                                                         ;
; NUMWORDS_A                         ; 4096                 ; Signed Integer                                                         ;
; OUTDATA_REG_A                      ; UNREGISTERED         ; Untyped                                                                ;
; ADDRESS_ACLR_A                     ; NONE                 ; Untyped                                                                ;
; OUTDATA_ACLR_A                     ; NONE                 ; Untyped                                                                ;
; WRCONTROL_ACLR_A                   ; NONE                 ; Untyped                                                                ;
; INDATA_ACLR_A                      ; NONE                 ; Untyped                                                                ;
; BYTEENA_ACLR_A                     ; NONE                 ; Untyped                                                                ;
; WIDTH_B                            ; 10                   ; Signed Integer                                                         ;
; WIDTHAD_B                          ; 12                   ; Signed Integer                                                         ;
; NUMWORDS_B                         ; 4096                 ; Signed Integer                                                         ;
; INDATA_REG_B                       ; CLOCK1               ; Untyped                                                                ;
; WRCONTROL_WRADDRESS_REG_B          ; CLOCK1               ; Untyped                                                                ;
; RDCONTROL_REG_B                    ; CLOCK1               ; Untyped                                                                ;
; ADDRESS_REG_B                      ; CLOCK1               ; Untyped                                                                ;
; OUTDATA_REG_B                      ; CLOCK1               ; Untyped                                                                ;
; BYTEENA_REG_B                      ; CLOCK1               ; Untyped                                                                ;
; INDATA_ACLR_B                      ; NONE                 ; Untyped                                                                ;
; WRCONTROL_ACLR_B                   ; NONE                 ; Untyped                                                                ;
; ADDRESS_ACLR_B                     ; NONE                 ; Untyped                                                                ;
; OUTDATA_ACLR_B                     ; NONE                 ; Untyped                                                                ;
; RDCONTROL_ACLR_B                   ; NONE                 ; Untyped                                                                ;
; BYTEENA_ACLR_B                     ; NONE                 ; Untyped                                                                ;
; WIDTH_BYTEENA_A                    ; 1                    ; Signed Integer                                                         ;
; WIDTH_BYTEENA_B                    ; 1                    ; Untyped                                                                ;
; RAM_BLOCK_TYPE                     ; AUTO                 ; Untyped                                                                ;
; BYTE_SIZE                          ; 8                    ; Untyped                                                                ;
; READ_DURING_WRITE_MODE_MIXED_PORTS ; DONT_CARE            ; Untyped                                                                ;
; READ_DURING_WRITE_MODE_PORT_A      ; NEW_DATA_NO_NBE_READ ; Untyped                                                                ;
; READ_DURING_WRITE_MODE_PORT_B      ; NEW_DATA_NO_NBE_READ ; Untyped                                                                ;
; INIT_FILE                          ; UNUSED               ; Untyped                                                                ;
; INIT_FILE_LAYOUT                   ; PORT_A               ; Untyped                                                                ;
; MAXIMUM_DEPTH                      ; 0                    ; Untyped                                                                ;
; CLOCK_ENABLE_INPUT_A               ; BYPASS               ; Untyped                                                                ;
; CLOCK_ENABLE_INPUT_B               ; BYPASS               ; Untyped                                                                ;
; CLOCK_ENABLE_OUTPUT_A              ; NORMAL               ; Untyped                                                                ;
; CLOCK_ENABLE_OUTPUT_B              ; BYPASS               ; Untyped                                                                ;
; CLOCK_ENABLE_CORE_A                ; USE_INPUT_CLKEN      ; Untyped                                                                ;
; CLOCK_ENABLE_CORE_B                ; USE_INPUT_CLKEN      ; Untyped                                                                ;
; ENABLE_ECC                         ; FALSE                ; Untyped                                                                ;
; ECC_PIPELINE_STAGE_ENABLED         ; FALSE                ; Untyped                                                                ;
; WIDTH_ECCSTATUS                    ; 3                    ; Untyped                                                                ;
; DEVICE_FAMILY                      ; Cyclone V            ; Untyped                                                                ;
; CBXI_PARAMETER                     ; altsyncram_iup1      ; Untyped                                                                ;
+------------------------------------+----------------------+------------------------------------------------------------------------+
Note: In order to hide this table in the UI and the text report file, please set the "Show Parameter Settings in Synthesis Report" option in "Analysis and Synthesis Settings -> More Settings" to "Off".


+------------------------------------------------------------------------------------------------------------------------------------+
; Parameter Settings for User Entity Instance: D8M_SET:ccd|RAW2RGB_L:u4|Line_Buffer_J:u0|int_line:d2|altsyncram:altsyncram_component ;
+------------------------------------+----------------------+------------------------------------------------------------------------+
; Parameter Name                     ; Value                ; Type                                                                   ;
+------------------------------------+----------------------+------------------------------------------------------------------------+
; BYTE_SIZE_BLOCK                    ; 8                    ; Untyped                                                                ;
; AUTO_CARRY_CHAINS                  ; ON                   ; AUTO_CARRY                                                             ;
; IGNORE_CARRY_BUFFERS               ; OFF                  ; IGNORE_CARRY                                                           ;
; AUTO_CASCADE_CHAINS                ; ON                   ; AUTO_CASCADE                                                           ;
; IGNORE_CASCADE_BUFFERS             ; OFF                  ; IGNORE_CASCADE                                                         ;
; WIDTH_BYTEENA                      ; 1                    ; Untyped                                                                ;
; OPERATION_MODE                     ; DUAL_PORT            ; Untyped                                                                ;
; WIDTH_A                            ; 10                   ; Signed Integer                                                         ;
; WIDTHAD_A                          ; 12                   ; Signed Integer                                                         ;
; NUMWORDS_A                         ; 4096                 ; Signed Integer                                                         ;
; OUTDATA_REG_A                      ; UNREGISTERED         ; Untyped                                                                ;
; ADDRESS_ACLR_A                     ; NONE                 ; Untyped                                                                ;
; OUTDATA_ACLR_A                     ; NONE                 ; Untyped                                                                ;
; WRCONTROL_ACLR_A                   ; NONE                 ; Untyped                                                                ;
; INDATA_ACLR_A                      ; NONE                 ; Untyped                                                                ;
; BYTEENA_ACLR_A                     ; NONE                 ; Untyped                                                                ;
; WIDTH_B                            ; 10                   ; Signed Integer                                                         ;
; WIDTHAD_B                          ; 12                   ; Signed Integer                                                         ;
; NUMWORDS_B                         ; 4096                 ; Signed Integer                                                         ;
; INDATA_REG_B                       ; CLOCK1               ; Untyped                                                                ;
; WRCONTROL_WRADDRESS_REG_B          ; CLOCK1               ; Untyped                                                                ;
; RDCONTROL_REG_B                    ; CLOCK1               ; Untyped                                                                ;
; ADDRESS_REG_B                      ; CLOCK1               ; Untyped                                                                ;
; OUTDATA_REG_B                      ; CLOCK1               ; Untyped                                                                ;
; BYTEENA_REG_B                      ; CLOCK1               ; Untyped                                                                ;
; INDATA_ACLR_B                      ; NONE                 ; Untyped                                                                ;
; WRCONTROL_ACLR_B                   ; NONE                 ; Untyped                                                                ;
; ADDRESS_ACLR_B                     ; NONE                 ; Untyped                                                                ;
; OUTDATA_ACLR_B                     ; NONE                 ; Untyped                                                                ;
; RDCONTROL_ACLR_B                   ; NONE                 ; Untyped                                                                ;
; BYTEENA_ACLR_B                     ; NONE                 ; Untyped                                                                ;
; WIDTH_BYTEENA_A                    ; 1                    ; Signed Integer                                                         ;
; WIDTH_BYTEENA_B                    ; 1                    ; Untyped                                                                ;
; RAM_BLOCK_TYPE                     ; AUTO                 ; Untyped                                                                ;
; BYTE_SIZE                          ; 8                    ; Untyped                                                                ;
; READ_DURING_WRITE_MODE_MIXED_PORTS ; DONT_CARE            ; Untyped                                                                ;
; READ_DURING_WRITE_MODE_PORT_A      ; NEW_DATA_NO_NBE_READ ; Untyped                                                                ;
; READ_DURING_WRITE_MODE_PORT_B      ; NEW_DATA_NO_NBE_READ ; Untyped                                                                ;
; INIT_FILE                          ; UNUSED               ; Untyped                                                                ;
; INIT_FILE_LAYOUT                   ; PORT_A               ; Untyped                                                                ;
; MAXIMUM_DEPTH                      ; 0                    ; Untyped                                                                ;
; CLOCK_ENABLE_INPUT_A               ; BYPASS               ; Untyped                                                                ;
; CLOCK_ENABLE_INPUT_B               ; BYPASS               ; Untyped                                                                ;
; CLOCK_ENABLE_OUTPUT_A              ; NORMAL               ; Untyped                                                                ;
; CLOCK_ENABLE_OUTPUT_B              ; BYPASS               ; Untyped                                                                ;
; CLOCK_ENABLE_CORE_A                ; USE_INPUT_CLKEN      ; Untyped                                                                ;
; CLOCK_ENABLE_CORE_B                ; USE_INPUT_CLKEN      ; Untyped                                                                ;
; ENABLE_ECC                         ; FALSE                ; Untyped                                                                ;
; ECC_PIPELINE_STAGE_ENABLED         ; FALSE                ; Untyped                                                                ;
; WIDTH_ECCSTATUS                    ; 3                    ; Untyped                                                                ;
; DEVICE_FAMILY                      ; Cyclone V            ; Untyped                                                                ;
; CBXI_PARAMETER                     ; altsyncram_iup1      ; Untyped                                                                ;
+------------------------------------+----------------------+------------------------------------------------------------------------+
Note: In order to hide this table in the UI and the text report file, please set the "Show Parameter Settings in Synthesis Report" option in "Analysis and Synthesis Settings -> More Settings" to "Off".


+------------------------------------------------------------------------------------------------------------------------------------+
; Parameter Settings for User Entity Instance: D8M_SET:ccd|RAW2RGB_L:u4|Line_Buffer_J:u0|int_line:d3|altsyncram:altsyncram_component ;
+------------------------------------+----------------------+------------------------------------------------------------------------+
; Parameter Name                     ; Value                ; Type                                                                   ;
+------------------------------------+----------------------+------------------------------------------------------------------------+
; BYTE_SIZE_BLOCK                    ; 8                    ; Untyped                                                                ;
; AUTO_CARRY_CHAINS                  ; ON                   ; AUTO_CARRY                                                             ;
; IGNORE_CARRY_BUFFERS               ; OFF                  ; IGNORE_CARRY                                                           ;
; AUTO_CASCADE_CHAINS                ; ON                   ; AUTO_CASCADE                                                           ;
; IGNORE_CASCADE_BUFFERS             ; OFF                  ; IGNORE_CASCADE                                                         ;
; WIDTH_BYTEENA                      ; 1                    ; Untyped                                                                ;
; OPERATION_MODE                     ; DUAL_PORT            ; Untyped                                                                ;
; WIDTH_A                            ; 10                   ; Signed Integer                                                         ;
; WIDTHAD_A                          ; 12                   ; Signed Integer                                                         ;
; NUMWORDS_A                         ; 4096                 ; Signed Integer                                                         ;
; OUTDATA_REG_A                      ; UNREGISTERED         ; Untyped                                                                ;
; ADDRESS_ACLR_A                     ; NONE                 ; Untyped                                                                ;
; OUTDATA_ACLR_A                     ; NONE                 ; Untyped                                                                ;
; WRCONTROL_ACLR_A                   ; NONE                 ; Untyped                                                                ;
; INDATA_ACLR_A                      ; NONE                 ; Untyped                                                                ;
; BYTEENA_ACLR_A                     ; NONE                 ; Untyped                                                                ;
; WIDTH_B                            ; 10                   ; Signed Integer                                                         ;
; WIDTHAD_B                          ; 12                   ; Signed Integer                                                         ;
; NUMWORDS_B                         ; 4096                 ; Signed Integer                                                         ;
; INDATA_REG_B                       ; CLOCK1               ; Untyped                                                                ;
; WRCONTROL_WRADDRESS_REG_B          ; CLOCK1               ; Untyped                                                                ;
; RDCONTROL_REG_B                    ; CLOCK1               ; Untyped                                                                ;
; ADDRESS_REG_B                      ; CLOCK1               ; Untyped                                                                ;
; OUTDATA_REG_B                      ; CLOCK1               ; Untyped                                                                ;
; BYTEENA_REG_B                      ; CLOCK1               ; Untyped                                                                ;
; INDATA_ACLR_B                      ; NONE                 ; Untyped                                                                ;
; WRCONTROL_ACLR_B                   ; NONE                 ; Untyped                                                                ;
; ADDRESS_ACLR_B                     ; NONE                 ; Untyped                                                                ;
; OUTDATA_ACLR_B                     ; NONE                 ; Untyped                                                                ;
; RDCONTROL_ACLR_B                   ; NONE                 ; Untyped                                                                ;
; BYTEENA_ACLR_B                     ; NONE                 ; Untyped                                                                ;
; WIDTH_BYTEENA_A                    ; 1                    ; Signed Integer                                                         ;
; WIDTH_BYTEENA_B                    ; 1                    ; Untyped                                                                ;
; RAM_BLOCK_TYPE                     ; AUTO                 ; Untyped                                                                ;
; BYTE_SIZE                          ; 8                    ; Untyped                                                                ;
; READ_DURING_WRITE_MODE_MIXED_PORTS ; DONT_CARE            ; Untyped                                                                ;
; READ_DURING_WRITE_MODE_PORT_A      ; NEW_DATA_NO_NBE_READ ; Untyped                                                                ;
; READ_DURING_WRITE_MODE_PORT_B      ; NEW_DATA_NO_NBE_READ ; Untyped                                                                ;
; INIT_FILE                          ; UNUSED               ; Untyped                                                                ;
; INIT_FILE_LAYOUT                   ; PORT_A               ; Untyped                                                                ;
; MAXIMUM_DEPTH                      ; 0                    ; Untyped                                                                ;
; CLOCK_ENABLE_INPUT_A               ; BYPASS               ; Untyped                                                                ;
; CLOCK_ENABLE_INPUT_B               ; BYPASS               ; Untyped                                                                ;
; CLOCK_ENABLE_OUTPUT_A              ; NORMAL               ; Untyped                                                                ;
; CLOCK_ENABLE_OUTPUT_B              ; BYPASS               ; Untyped                                                                ;
; CLOCK_ENABLE_CORE_A                ; USE_INPUT_CLKEN      ; Untyped                                                                ;
; CLOCK_ENABLE_CORE_B                ; USE_INPUT_CLKEN      ; Untyped                                                                ;
; ENABLE_ECC                         ; FALSE                ; Untyped                                                                ;
; ECC_PIPELINE_STAGE_ENABLED         ; FALSE                ; Untyped                                                                ;
; WIDTH_ECCSTATUS                    ; 3                    ; Untyped                                                                ;
; DEVICE_FAMILY                      ; Cyclone V            ; Untyped                                                                ;
; CBXI_PARAMETER                     ; altsyncram_iup1      ; Untyped                                                                ;
+------------------------------------+----------------------+------------------------------------------------------------------------+
Note: In order to hide this table in the UI and the text report file, please set the "Show Parameter Settings in Synthesis Report" option in "Analysis and Synthesis Settings -> More Settings" to "Off".


+----------------------------------------------------------------------------+
; Parameter Settings for User Entity Instance: FOCUS_ADJ:adl|LCD_COUNTER:cv1 ;
+----------------+--------------+--------------------------------------------+
; Parameter Name ; Value        ; Type                                       ;
+----------------+--------------+--------------------------------------------+
; H_OFF          ; 000011001000 ; Unsigned Binary                            ;
; V_OFF          ; 000011001000 ; Unsigned Binary                            ;
+----------------+--------------+--------------------------------------------+
Note: In order to hide this table in the UI and the text report file, please set the "Show Parameter Settings in Synthesis Report" option in "Analysis and Synthesis Settings -> More Settings" to "Off".


+----------------------------------------------------------------------------------+
; Parameter Settings for User Entity Instance: FOCUS_ADJ:adl|VCM_CTRL_P:pp|F_VCM:f ;
+----------------+-------+---------------------------------------------------------+
; Parameter Name ; Value ; Type                                                    ;
+----------------+-------+---------------------------------------------------------+
; SCAL           ; 3     ; Signed Integer                                          ;
; SCAL_f         ; 1     ; Signed Integer                                          ;
+----------------+-------+---------------------------------------------------------+
Note: In order to hide this table in the UI and the text report file, please set the "Show Parameter Settings in Synthesis Report" option in "Analysis and Synthesis Settings -> More Settings" to "Off".


+-------------------------------------------------------------------------+
; Parameter Settings for User Entity Instance: FOCUS_ADJ:adl|VCM_I2C:i2c2 ;
+----------------+----------------------------------+---------------------+
; Parameter Name ; Value                            ; Type                ;
+----------------+----------------------------------+---------------------+
; SLAVE_ADDR1    ; 00011000                         ; Unsigned Binary     ;
; P_STATUS       ; 00000000                         ; Unsigned Binary     ;
; TIME           ; 00000000000000000000001111101000 ; Unsigned Binary     ;
; TIME_LONG      ; 250000000                        ; Signed Integer      ;
+----------------+----------------------------------+---------------------+
Note: In order to hide this table in the UI and the text report file, please set the "Show Parameter Settings in Synthesis Report" option in "Analysis and Synthesis Settings -> More Settings" to "Off".


+---------------------------------------------------------------------+
; Parameter Settings for User Entity Instance: FpsMonitor:uFps2       ;
+----------------+----------------------------------+-----------------+
; Parameter Name ; Value                            ; Type            ;
+----------------+----------------------------------+-----------------+
; ONE_SEC        ; 00000010111110101111000010000000 ; Unsigned Binary ;
+----------------+----------------------------------+-----------------+
Note: In order to hide this table in the UI and the text report file, please set the "Show Parameter Settings in Synthesis Report" option in "Analysis and Synthesis Settings -> More Settings" to "Off".


+-----------------------------------------------------------------------------------------------------------------------------------+
; altsyncram Parameter Settings by Entity Instance                                                                                  ;
+-------------------------------------------+---------------------------------------------------------------------------------------+
; Name                                      ; Value                                                                                 ;
+-------------------------------------------+---------------------------------------------------------------------------------------+
; Number of entity instances                ; 3                                                                                     ;
; Entity Instance                           ; D8M_SET:ccd|RAW2RGB_L:u4|Line_Buffer_J:u0|int_line:d1|altsyncram:altsyncram_component ;
;     -- OPERATION_MODE                     ; DUAL_PORT                                                                             ;
;     -- WIDTH_A                            ; 10                                                                                    ;
;     -- NUMWORDS_A                         ; 4096                                                                                  ;
;     -- OUTDATA_REG_A                      ; UNREGISTERED                                                                          ;
;     -- WIDTH_B                            ; 10                                                                                    ;
;     -- NUMWORDS_B                         ; 4096                                                                                  ;
;     -- ADDRESS_REG_B                      ; CLOCK1                                                                                ;
;     -- OUTDATA_REG_B                      ; CLOCK1                                                                                ;
;     -- RAM_BLOCK_TYPE                     ; AUTO                                                                                  ;
;     -- READ_DURING_WRITE_MODE_MIXED_PORTS ; DONT_CARE                                                                             ;
; Entity Instance                           ; D8M_SET:ccd|RAW2RGB_L:u4|Line_Buffer_J:u0|int_line:d2|altsyncram:altsyncram_component ;
;     -- OPERATION_MODE                     ; DUAL_PORT                                                                             ;
;     -- WIDTH_A                            ; 10                                                                                    ;
;     -- NUMWORDS_A                         ; 4096                                                                                  ;
;     -- OUTDATA_REG_A                      ; UNREGISTERED                                                                          ;
;     -- WIDTH_B                            ; 10                                                                                    ;
;     -- NUMWORDS_B                         ; 4096                                                                                  ;
;     -- ADDRESS_REG_B                      ; CLOCK1                                                                                ;
;     -- OUTDATA_REG_B                      ; CLOCK1                                                                                ;
;     -- RAM_BLOCK_TYPE                     ; AUTO                                                                                  ;
;     -- READ_DURING_WRITE_MODE_MIXED_PORTS ; DONT_CARE                                                                             ;
; Entity Instance                           ; D8M_SET:ccd|RAW2RGB_L:u4|Line_Buffer_J:u0|int_line:d3|altsyncram:altsyncram_component ;
;     -- OPERATION_MODE                     ; DUAL_PORT                                                                             ;
;     -- WIDTH_A                            ; 10                                                                                    ;
;     -- NUMWORDS_A                         ; 4096                                                                                  ;
;     -- OUTDATA_REG_A                      ; UNREGISTERED                                                                          ;
;     -- WIDTH_B                            ; 10                                                                                    ;
;     -- NUMWORDS_B                         ; 4096                                                                                  ;
;     -- ADDRESS_REG_B                      ; CLOCK1                                                                                ;
;     -- OUTDATA_REG_B                      ; CLOCK1                                                                                ;
;     -- RAM_BLOCK_TYPE                     ; AUTO                                                                                  ;
;     -- READ_DURING_WRITE_MODE_MIXED_PORTS ; DONT_CARE                                                                             ;
+-------------------------------------------+---------------------------------------------------------------------------------------+


+----------------------------------------------------+
; Port Connectivity Checks: "CLOCKMEM:ck3"           ;
+------------------+-------+----------+--------------+
; Port             ; Type  ; Severity ; Details      ;
+------------------+-------+----------+--------------+
; CLK_FREQ[22..18] ; Input ; Info     ; Stuck at VCC ;
; CLK_FREQ[14..11] ; Input ; Info     ; Stuck at VCC ;
; CLK_FREQ[31..25] ; Input ; Info     ; Stuck at GND ;
; CLK_FREQ[10..7]  ; Input ; Info     ; Stuck at GND ;
; CLK_FREQ[5..0]   ; Input ; Info     ; Stuck at GND ;
; CLK_FREQ[24]     ; Input ; Info     ; Stuck at VCC ;
; CLK_FREQ[23]     ; Input ; Info     ; Stuck at GND ;
; CLK_FREQ[17]     ; Input ; Info     ; Stuck at GND ;
; CLK_FREQ[16]     ; Input ; Info     ; Stuck at VCC ;
; CLK_FREQ[15]     ; Input ; Info     ; Stuck at GND ;
; CLK_FREQ[6]      ; Input ; Info     ; Stuck at VCC ;
+------------------+-------+----------+--------------+


+----------------------------------------------------+
; Port Connectivity Checks: "CLOCKMEM:ck2"           ;
+------------------+-------+----------+--------------+
; Port             ; Type  ; Severity ; Details      ;
+------------------+-------+----------+--------------+
; CLK_FREQ[21..20] ; Input ; Info     ; Stuck at VCC ;
; CLK_FREQ[11..10] ; Input ; Info     ; Stuck at VCC ;
; CLK_FREQ[31..25] ; Input ; Info     ; Stuck at GND ;
; CLK_FREQ[23..22] ; Input ; Info     ; Stuck at GND ;
; CLK_FREQ[19..17] ; Input ; Info     ; Stuck at GND ;
; CLK_FREQ[15..14] ; Input ; Info     ; Stuck at GND ;
; CLK_FREQ[7..0]   ; Input ; Info     ; Stuck at GND ;
; CLK_FREQ[24]     ; Input ; Info     ; Stuck at VCC ;
; CLK_FREQ[16]     ; Input ; Info     ; Stuck at VCC ;
; CLK_FREQ[13]     ; Input ; Info     ; Stuck at VCC ;
; CLK_FREQ[12]     ; Input ; Info     ; Stuck at GND ;
; CLK_FREQ[9]      ; Input ; Info     ; Stuck at GND ;
; CLK_FREQ[8]      ; Input ; Info     ; Stuck at VCC ;
+------------------+-------+----------+--------------+


+----------------------------------------------------+
; Port Connectivity Checks: "CLOCKMEM:ck1"           ;
+------------------+-------+----------+--------------+
; Port             ; Type  ; Severity ; Details      ;
+------------------+-------+----------+--------------+
; CLK_FREQ[22..18] ; Input ; Info     ; Stuck at VCC ;
; CLK_FREQ[14..11] ; Input ; Info     ; Stuck at VCC ;
; CLK_FREQ[31..25] ; Input ; Info     ; Stuck at GND ;
; CLK_FREQ[10..7]  ; Input ; Info     ; Stuck at GND ;
; CLK_FREQ[5..0]   ; Input ; Info     ; Stuck at GND ;
; CLK_FREQ[24]     ; Input ; Info     ; Stuck at VCC ;
; CLK_FREQ[23]     ; Input ; Info     ; Stuck at GND ;
; CLK_FREQ[17]     ; Input ; Info     ; Stuck at GND ;
; CLK_FREQ[16]     ; Input ; Info     ; Stuck at VCC ;
; CLK_FREQ[15]     ; Input ; Info     ; Stuck at GND ;
; CLK_FREQ[6]      ; Input ; Info     ; Stuck at VCC ;
+------------------+-------+----------+--------------+


+---------------------------------------------------+
; Port Connectivity Checks: "FpsMonitor:uFps2"      ;
+------+--------+----------+------------------------+
; Port ; Type   ; Severity ; Details                ;
+------+--------+----------+------------------------+
; fps  ; Output ; Info     ; Explicitly unconnected ;
+------+--------+----------+------------------------+


+-------------------------------------------------------------------------------------------------------------------------------------------------------------------------------------------------------------------------+
; Port Connectivity Checks: "FOCUS_ADJ:adl|VCM_I2C:i2c2|I2C_READ_DATA:rd"                                                                                                                                                 ;
+----------------+--------+----------+------------------------------------------------------------------------------------------------------------------------------------------------------------------------------------+
; Port           ; Type   ; Severity ; Details                                                                                                                                                                            ;
+----------------+--------+----------+------------------------------------------------------------------------------------------------------------------------------------------------------------------------------------+
; ST             ; Output ; Info     ; Explicitly unconnected                                                                                                                                                             ;
; ACK_OK         ; Output ; Info     ; Explicitly unconnected                                                                                                                                                             ;
; CNT            ; Output ; Info     ; Explicitly unconnected                                                                                                                                                             ;
; BYTE           ; Output ; Info     ; Explicitly unconnected                                                                                                                                                             ;
; END_BYTE       ; Input  ; Warning  ; Input port expression (32 bits) is wider than the input port (8 bits) it drives.  The 24 most-significant bit(s) in the expression will be dangling if they have no other fanouts. ;
; END_BYTE[7..1] ; Input  ; Info     ; Stuck at GND                                                                                                                                                                       ;
; END_BYTE[0]    ; Input  ; Info     ; Stuck at VCC                                                                                                                                                                       ;
; A              ; Output ; Warning  ; Declared by entity but not connected by instance. Logic that only feeds a dangling port will be removed.                                                                           ;
+----------------+--------+----------+------------------------------------------------------------------------------------------------------------------------------------------------------------------------------------+


+-------------------------------------------------------------------------------------------------------------------------------------------------------------------------------------------------------------------------+
; Port Connectivity Checks: "FOCUS_ADJ:adl|VCM_I2C:i2c2|I2C_WRITE_PTR:wpt"                                                                                                                                                ;
+----------------+--------+----------+------------------------------------------------------------------------------------------------------------------------------------------------------------------------------------+
; Port           ; Type   ; Severity ; Details                                                                                                                                                                            ;
+----------------+--------+----------+------------------------------------------------------------------------------------------------------------------------------------------------------------------------------------+
; POINTER[7..0]  ; Input  ; Info     ; Stuck at GND                                                                                                                                                                       ;
; ST             ; Output ; Info     ; Explicitly unconnected                                                                                                                                                             ;
; ACK_OK         ; Output ; Info     ; Explicitly unconnected                                                                                                                                                             ;
; CNT            ; Output ; Info     ; Explicitly unconnected                                                                                                                                                             ;
; BYTE           ; Output ; Info     ; Explicitly unconnected                                                                                                                                                             ;
; BYTE_END       ; Input  ; Warning  ; Input port expression (32 bits) is wider than the input port (8 bits) it drives.  The 24 most-significant bit(s) in the expression will be dangling if they have no other fanouts. ;
; BYTE_END[7..1] ; Input  ; Info     ; Stuck at GND                                                                                                                                                                       ;
; BYTE_END[0]    ; Input  ; Info     ; Stuck at VCC                                                                                                                                                                       ;
+----------------+--------+----------+------------------------------------------------------------------------------------------------------------------------------------------------------------------------------------+


+-------------------------------------------------------------------------------------------------------------------------------------------------------------------------------------------------------------------------+
; Port Connectivity Checks: "FOCUS_ADJ:adl|VCM_I2C:i2c2|I2C_WRITE_WDATA:wrd"                                                                                                                                              ;
+----------------+--------+----------+------------------------------------------------------------------------------------------------------------------------------------------------------------------------------------+
; Port           ; Type   ; Severity ; Details                                                                                                                                                                            ;
+----------------+--------+----------+------------------------------------------------------------------------------------------------------------------------------------------------------------------------------------+
; POINTER[7..0]  ; Input  ; Info     ; Stuck at GND                                                                                                                                                                       ;
; WDATA[7..0]    ; Input  ; Info     ; Stuck at GND                                                                                                                                                                       ;
; ACK_OK         ; Output ; Info     ; Explicitly unconnected                                                                                                                                                             ;
; BYTE_NUM       ; Input  ; Warning  ; Input port expression (32 bits) is wider than the input port (8 bits) it drives.  The 24 most-significant bit(s) in the expression will be dangling if they have no other fanouts. ;
; BYTE_NUM[7..2] ; Input  ; Info     ; Stuck at GND                                                                                                                                                                       ;
; BYTE_NUM[1]    ; Input  ; Info     ; Stuck at VCC                                                                                                                                                                       ;
; BYTE_NUM[0]    ; Input  ; Info     ; Stuck at GND                                                                                                                                                                       ;
; LIGHT_INT      ; Input  ; Warning  ; Declared by entity but not connected by instance. If a default value exists, it will be used.  Otherwise, the port will be connected to GND.                                       ;
+----------------+--------+----------+------------------------------------------------------------------------------------------------------------------------------------------------------------------------------------+


+--------------------------------------------------------------------+
; Port Connectivity Checks: "FOCUS_ADJ:adl|VCM_I2C:i2c2|CLOCKMEM:c1" ;
+-----------------+-------+----------+-------------------------------+
; Port            ; Type  ; Severity ; Details                       ;
+-----------------+-------+----------+-------------------------------+
; CLK_FREQ[6..2]  ; Input ; Info     ; Stuck at VCC                  ;
; CLK_FREQ[31..7] ; Input ; Info     ; Stuck at GND                  ;
; CLK_FREQ[1]     ; Input ; Info     ; Stuck at GND                  ;
; CLK_FREQ[0]     ; Input ; Info     ; Stuck at VCC                  ;
+-----------------+-------+----------+-------------------------------+


+------------------------------------------------------------------------------------------------------------------------------------------------------------------------------------------------------------------------+
; Port Connectivity Checks: "FOCUS_ADJ:adl|VCM_I2C:i2c2"                                                                                                                                                                 ;
+---------------+--------+----------+------------------------------------------------------------------------------------------------------------------------------------------------------------------------------------+
; Port          ; Type   ; Severity ; Details                                                                                                                                                                            ;
+---------------+--------+----------+------------------------------------------------------------------------------------------------------------------------------------------------------------------------------------+
; TEST_MODE     ; Input  ; Warning  ; Input port expression (32 bits) is wider than the input port (1 bits) it drives.  The 31 most-significant bit(s) in the expression will be dangling if they have no other fanouts. ;
; TEST_MODE[-1] ; Input  ; Info     ; Stuck at VCC                                                                                                                                                                       ;
; INT_n         ; Input  ; Warning  ; Declared by entity but not connected by instance. If a default value exists, it will be used.  Otherwise, the port will be connected to GND.                                       ;
; R_VCM_DATA    ; Output ; Warning  ; Declared by entity but not connected by instance. Logic that only feeds a dangling port will be removed.                                                                           ;
; CLK_400K      ; Output ; Warning  ; Declared by entity but not connected by instance. Logic that only feeds a dangling port will be removed.                                                                           ;
; I2C_LO0P      ; Output ; Warning  ; Declared by entity but not connected by instance. Logic that only feeds a dangling port will be removed.                                                                           ;
; ST            ; Output ; Warning  ; Declared by entity but not connected by instance. Logic that only feeds a dangling port will be removed.                                                                           ;
; CNT           ; Output ; Warning  ; Declared by entity but not connected by instance. Logic that only feeds a dangling port will be removed.                                                                           ;
; WCNT          ; Output ; Warning  ; Declared by entity but not connected by instance. Logic that only feeds a dangling port will be removed.                                                                           ;
; SLAVE_ADDR    ; Output ; Warning  ; Declared by entity but not connected by instance. Logic that only feeds a dangling port will be removed.                                                                           ;
; WORD_DATA     ; Output ; Warning  ; Declared by entity but not connected by instance. Logic that only feeds a dangling port will be removed.                                                                           ;
; POINTER       ; Output ; Warning  ; Declared by entity but not connected by instance. Logic that only feeds a dangling port will be removed.                                                                           ;
; W_WORD_END    ; Output ; Warning  ; Declared by entity but not connected by instance. Logic that only feeds a dangling port will be removed.                                                                           ;
; W_WORD_GO     ; Output ; Warning  ; Declared by entity but not connected by instance. Logic that only feeds a dangling port will be removed.                                                                           ;
; WORD_ST       ; Output ; Warning  ; Declared by entity but not connected by instance. Logic that only feeds a dangling port will be removed.                                                                           ;
; WORD_CNT      ; Output ; Warning  ; Declared by entity but not connected by instance. Logic that only feeds a dangling port will be removed.                                                                           ;
; WORD_BYTE     ; Output ; Warning  ; Declared by entity but not connected by instance. Logic that only feeds a dangling port will be removed.                                                                           ;
; R_DATA        ; Output ; Warning  ; Declared by entity but not connected by instance. Logic that only feeds a dangling port will be removed.                                                                           ;
; SDAI_W        ; Output ; Warning  ; Declared by entity but not connected by instance. Logic that only feeds a dangling port will be removed.                                                                           ;
; TR            ; Output ; Warning  ; Declared by entity but not connected by instance. Logic that only feeds a dangling port will be removed.                                                                           ;
; I2C_SCL_O     ; Output ; Warning  ; Declared by entity but not connected by instance. Logic that only feeds a dangling port will be removed.                                                                           ;
+---------------+--------+----------+------------------------------------------------------------------------------------------------------------------------------------------------------------------------------------+


+---------------------------------------------------------------------------------------------------------------------------------------+
; Port Connectivity Checks: "FOCUS_ADJ:adl|I2C_DELAY:i2c"                                                                               ;
+--------+--------+----------+----------------------------------------------------------------------------------------------------------+
; Port   ; Type   ; Severity ; Details                                                                                                  ;
+--------+--------+----------+----------------------------------------------------------------------------------------------------------+
; READY1 ; Output ; Warning  ; Declared by entity but not connected by instance. Logic that only feeds a dangling port will be removed. ;
+--------+--------+----------+----------------------------------------------------------------------------------------------------------+


+--------------------------------------------------------------------------------------------------------------------------------------------------------+
; Port Connectivity Checks: "FOCUS_ADJ:adl|VCM_CTRL_P:pp|F_VCM:f"                                                                                        ;
+------+--------+----------+-----------------------------------------------------------------------------------------------------------------------------+
; Port ; Type   ; Severity ; Details                                                                                                                     ;
+------+--------+----------+-----------------------------------------------------------------------------------------------------------------------------+
; STEP ; Output ; Warning  ; Output or bidir port (11 bits) is wider than the port expression (10 bits) it drives; bit(s) "STEP[10..10]" have no fanouts ;
; V_C  ; Output ; Info     ; Connected to dangling logic. Logic that only feeds a dangling port will be removed.                                         ;
+------+--------+----------+-----------------------------------------------------------------------------------------------------------------------------+


+-------------------------------------------------------------------------------------------------------------------------------------------+
; Port Connectivity Checks: "FOCUS_ADJ:adl|VCM_CTRL_P:pp"                                                                                   ;
+------------+--------+----------+----------------------------------------------------------------------------------------------------------+
; Port       ; Type   ; Severity ; Details                                                                                                  ;
+------------+--------+----------+----------------------------------------------------------------------------------------------------------+
; Y[17..16]  ; Output ; Info     ; Connected to dangling logic. Logic that only feeds a dangling port will be removed.                      ;
; Y[7..0]    ; Output ; Info     ; Connected to dangling logic. Logic that only feeds a dangling port will be removed.                      ;
; STEP[9..7] ; Output ; Info     ; Connected to dangling logic. Logic that only feeds a dangling port will be removed.                      ;
; SS         ; Output ; Warning  ; Declared by entity but not connected by instance. Logic that only feeds a dangling port will be removed. ;
+------------+--------+----------+----------------------------------------------------------------------------------------------------------+


+--------------------------------------------------------------------------------------------------------------------------------------------------------+
; Port Connectivity Checks: "FOCUS_ADJ:adl|LCD_COUNTER:cv1"                                                                                              ;
+-------+--------+----------+----------------------------------------------------------------------------------------------------------------------------+
; Port  ; Type   ; Severity ; Details                                                                                                                    ;
+-------+--------+----------+----------------------------------------------------------------------------------------------------------------------------+
; V_CNT ; Output ; Warning  ; Output or bidir port (16 bits) is wider than the port expression (1 bits) it drives; bit(s) "V_CNT[15..1]" have no fanouts ;
; V_CNT ; Output ; Info     ; Connected to dangling logic. Logic that only feeds a dangling port will be removed.                                        ;
; H_CNT ; Output ; Warning  ; Output or bidir port (16 bits) is wider than the port expression (1 bits) it drives; bit(s) "H_CNT[15..1]" have no fanouts ;
; H_CNT ; Output ; Info     ; Connected to dangling logic. Logic that only feeds a dangling port will be removed.                                        ;
+-------+--------+----------+----------------------------------------------------------------------------------------------------------------------------+


+------------------------------------------------------------------------------------------------------------------------------------------------------------------------------+
; Port Connectivity Checks: "FOCUS_ADJ:adl"                                                                                                                                    ;
+-----------+--------+----------+----------------------------------------------------------------------------------------------------------------------------------------------+
; Port      ; Type   ; Severity ; Details                                                                                                                                      ;
+-----------+--------+----------+----------------------------------------------------------------------------------------------------------------------------------------------+
; READY     ; Output ; Info     ; Connected to dangling logic. Logic that only feeds a dangling port will be removed.                                                          ;
; SW_Y      ; Input  ; Warning  ; Declared by entity but not connected by instance. If a default value exists, it will be used.  Otherwise, the port will be connected to GND. ;
; SW_H_FREQ ; Input  ; Warning  ; Declared by entity but not connected by instance. If a default value exists, it will be used.  Otherwise, the port will be connected to GND. ;
; STATUS    ; Output ; Warning  ; Declared by entity but not connected by instance. Logic that only feeds a dangling port will be removed.                                     ;
+-----------+--------+----------+----------------------------------------------------------------------------------------------------------------------------------------------+


+----------------------------------------------------------------------------------------------------------------------------------------------------------------------------+
; Port Connectivity Checks: "D8M_SET:ccd|RAW2RGB_L:u4|RAW_RGB_BIN:bin"                                                                                                       ;
+---------+--------+----------+----------------------------------------------------------------------------------------------------------------------------------------------+
; Port    ; Type   ; Severity ; Details                                                                                                                                      ;
+---------+--------+----------+----------------------------------------------------------------------------------------------------------------------------------------------+
; R[1..0] ; Output ; Info     ; Connected to dangling logic. Logic that only feeds a dangling port will be removed.                                                          ;
; G[1..0] ; Output ; Info     ; Connected to dangling logic. Logic that only feeds a dangling port will be removed.                                                          ;
; B[1..0] ; Output ; Info     ; Connected to dangling logic. Logic that only feeds a dangling port will be removed.                                                          ;
; DATA_EN ; Input  ; Warning  ; Declared by entity but not connected by instance. If a default value exists, it will be used.  Otherwise, the port will be connected to GND. ;
+---------+--------+----------+----------------------------------------------------------------------------------------------------------------------------------------------+


+-------------------------------------------------------------------------------------------------------------------------------------------------------------------------------------------------------------------+
; Port Connectivity Checks: "D8M_SET:ccd|RAW2RGB_L:u4|Line_Buffer_J:u0|int_line:d3"                                                                                                                                 ;
+-----------+-------+----------+------------------------------------------------------------------------------------------------------------------------------------------------------------------------------------+
; Port      ; Type  ; Severity ; Details                                                                                                                                                                            ;
+-----------+-------+----------+------------------------------------------------------------------------------------------------------------------------------------------------------------------------------------+
; wraddress ; Input ; Warning  ; Input port expression (16 bits) is wider than the input port (12 bits) it drives.  The 4 most-significant bit(s) in the expression will be dangling if they have no other fanouts. ;
; rdaddress ; Input ; Warning  ; Input port expression (13 bits) is wider than the input port (12 bits) it drives.  The 1 most-significant bit(s) in the expression will be dangling if they have no other fanouts. ;
+-----------+-------+----------+------------------------------------------------------------------------------------------------------------------------------------------------------------------------------------+


+-------------------------------------------------------------------------------------------------------------------------------------------------------------------------------------------------------------------+
; Port Connectivity Checks: "D8M_SET:ccd|RAW2RGB_L:u4|Line_Buffer_J:u0|int_line:d2"                                                                                                                                 ;
+-----------+-------+----------+------------------------------------------------------------------------------------------------------------------------------------------------------------------------------------+
; Port      ; Type  ; Severity ; Details                                                                                                                                                                            ;
+-----------+-------+----------+------------------------------------------------------------------------------------------------------------------------------------------------------------------------------------+
; wraddress ; Input ; Warning  ; Input port expression (16 bits) is wider than the input port (12 bits) it drives.  The 4 most-significant bit(s) in the expression will be dangling if they have no other fanouts. ;
; rdaddress ; Input ; Warning  ; Input port expression (13 bits) is wider than the input port (12 bits) it drives.  The 1 most-significant bit(s) in the expression will be dangling if they have no other fanouts. ;
+-----------+-------+----------+------------------------------------------------------------------------------------------------------------------------------------------------------------------------------------+


+-------------------------------------------------------------------------------------------------------------------------------------------------------------------------------------------------------------------+
; Port Connectivity Checks: "D8M_SET:ccd|RAW2RGB_L:u4|Line_Buffer_J:u0|int_line:d1"                                                                                                                                 ;
+-----------+-------+----------+------------------------------------------------------------------------------------------------------------------------------------------------------------------------------------+
; Port      ; Type  ; Severity ; Details                                                                                                                                                                            ;
+-----------+-------+----------+------------------------------------------------------------------------------------------------------------------------------------------------------------------------------------+
; wraddress ; Input ; Warning  ; Input port expression (16 bits) is wider than the input port (12 bits) it drives.  The 4 most-significant bit(s) in the expression will be dangling if they have no other fanouts. ;
; rdaddress ; Input ; Warning  ; Input port expression (13 bits) is wider than the input port (12 bits) it drives.  The 1 most-significant bit(s) in the expression will be dangling if they have no other fanouts. ;
+-----------+-------+----------+------------------------------------------------------------------------------------------------------------------------------------------------------------------------------------+


+-------------------------------------------------------------------------------------------------------------------------------------------------------------------------------------------------------------------+
; Port Connectivity Checks: "D8M_SET:ccd|RAW2RGB_L:u4"                                                                                                                                                              ;
+-----------+-------+----------+------------------------------------------------------------------------------------------------------------------------------------------------------------------------------------+
; Port      ; Type  ; Severity ; Details                                                                                                                                                                            ;
+-----------+-------+----------+------------------------------------------------------------------------------------------------------------------------------------------------------------------------------------+
; READ_Cont ; Input ; Warning  ; Input port expression (16 bits) is wider than the input port (13 bits) it drives.  The 3 most-significant bit(s) in the expression will be dangling if they have no other fanouts. ;
; V_Cont    ; Input ; Warning  ; Input port expression (16 bits) is wider than the input port (13 bits) it drives.  The 3 most-significant bit(s) in the expression will be dangling if they have no other fanouts. ;
; DVAL      ; Input ; Warning  ; Declared by entity but not connected by instance. If a default value exists, it will be used.  Otherwise, the port will be connected to GND.                                       ;
+-----------+-------+----------+------------------------------------------------------------------------------------------------------------------------------------------------------------------------------------+


+----------------------------------------------------------------------------------------------------------------------------------------------------------------------------+
; Port Connectivity Checks: "D8M_SET:ccd|D8M_WRITE_COUNTER:u3"                                                                                                               ;
+---------+--------+----------+----------------------------------------------------------------------------------------------------------------------------------------------+
; Port    ; Type   ; Severity ; Details                                                                                                                                      ;
+---------+--------+----------+----------------------------------------------------------------------------------------------------------------------------------------------+
; iDATA   ; Input  ; Warning  ; Declared by entity but not connected by instance. If a default value exists, it will be used.  Otherwise, the port will be connected to GND. ;
; X_TOTAL ; Output ; Warning  ; Declared by entity but not connected by instance. Logic that only feeds a dangling port will be removed.                                     ;
; Y_TOTAL ; Output ; Warning  ; Declared by entity but not connected by instance. Logic that only feeds a dangling port will be removed.                                     ;
+---------+--------+----------+----------------------------------------------------------------------------------------------------------------------------------------------+


+------------------------------------------------------------------------------------------------------------------------------------------+
; Port Connectivity Checks: "D8M_SET:ccd"                                                                                                  ;
+-----------+--------+----------+----------------------------------------------------------------------------------------------------------+
; Port      ; Type   ; Severity ; Details                                                                                                  ;
+-----------+--------+----------+----------------------------------------------------------------------------------------------------------+
; oRESET_N  ; Output ; Warning  ; Declared by entity but not connected by instance. Logic that only feeds a dangling port will be removed. ;
; SCLK      ; Output ; Warning  ; Declared by entity but not connected by instance. Logic that only feeds a dangling port will be removed. ;
; SDATA     ; Bidir  ; Warning  ; Declared by entity but not connected by instance. Logic that only feeds a dangling port will be removed. ;
; sCCD_DVAL ; Output ; Warning  ; Declared by entity but not connected by instance. Logic that only feeds a dangling port will be removed. ;
; CCD_DVAL  ; Output ; Warning  ; Declared by entity but not connected by instance. Logic that only feeds a dangling port will be removed. ;
; CCD_LDVAL ; Output ; Warning  ; Declared by entity but not connected by instance. Logic that only feeds a dangling port will be removed. ;
; CCD_FDVAL ; Output ; Warning  ; Declared by entity but not connected by instance. Logic that only feeds a dangling port will be removed. ;
; READ_Cont ; Output ; Warning  ; Declared by entity but not connected by instance. Logic that only feeds a dangling port will be removed. ;
; X_WR_CNT  ; Output ; Warning  ; Declared by entity but not connected by instance. Logic that only feeds a dangling port will be removed. ;
+-----------+--------+----------+----------------------------------------------------------------------------------------------------------+


+---------------------------------------------------------------------------------------------------------------------------------------+
; Port Connectivity Checks: "vga_pll:pllv"                                                                                              ;
+--------+--------+----------+----------------------------------------------------------------------------------------------------------+
; Port   ; Type   ; Severity ; Details                                                                                                  ;
+--------+--------+----------+----------------------------------------------------------------------------------------------------------+
; rst    ; Input  ; Info     ; Stuck at GND                                                                                             ;
; locked ; Output ; Warning  ; Declared by entity but not connected by instance. Logic that only feeds a dangling port will be removed. ;
+--------+--------+----------+----------------------------------------------------------------------------------------------------------+


+-----------------------------------------------------------------------------------------------------------------------------------------+
; Port Connectivity Checks: "pll_test:ref"                                                                                                ;
+----------+--------+----------+----------------------------------------------------------------------------------------------------------+
; Port     ; Type   ; Severity ; Details                                                                                                  ;
+----------+--------+----------+----------------------------------------------------------------------------------------------------------+
; rst      ; Input  ; Info     ; Stuck at GND                                                                                             ;
; outclk_1 ; Output ; Warning  ; Declared by entity but not connected by instance. Logic that only feeds a dangling port will be removed. ;
; locked   ; Output ; Warning  ; Declared by entity but not connected by instance. Logic that only feeds a dangling port will be removed. ;
+----------+--------+----------+----------------------------------------------------------------------------------------------------------+


+-------------------------------------------------------------------------------------------------------------------------------------------------------------------------------------------------------------------------+
; Port Connectivity Checks: "MIPI_BRIDGE_CAMERA_Config:cfin|MIPI_BRIDGE_CONFIG:mpiv|I2C_READ_DATA:rd"                                                                                                                     ;
+----------------+--------+----------+------------------------------------------------------------------------------------------------------------------------------------------------------------------------------------+
; Port           ; Type   ; Severity ; Details                                                                                                                                                                            ;
+----------------+--------+----------+------------------------------------------------------------------------------------------------------------------------------------------------------------------------------------+
; ST             ; Output ; Info     ; Explicitly unconnected                                                                                                                                                             ;
; ACK_OK         ; Output ; Info     ; Explicitly unconnected                                                                                                                                                             ;
; CNT            ; Output ; Info     ; Explicitly unconnected                                                                                                                                                             ;
; BYTE           ; Output ; Info     ; Explicitly unconnected                                                                                                                                                             ;
; END_BYTE       ; Input  ; Warning  ; Input port expression (32 bits) is wider than the input port (8 bits) it drives.  The 24 most-significant bit(s) in the expression will be dangling if they have no other fanouts. ;
; END_BYTE[7..1] ; Input  ; Info     ; Stuck at GND                                                                                                                                                                       ;
; END_BYTE[0]    ; Input  ; Info     ; Stuck at VCC                                                                                                                                                                       ;
; A              ; Output ; Warning  ; Declared by entity but not connected by instance. Logic that only feeds a dangling port will be removed.                                                                           ;
+----------------+--------+----------+------------------------------------------------------------------------------------------------------------------------------------------------------------------------------------+


+-------------------------------------------------------------------------------------------------------------------------------------------------------------------------------------------------------------------------+
; Port Connectivity Checks: "MIPI_BRIDGE_CAMERA_Config:cfin|MIPI_BRIDGE_CONFIG:mpiv|I2C_WRITE_PTR:wpt"                                                                                                                    ;
+----------------+--------+----------+------------------------------------------------------------------------------------------------------------------------------------------------------------------------------------+
; Port           ; Type   ; Severity ; Details                                                                                                                                                                            ;
+----------------+--------+----------+------------------------------------------------------------------------------------------------------------------------------------------------------------------------------------+
; ST             ; Output ; Info     ; Explicitly unconnected                                                                                                                                                             ;
; ACK_OK         ; Output ; Info     ; Explicitly unconnected                                                                                                                                                             ;
; CNT            ; Output ; Info     ; Explicitly unconnected                                                                                                                                                             ;
; BYTE           ; Output ; Info     ; Explicitly unconnected                                                                                                                                                             ;
; BYTE_END       ; Input  ; Warning  ; Input port expression (32 bits) is wider than the input port (8 bits) it drives.  The 24 most-significant bit(s) in the expression will be dangling if they have no other fanouts. ;
; BYTE_END[7..2] ; Input  ; Info     ; Stuck at GND                                                                                                                                                                       ;
; BYTE_END[1]    ; Input  ; Info     ; Stuck at VCC                                                                                                                                                                       ;
; BYTE_END[0]    ; Input  ; Info     ; Stuck at GND                                                                                                                                                                       ;
+----------------+--------+----------+------------------------------------------------------------------------------------------------------------------------------------------------------------------------------------+


+-------------------------------------------------------------------------------------------------------------------------------------------------------------------------------------------------------------------------+
; Port Connectivity Checks: "MIPI_BRIDGE_CAMERA_Config:cfin|MIPI_BRIDGE_CONFIG:mpiv|I2C_WRITE_WDATA:wrd"                                                                                                                  ;
+----------------+--------+----------+------------------------------------------------------------------------------------------------------------------------------------------------------------------------------------+
; Port           ; Type   ; Severity ; Details                                                                                                                                                                            ;
+----------------+--------+----------+------------------------------------------------------------------------------------------------------------------------------------------------------------------------------------+
; LIGHT_INT      ; Input  ; Info     ; Explicitly unconnected                                                                                                                                                             ;
; ACK_OK         ; Output ; Info     ; Explicitly unconnected                                                                                                                                                             ;
; BYTE_NUM       ; Input  ; Warning  ; Input port expression (32 bits) is wider than the input port (8 bits) it drives.  The 24 most-significant bit(s) in the expression will be dangling if they have no other fanouts. ;
; BYTE_NUM[7..3] ; Input  ; Info     ; Stuck at GND                                                                                                                                                                       ;
; BYTE_NUM[1..0] ; Input  ; Info     ; Stuck at GND                                                                                                                                                                       ;
; BYTE_NUM[2]    ; Input  ; Info     ; Stuck at VCC                                                                                                                                                                       ;
+----------------+--------+----------+------------------------------------------------------------------------------------------------------------------------------------------------------------------------------------+


+------------------------------------------------------------------------------------------------+
; Port Connectivity Checks: "MIPI_BRIDGE_CAMERA_Config:cfin|MIPI_BRIDGE_CONFIG:mpiv|CLOCKMEM:c1" ;
+-----------------+-------+----------+-----------------------------------------------------------+
; Port            ; Type  ; Severity ; Details                                                   ;
+-----------------+-------+----------+-----------------------------------------------------------+
; CLK_FREQ[6..2]  ; Input ; Info     ; Stuck at VCC                                              ;
; CLK_FREQ[31..7] ; Input ; Info     ; Stuck at GND                                              ;
; CLK_FREQ[1]     ; Input ; Info     ; Stuck at GND                                              ;
; CLK_FREQ[0]     ; Input ; Info     ; Stuck at VCC                                              ;
+-----------------+-------+----------+-----------------------------------------------------------+


+----------------------------------------------------------------------------------------------------------------------------------------------------------------------------------------+
; Port Connectivity Checks: "MIPI_BRIDGE_CAMERA_Config:cfin|MIPI_BRIDGE_CONFIG:mpiv"                                                                                                     ;
+---------------------+--------+----------+----------------------------------------------------------------------------------------------------------------------------------------------+
; Port                ; Type   ; Severity ; Details                                                                                                                                      ;
+---------------------+--------+----------+----------------------------------------------------------------------------------------------------------------------------------------------+
; INT_n               ; Input  ; Info     ; Explicitly unconnected                                                                                                                       ;
; TR_IN               ; Input  ; Warning  ; Declared by entity but not connected by instance. If a default value exists, it will be used.  Otherwise, the port will be connected to GND. ;
; ID                  ; Output ; Warning  ; Declared by entity but not connected by instance. Logic that only feeds a dangling port will be removed.                                     ;
; I2C_LO0P            ; Output ; Warning  ; Declared by entity but not connected by instance. Logic that only feeds a dangling port will be removed.                                     ;
; ST                  ; Output ; Warning  ; Declared by entity but not connected by instance. Logic that only feeds a dangling port will be removed.                                     ;
; CNT                 ; Output ; Warning  ; Declared by entity but not connected by instance. Logic that only feeds a dangling port will be removed.                                     ;
; WCNT                ; Output ; Warning  ; Declared by entity but not connected by instance. Logic that only feeds a dangling port will be removed.                                     ;
; SLAVE_ADDR          ; Output ; Warning  ; Declared by entity but not connected by instance. Logic that only feeds a dangling port will be removed.                                     ;
; WORD_DATA           ; Output ; Warning  ; Declared by entity but not connected by instance. Logic that only feeds a dangling port will be removed.                                     ;
; POINTER             ; Output ; Warning  ; Declared by entity but not connected by instance. Logic that only feeds a dangling port will be removed.                                     ;
; W_WORD_END          ; Output ; Warning  ; Declared by entity but not connected by instance. Logic that only feeds a dangling port will be removed.                                     ;
; W_WORD_GO           ; Output ; Warning  ; Declared by entity but not connected by instance. Logic that only feeds a dangling port will be removed.                                     ;
; W_POINTER_END       ; Output ; Warning  ; Declared by entity but not connected by instance. Logic that only feeds a dangling port will be removed.                                     ;
; W_POINTER_GO        ; Output ; Warning  ; Declared by entity but not connected by instance. Logic that only feeds a dangling port will be removed.                                     ;
; R_END               ; Output ; Warning  ; Declared by entity but not connected by instance. Logic that only feeds a dangling port will be removed.                                     ;
; R_GO                ; Output ; Warning  ; Declared by entity but not connected by instance. Logic that only feeds a dangling port will be removed.                                     ;
; WORD_ST             ; Output ; Warning  ; Declared by entity but not connected by instance. Logic that only feeds a dangling port will be removed.                                     ;
; WORD_CNT            ; Output ; Warning  ; Declared by entity but not connected by instance. Logic that only feeds a dangling port will be removed.                                     ;
; WORD_BYTE           ; Output ; Warning  ; Declared by entity but not connected by instance. Logic that only feeds a dangling port will be removed.                                     ;
; R_DATA              ; Output ; Warning  ; Declared by entity but not connected by instance. Logic that only feeds a dangling port will be removed.                                     ;
; SDAI_W              ; Output ; Warning  ; Declared by entity but not connected by instance. Logic that only feeds a dangling port will be removed.                                     ;
; TR                  ; Output ; Warning  ; Declared by entity but not connected by instance. Logic that only feeds a dangling port will be removed.                                     ;
; I2C_SCL_O           ; Output ; Warning  ; Declared by entity but not connected by instance. Logic that only feeds a dangling port will be removed.                                     ;
; PLLControlRegister0 ; Output ; Warning  ; Declared by entity but not connected by instance. Logic that only feeds a dangling port will be removed.                                     ;
; PLLControlRegister1 ; Output ; Warning  ; Declared by entity but not connected by instance. Logic that only feeds a dangling port will be removed.                                     ;
; PLLControlRegister2 ; Output ; Warning  ; Declared by entity but not connected by instance. Logic that only feeds a dangling port will be removed.                                     ;
; PLLControlRegister3 ; Output ; Warning  ; Declared by entity but not connected by instance. Logic that only feeds a dangling port will be removed.                                     ;
; MCLKControlRegister ; Output ; Warning  ; Declared by entity but not connected by instance. Logic that only feeds a dangling port will be removed.                                     ;
+---------------------+--------+----------+----------------------------------------------------------------------------------------------------------------------------------------------+


+-------------------------------------------------------------------------------------------------------------------------------------------------------------------------------------------------------------------------+
; Port Connectivity Checks: "MIPI_BRIDGE_CAMERA_Config:cfin|MIPI_CAMERA_CONFIG:camiv|I2C_READ_DATA:rd"                                                                                                                    ;
+----------------+--------+----------+------------------------------------------------------------------------------------------------------------------------------------------------------------------------------------+
; Port           ; Type   ; Severity ; Details                                                                                                                                                                            ;
+----------------+--------+----------+------------------------------------------------------------------------------------------------------------------------------------------------------------------------------------+
; ST             ; Output ; Info     ; Explicitly unconnected                                                                                                                                                             ;
; ACK_OK         ; Output ; Info     ; Explicitly unconnected                                                                                                                                                             ;
; CNT            ; Output ; Info     ; Explicitly unconnected                                                                                                                                                             ;
; BYTE           ; Output ; Info     ; Explicitly unconnected                                                                                                                                                             ;
; END_BYTE       ; Input  ; Warning  ; Input port expression (32 bits) is wider than the input port (8 bits) it drives.  The 24 most-significant bit(s) in the expression will be dangling if they have no other fanouts. ;
; END_BYTE[7..0] ; Input  ; Info     ; Stuck at GND                                                                                                                                                                       ;
; A              ; Output ; Warning  ; Declared by entity but not connected by instance. Logic that only feeds a dangling port will be removed.                                                                           ;
+----------------+--------+----------+------------------------------------------------------------------------------------------------------------------------------------------------------------------------------------+


+-------------------------------------------------------------------------------------------------------------------------------------------------------------------------------------------------------------------------+
; Port Connectivity Checks: "MIPI_BRIDGE_CAMERA_Config:cfin|MIPI_CAMERA_CONFIG:camiv|I2C_WRITE_PTR:wpt"                                                                                                                   ;
+----------------+--------+----------+------------------------------------------------------------------------------------------------------------------------------------------------------------------------------------+
; Port           ; Type   ; Severity ; Details                                                                                                                                                                            ;
+----------------+--------+----------+------------------------------------------------------------------------------------------------------------------------------------------------------------------------------------+
; ST             ; Output ; Info     ; Explicitly unconnected                                                                                                                                                             ;
; ACK_OK         ; Output ; Info     ; Explicitly unconnected                                                                                                                                                             ;
; CNT            ; Output ; Info     ; Explicitly unconnected                                                                                                                                                             ;
; BYTE           ; Output ; Info     ; Explicitly unconnected                                                                                                                                                             ;
; BYTE_END       ; Input  ; Warning  ; Input port expression (32 bits) is wider than the input port (8 bits) it drives.  The 24 most-significant bit(s) in the expression will be dangling if they have no other fanouts. ;
; BYTE_END[7..2] ; Input  ; Info     ; Stuck at GND                                                                                                                                                                       ;
; BYTE_END[1]    ; Input  ; Info     ; Stuck at VCC                                                                                                                                                                       ;
; BYTE_END[0]    ; Input  ; Info     ; Stuck at GND                                                                                                                                                                       ;
+----------------+--------+----------+------------------------------------------------------------------------------------------------------------------------------------------------------------------------------------+


+-------------------------------------------------------------------------------------------------------------------------------------------------------------------------------------------------------------------------+
; Port Connectivity Checks: "MIPI_BRIDGE_CAMERA_Config:cfin|MIPI_CAMERA_CONFIG:camiv|I2C_WRITE_WDATA:wrd"                                                                                                                 ;
+----------------+--------+----------+------------------------------------------------------------------------------------------------------------------------------------------------------------------------------------+
; Port           ; Type   ; Severity ; Details                                                                                                                                                                            ;
+----------------+--------+----------+------------------------------------------------------------------------------------------------------------------------------------------------------------------------------------+
; LIGHT_INT      ; Input  ; Info     ; Explicitly unconnected                                                                                                                                                             ;
; WDATA[7..0]    ; Input  ; Info     ; Stuck at GND                                                                                                                                                                       ;
; ACK_OK         ; Output ; Info     ; Explicitly unconnected                                                                                                                                                             ;
; BYTE_NUM       ; Input  ; Warning  ; Input port expression (32 bits) is wider than the input port (8 bits) it drives.  The 24 most-significant bit(s) in the expression will be dangling if they have no other fanouts. ;
; BYTE_NUM[1..0] ; Input  ; Info     ; Stuck at VCC                                                                                                                                                                       ;
; BYTE_NUM[7..2] ; Input  ; Info     ; Stuck at GND                                                                                                                                                                       ;
+----------------+--------+----------+------------------------------------------------------------------------------------------------------------------------------------------------------------------------------------+


+-------------------------------------------------------------------------------------------------+
; Port Connectivity Checks: "MIPI_BRIDGE_CAMERA_Config:cfin|MIPI_CAMERA_CONFIG:camiv|CLOCKMEM:c1" ;
+-----------------+-------+----------+------------------------------------------------------------+
; Port            ; Type  ; Severity ; Details                                                    ;
+-----------------+-------+----------+------------------------------------------------------------+
; CLK_FREQ[6..2]  ; Input ; Info     ; Stuck at VCC                                               ;
; CLK_FREQ[31..7] ; Input ; Info     ; Stuck at GND                                               ;
; CLK_FREQ[1]     ; Input ; Info     ; Stuck at GND                                               ;
; CLK_FREQ[0]     ; Input ; Info     ; Stuck at VCC                                               ;
+-----------------+-------+----------+------------------------------------------------------------+


+-------------------------------------------------------------------------------------------------------------------------------------------+
; Port Connectivity Checks: "MIPI_BRIDGE_CAMERA_Config:cfin|MIPI_CAMERA_CONFIG:camiv"                                                       ;
+------------+--------+----------+----------------------------------------------------------------------------------------------------------+
; Port       ; Type   ; Severity ; Details                                                                                                  ;
+------------+--------+----------+----------------------------------------------------------------------------------------------------------+
; TR_IN      ; Input  ; Info     ; Explicitly unconnected                                                                                   ;
; CLK_400K   ; Output ; Info     ; Connected to dangling logic. Logic that only feeds a dangling port will be removed.                      ;
; INT_n      ; Input  ; Info     ; Explicitly unconnected                                                                                   ;
; ID1        ; Output ; Warning  ; Declared by entity but not connected by instance. Logic that only feeds a dangling port will be removed. ;
; ID2        ; Output ; Warning  ; Declared by entity but not connected by instance. Logic that only feeds a dangling port will be removed. ;
; I2C_LO0P   ; Output ; Warning  ; Declared by entity but not connected by instance. Logic that only feeds a dangling port will be removed. ;
; ST         ; Output ; Warning  ; Declared by entity but not connected by instance. Logic that only feeds a dangling port will be removed. ;
; CNT        ; Output ; Warning  ; Declared by entity but not connected by instance. Logic that only feeds a dangling port will be removed. ;
; WCNT       ; Output ; Warning  ; Declared by entity but not connected by instance. Logic that only feeds a dangling port will be removed. ;
; SLAVE_ADDR ; Output ; Warning  ; Declared by entity but not connected by instance. Logic that only feeds a dangling port will be removed. ;
; WORD_DATA  ; Output ; Warning  ; Declared by entity but not connected by instance. Logic that only feeds a dangling port will be removed. ;
; POINTER    ; Output ; Warning  ; Declared by entity but not connected by instance. Logic that only feeds a dangling port will be removed. ;
; W_WORD_END ; Output ; Warning  ; Declared by entity but not connected by instance. Logic that only feeds a dangling port will be removed. ;
; W_WORD_GO  ; Output ; Warning  ; Declared by entity but not connected by instance. Logic that only feeds a dangling port will be removed. ;
; WORD_ST    ; Output ; Warning  ; Declared by entity but not connected by instance. Logic that only feeds a dangling port will be removed. ;
; WORD_CNT   ; Output ; Warning  ; Declared by entity but not connected by instance. Logic that only feeds a dangling port will be removed. ;
; WORD_BYTE  ; Output ; Warning  ; Declared by entity but not connected by instance. Logic that only feeds a dangling port will be removed. ;
; R_DATA     ; Output ; Warning  ; Declared by entity but not connected by instance. Logic that only feeds a dangling port will be removed. ;
; SDAI_W     ; Output ; Warning  ; Declared by entity but not connected by instance. Logic that only feeds a dangling port will be removed. ;
; TR         ; Output ; Warning  ; Declared by entity but not connected by instance. Logic that only feeds a dangling port will be removed. ;
; I2C_SCL_O  ; Output ; Warning  ; Declared by entity but not connected by instance. Logic that only feeds a dangling port will be removed. ;
+------------+--------+----------+----------------------------------------------------------------------------------------------------------+


+--------------------------------------------------------------------------------------------------------------------------------------------+
; Port Connectivity Checks: "MIPI_BRIDGE_CAMERA_Config:cfin"                                                                                 ;
+-------------+--------+----------+----------------------------------------------------------------------------------------------------------+
; Port        ; Type   ; Severity ; Details                                                                                                  ;
+-------------+--------+----------+----------------------------------------------------------------------------------------------------------+
; STEP        ; Output ; Warning  ; Declared by entity but not connected by instance. Logic that only feeds a dangling port will be removed. ;
; VCM_RELAESE ; Output ; Warning  ; Declared by entity but not connected by instance. Logic that only feeds a dangling port will be removed. ;
+-------------+--------+----------+----------------------------------------------------------------------------------------------------------+


+---------------------------------------------------------------------------------------------------------------------------------------+
; Port Connectivity Checks: "RESET_DELAY:u2"                                                                                            ;
+--------+--------+----------+----------------------------------------------------------------------------------------------------------+
; Port   ; Type   ; Severity ; Details                                                                                                  ;
+--------+--------+----------+----------------------------------------------------------------------------------------------------------+
; oRST_0 ; Output ; Warning  ; Declared by entity but not connected by instance. Logic that only feeds a dangling port will be removed. ;
; oRST_1 ; Output ; Warning  ; Declared by entity but not connected by instance. Logic that only feeds a dangling port will be removed. ;
; oRST_2 ; Output ; Warning  ; Declared by entity but not connected by instance. Logic that only feeds a dangling port will be removed. ;
+--------+--------+----------+----------------------------------------------------------------------------------------------------------+


+-----------------------------------------------------+
; Post-Synthesis Netlist Statistics for Top Partition ;
+-----------------------+-----------------------------+
; Type                  ; Count                       ;
+-----------------------+-----------------------------+
; arriav_ff             ; 1395                        ;
;     CLR               ; 66                          ;
;     CLR SLD           ; 43                          ;
;     ENA               ; 275                         ;
;     ENA CLR           ; 113                         ;
;     ENA CLR SCLR      ; 198                         ;
;     ENA SCLR          ; 286                         ;
;     ENA SCLR SLD      ; 3                           ;
;     ENA SLD           ; 11                          ;
;     SCLR              ; 219                         ;
;     SLD               ; 8                           ;
;     plain             ; 173                         ;
; arriav_io_obuf        ; 4                           ;
; arriav_lcell_comb     ; 3039                        ;
;     arith             ; 969                         ;
;         0 data inputs ; 15                          ;
;         1 data inputs ; 886                         ;
;         2 data inputs ; 22                          ;
;         4 data inputs ; 8                           ;
;         5 data inputs ; 38                          ;
;     extend            ; 29                          ;
;         7 data inputs ; 29                          ;
;     normal            ; 2025                        ;
;         0 data inputs ; 5                           ;
;         1 data inputs ; 28                          ;
;         2 data inputs ; 247                         ;
;         3 data inputs ; 243                         ;
;         4 data inputs ; 415                         ;
;         5 data inputs ; 383                         ;
;         6 data inputs ; 704                         ;
;     shared            ; 16                          ;
;         2 data inputs ; 16                          ;
; arriav_mac            ; 4                           ;
; boundary_port         ; 121                         ;
; generic_pll           ; 2                           ;
; stratixv_ram_block    ; 30                          ;
;                       ;                             ;
; Max LUT depth         ; 9.00                        ;
; Average LUT depth     ; 3.95                        ;
+-----------------------+-----------------------------+


+-------------------------------+
; Elapsed Time Per Partition    ;
+----------------+--------------+
; Partition Name ; Elapsed Time ;
+----------------+--------------+
; Top            ; 00:00:09     ;
+----------------+--------------+


+-------------------------------+
; Analysis & Synthesis Messages ;
+-------------------------------+
Info: *******************************************************************
Info: Running Quartus Prime Analysis & Synthesis
    Info: Version 20.1.0 Build 711 06/05/2020 SJ Standard Edition
    Info: Processing started: Fri Mar 13 03:17:31 2026
Info: Command: quartus_map --read_settings_files=on --write_settings_files=off DE1_SOC_D8M_LB_RTL -c DE1_SOC_D8M_LB_RTL
Warning (125092): Tcl Script File V/vga_pll/vga_pll_0002.qip not found
    Info (125063): set_global_assignment -name QIP_FILE V/vga_pll/vga_pll_0002.qip
Warning (18236): Number of processors has not been specified which may cause overloading on shared machines.  Set the global assignment NUM_PARALLEL_PROCESSORS in your QSF to an appropriate value for best performance.
Info (20030): Parallel compilation is enabled and will use 16 of the 32 processors detected
Warning (12019): Can't analyze file -- file V/vga_pll/vga_pll_0002.v is missing
Warning (12019): Can't analyze file -- file V/vga_pll.v is missing
Info (12021): Found 1 design units, including 1 entities, in source file v/pll_test/pll_test_0002.v
    Info (12023): Found entity 1: pll_test_0002 File: C:/EEC181labs/DE1_SOC_D8M_LB_RTL/V/pll_test/pll_test_0002.v Line: 2
Info (12021): Found 1 design units, including 1 entities, in source file v/pll_test.v
    Info (12023): Found entity 1: pll_test File: C:/EEC181labs/DE1_SOC_D8M_LB_RTL/V/pll_test.v Line: 8
Warning (10275): Verilog HDL Module Instantiation warning at MIPI_CAMERA_CONFIG.v(297): ignored dangling comma in List of Port Connections File: C:/EEC181labs/DE1_SOC_D8M_LB_RTL/V_D8M/MIPI_CAMERA_CONFIG.v Line: 297
Info (12021): Found 1 design units, including 1 entities, in source file v_d8m/mipi_camera_config.v
    Info (12023): Found entity 1: MIPI_CAMERA_CONFIG File: C:/EEC181labs/DE1_SOC_D8M_LB_RTL/V_D8M/MIPI_CAMERA_CONFIG.v Line: 1
Warning (10275): Verilog HDL Module Instantiation warning at MIPI_BRIDGE_CONFIG.v(358): ignored dangling comma in List of Port Connections File: C:/EEC181labs/DE1_SOC_D8M_LB_RTL/V_D8M/MIPI_BRIDGE_CONFIG.v Line: 358
Info (12021): Found 1 design units, including 1 entities, in source file v_d8m/mipi_bridge_config.v
    Info (12023): Found entity 1: MIPI_BRIDGE_CONFIG File: C:/EEC181labs/DE1_SOC_D8M_LB_RTL/V_D8M/MIPI_BRIDGE_CONFIG.v Line: 1
Info (12021): Found 1 design units, including 1 entities, in source file v_d8m/mipi_bridge_camera_config.v
    Info (12023): Found entity 1: MIPI_BRIDGE_CAMERA_Config File: C:/EEC181labs/DE1_SOC_D8M_LB_RTL/V_D8M/MIPI_BRIDGE_CAMERA_Config.v Line: 1
Warning (10275): Verilog HDL Module Instantiation warning at VCM_I2C.v(287): ignored dangling comma in List of Port Connections File: C:/EEC181labs/DE1_SOC_D8M_LB_RTL/V_Auto/VCM_I2C.v Line: 287
Info (12021): Found 1 design units, including 1 entities, in source file v_auto/vcm_i2c.v
    Info (12023): Found entity 1: VCM_I2C File: C:/EEC181labs/DE1_SOC_D8M_LB_RTL/V_Auto/VCM_I2C.v Line: 1
Info (12021): Found 1 design units, including 1 entities, in source file v_auto/vcm_ctrl_p.v
    Info (12023): Found entity 1: VCM_CTRL_P File: C:/EEC181labs/DE1_SOC_D8M_LB_RTL/V_Auto/VCM_CTRL_P.v Line: 1
Info (12021): Found 1 design units, including 1 entities, in source file v_auto/modify_sync.v
    Info (12023): Found entity 1: MODIFY_SYNC File: C:/EEC181labs/DE1_SOC_D8M_LB_RTL/V_Auto/MODIFY_SYNC.v Line: 1
Info (12021): Found 1 design units, including 1 entities, in source file v_auto/lcd_counter.v
    Info (12023): Found entity 1: LCD_COUNTER File: C:/EEC181labs/DE1_SOC_D8M_LB_RTL/V_Auto/LCD_COUNTER.v Line: 1
Info (12021): Found 1 design units, including 1 entities, in source file v_auto/i2c_delay.v
    Info (12023): Found entity 1: I2C_DELAY File: C:/EEC181labs/DE1_SOC_D8M_LB_RTL/V_Auto/I2C_DELAY.v Line: 1
Info (12021): Found 1 design units, including 1 entities, in source file v_auto/focus_adj.v
    Info (12023): Found entity 1: FOCUS_ADJ File: C:/EEC181labs/DE1_SOC_D8M_LB_RTL/V_Auto/FOCUS_ADJ.v Line: 2
Info (12021): Found 1 design units, including 1 entities, in source file v_auto/f_vcm.v
    Info (12023): Found entity 1: F_VCM File: C:/EEC181labs/DE1_SOC_D8M_LB_RTL/V_Auto/F_VCM.v Line: 1
Info (12021): Found 1 design units, including 1 entities, in source file v_auto/auto_sync_modify.v
    Info (12023): Found entity 1: AUTO_SYNC_MODIFY File: C:/EEC181labs/DE1_SOC_D8M_LB_RTL/V_Auto/AUTO_SYNC_MODIFY.v Line: 2
Info (12021): Found 1 design units, including 1 entities, in source file v_auto/auto_focus_on.v
    Info (12023): Found entity 1: AUTO_FOCUS_ON File: C:/EEC181labs/DE1_SOC_D8M_LB_RTL/V_Auto/AUTO_FOCUS_ON.v Line: 1
Info (12021): Found 1 design units, including 1 entities, in source file v/video_pll.v
    Info (12023): Found entity 1: VIDEO_PLL File: C:/EEC181labs/DE1_SOC_D8M_LB_RTL/V/VIDEO_PLL.v Line: 40
Info (12021): Found 1 design units, including 1 entities, in source file v/seg7_lut_8.v
    Info (12023): Found entity 1: SEG7_LUT_8 File: C:/EEC181labs/DE1_SOC_D8M_LB_RTL/V/SEG7_LUT_8.v Line: 43
Info (12021): Found 1 design units, including 1 entities, in source file v/seg7_lut.v
    Info (12023): Found entity 1: SEG7_LUT File: C:/EEC181labs/DE1_SOC_D8M_LB_RTL/V/SEG7_LUT.v Line: 43
Info (12021): Found 1 design units, including 1 entities, in source file v/reset_delay.v
    Info (12023): Found entity 1: RESET_DELAY File: C:/EEC181labs/DE1_SOC_D8M_LB_RTL/V/RESET_DELAY.v Line: 44
Info (12021): Found 1 design units, including 1 entities, in source file v/i2c_write_wdata.v
    Info (12023): Found entity 1: I2C_WRITE_WDATA File: C:/EEC181labs/DE1_SOC_D8M_LB_RTL/V/I2C_WRITE_WDATA.v Line: 1
Info (12021): Found 1 design units, including 1 entities, in source file v/i2c_write_ptr.v
    Info (12023): Found entity 1: I2C_WRITE_PTR File: C:/EEC181labs/DE1_SOC_D8M_LB_RTL/V/I2C_WRITE_PTR.v Line: 1
Info (12021): Found 1 design units, including 1 entities, in source file v/i2c_reset_delay.v
    Info (12023): Found entity 1: I2C_RESET_DELAY File: C:/EEC181labs/DE1_SOC_D8M_LB_RTL/V/I2C_RESET_DELAY.v Line: 1
Info (12021): Found 1 design units, including 1 entities, in source file v/i2c_read_data.v
    Info (12023): Found entity 1: I2C_READ_DATA File: C:/EEC181labs/DE1_SOC_D8M_LB_RTL/V/I2C_READ_DATA.v Line: 1
Info (12021): Found 1 design units, including 1 entities, in source file v/fpsmonitor.v
    Info (12023): Found entity 1: FpsMonitor File: C:/EEC181labs/DE1_SOC_D8M_LB_RTL/V/FpsMonitor.v Line: 1
Info (12021): Found 1 design units, including 1 entities, in source file v/d8m_lut.v
    Info (12023): Found entity 1: D8M_LUT File: C:/EEC181labs/DE1_SOC_D8M_LB_RTL/V/D8M_LUT.v Line: 1
Info (12021): Found 1 design units, including 1 entities, in source file v/clockmem.v
    Info (12023): Found entity 1: CLOCKMEM File: C:/EEC181labs/DE1_SOC_D8M_LB_RTL/V/CLOCKMEM.v Line: 1
Info (12021): Found 1 design units, including 1 entities, in source file v/clock_delay.v
    Info (12023): Found entity 1: CLOCK_DELAY File: C:/EEC181labs/DE1_SOC_D8M_LB_RTL/V/CLOCK_DELAY.v Line: 1
Warning (12019): Can't analyze file -- file V_D8M/RAW2RGB_J.v is missing
Info (12021): Found 1 design units, including 1 entities, in source file v_d8m/line_buffer_j.v
    Info (12023): Found entity 1: Line_Buffer_J File: C:/EEC181labs/DE1_SOC_D8M_LB_RTL/V_D8M/Line_Buffer_J.v Line: 1
Info (12021): Found 1 design units, including 1 entities, in source file v_d8m/int_line.v
    Info (12023): Found entity 1: int_line File: C:/EEC181labs/DE1_SOC_D8M_LB_RTL/V_D8M/int_line.v Line: 40
Warning (12019): Can't analyze file -- file V_D8M/RE_TRIGGER.v is missing
Info (12021): Found 1 design units, including 1 entities, in source file v_d8m/d8m_set.v
    Info (12023): Found entity 1: D8M_SET File: C:/EEC181labs/DE1_SOC_D8M_LB_RTL/V_D8M/D8M_SET.v Line: 1
Info (12021): Found 1 design units, including 1 entities, in source file v_d8m/raw_rgb_bin.v
    Info (12023): Found entity 1: RAW_RGB_BIN File: C:/EEC181labs/DE1_SOC_D8M_LB_RTL/V_D8M/RAW_RGB_BIN.v Line: 1
Info (12021): Found 1 design units, including 1 entities, in source file vga_controller/vga_controller_trig.v
    Info (12023): Found entity 1: VGA_Controller_trig File: C:/EEC181labs/DE1_SOC_D8M_LB_RTL/VGA_Controller/VGA_Controller_trig.v Line: 1
Info (12021): Found 1 design units, including 1 entities, in source file v_d8m/raw2rgb_l.v
    Info (12023): Found entity 1: RAW2RGB_L File: C:/EEC181labs/DE1_SOC_D8M_LB_RTL/V_D8M/RAW2RGB_L.v Line: 2
Info (12021): Found 1 design units, including 1 entities, in source file v_d8m/d8m_write_counter.v
    Info (12023): Found entity 1: D8M_WRITE_COUNTER File: C:/EEC181labs/DE1_SOC_D8M_LB_RTL/V_D8M/D8M_WRITE_COUNTER.v Line: 2
Info (12021): Found 1 design units, including 1 entities, in source file v_d8m/vga_read_counter.v
    Info (12023): Found entity 1: VGA_READ_COUNTER File: C:/EEC181labs/DE1_SOC_D8M_LB_RTL/V_D8M/VGA_READ_COUNTER.v Line: 2
Info (12021): Found 1 design units, including 1 entities, in source file vga_pll.v
    Info (12023): Found entity 1: vga_pll File: C:/EEC181labs/DE1_SOC_D8M_LB_RTL/vga_pll.v Line: 8
Info (12021): Found 1 design units, including 1 entities, in source file vga_pll/vga_pll_0002.v
    Info (12023): Found entity 1: vga_pll_0002 File: C:/EEC181labs/DE1_SOC_D8M_LB_RTL/vga_pll/vga_pll_0002.v Line: 2
Warning (10236): Verilog HDL Implicit Net warning at FOCUS_ADJ.v(58): created implicit net for "V_CNT" File: C:/EEC181labs/DE1_SOC_D8M_LB_RTL/V_Auto/FOCUS_ADJ.v Line: 58
Warning (10236): Verilog HDL Implicit Net warning at FOCUS_ADJ.v(59): created implicit net for "H_CNT" File: C:/EEC181labs/DE1_SOC_D8M_LB_RTL/V_Auto/FOCUS_ADJ.v Line: 59
Warning (10236): Verilog HDL Implicit Net warning at FOCUS_ADJ.v(60): created implicit net for "LINE" File: C:/EEC181labs/DE1_SOC_D8M_LB_RTL/V_Auto/FOCUS_ADJ.v Line: 60
Warning (10463): Verilog HDL Declaration warning at de1_soc_d8m_lb_rtl.v(150): "ref" is SystemVerilog-2005 keyword File: C:/EEC181labs/DE1_SOC_D8M_LB_RTL/de1_soc_d8m_lb_rtl.v Line: 150
Warning (12125): Using design file de1_soc_d8m_lb_rtl.v, which is not specified as a design file for the current project, but contains definitions for 1 design units and 1 entities in project
    Info (12023): Found entity 1: DE1_SOC_D8M_LB_RTL File: C:/EEC181labs/DE1_SOC_D8M_LB_RTL/de1_soc_d8m_lb_rtl.v Line: 6
Warning (10236): Verilog HDL Implicit Net warning at de1_soc_d8m_lb_rtl.v(110): created implicit net for "UART_RTS" File: C:/EEC181labs/DE1_SOC_D8M_LB_RTL/de1_soc_d8m_lb_rtl.v Line: 110
Warning (10236): Verilog HDL Implicit Net warning at de1_soc_d8m_lb_rtl.v(111): created implicit net for "UART_TXD" File: C:/EEC181labs/DE1_SOC_D8M_LB_RTL/de1_soc_d8m_lb_rtl.v Line: 111
Warning (10236): Verilog HDL Implicit Net warning at de1_soc_d8m_lb_rtl.v(234): created implicit net for "READY" File: C:/EEC181labs/DE1_SOC_D8M_LB_RTL/de1_soc_d8m_lb_rtl.v Line: 234
Info (12127): Elaborating entity "DE1_SOC_D8M_LB_RTL" for the top level hierarchy
Warning (10036): Verilog HDL or VHDL warning at de1_soc_d8m_lb_rtl.v(110): object "UART_RTS" assigned a value but never read File: C:/EEC181labs/DE1_SOC_D8M_LB_RTL/de1_soc_d8m_lb_rtl.v Line: 110
Warning (10036): Verilog HDL or VHDL warning at de1_soc_d8m_lb_rtl.v(111): object "UART_TXD" assigned a value but never read File: C:/EEC181labs/DE1_SOC_D8M_LB_RTL/de1_soc_d8m_lb_rtl.v Line: 111
Warning (10230): Verilog HDL assignment warning at de1_soc_d8m_lb_rtl.v(301): truncated value with size 32 to match size of target (21) File: C:/EEC181labs/DE1_SOC_D8M_LB_RTL/de1_soc_d8m_lb_rtl.v Line: 301
Warning (10230): Verilog HDL assignment warning at de1_soc_d8m_lb_rtl.v(304): truncated value with size 32 to match size of target (10) File: C:/EEC181labs/DE1_SOC_D8M_LB_RTL/de1_soc_d8m_lb_rtl.v Line: 304
Warning (10230): Verilog HDL assignment warning at de1_soc_d8m_lb_rtl.v(305): truncated value with size 32 to match size of target (10) File: C:/EEC181labs/DE1_SOC_D8M_LB_RTL/de1_soc_d8m_lb_rtl.v Line: 305
Warning (10230): Verilog HDL assignment warning at de1_soc_d8m_lb_rtl.v(306): truncated value with size 32 to match size of target (10) File: C:/EEC181labs/DE1_SOC_D8M_LB_RTL/de1_soc_d8m_lb_rtl.v Line: 306
Warning (10230): Verilog HDL assignment warning at de1_soc_d8m_lb_rtl.v(307): truncated value with size 32 to match size of target (10) File: C:/EEC181labs/DE1_SOC_D8M_LB_RTL/de1_soc_d8m_lb_rtl.v Line: 307
Warning (10230): Verilog HDL assignment warning at de1_soc_d8m_lb_rtl.v(309): truncated value with size 32 to match size of target (10) File: C:/EEC181labs/DE1_SOC_D8M_LB_RTL/de1_soc_d8m_lb_rtl.v Line: 309
Warning (10230): Verilog HDL assignment warning at de1_soc_d8m_lb_rtl.v(310): truncated value with size 32 to match size of target (10) File: C:/EEC181labs/DE1_SOC_D8M_LB_RTL/de1_soc_d8m_lb_rtl.v Line: 310
Warning (10230): Verilog HDL assignment warning at de1_soc_d8m_lb_rtl.v(311): truncated value with size 32 to match size of target (10) File: C:/EEC181labs/DE1_SOC_D8M_LB_RTL/de1_soc_d8m_lb_rtl.v Line: 311
Warning (10230): Verilog HDL assignment warning at de1_soc_d8m_lb_rtl.v(312): truncated value with size 32 to match size of target (10) File: C:/EEC181labs/DE1_SOC_D8M_LB_RTL/de1_soc_d8m_lb_rtl.v Line: 312
Warning (10034): Output port "MIPI_MCLK" at de1_soc_d8m_lb_rtl.v(48) has no driver File: C:/EEC181labs/DE1_SOC_D8M_LB_RTL/de1_soc_d8m_lb_rtl.v Line: 48
Info (12128): Elaborating entity "RESET_DELAY" for hierarchy "RESET_DELAY:u2" File: C:/EEC181labs/DE1_SOC_D8M_LB_RTL/de1_soc_d8m_lb_rtl.v Line: 120
Info (12128): Elaborating entity "MIPI_BRIDGE_CAMERA_Config" for hierarchy "MIPI_BRIDGE_CAMERA_Config:cfin" File: C:/EEC181labs/DE1_SOC_D8M_LB_RTL/de1_soc_d8m_lb_rtl.v Line: 140
Warning (10858): Verilog HDL warning at MIPI_BRIDGE_CAMERA_Config.v(20): object VCM_I2C_SCL used but never assigned File: C:/EEC181labs/DE1_SOC_D8M_LB_RTL/V_D8M/MIPI_BRIDGE_CAMERA_Config.v Line: 20
Warning (10030): Net "VCM_I2C_SCL" at MIPI_BRIDGE_CAMERA_Config.v(20) has no driver or initial value, using a default initial value '0' File: C:/EEC181labs/DE1_SOC_D8M_LB_RTL/V_D8M/MIPI_BRIDGE_CAMERA_Config.v Line: 20
Warning (10034): Output port "STEP" at MIPI_BRIDGE_CAMERA_Config.v(12) has no driver File: C:/EEC181labs/DE1_SOC_D8M_LB_RTL/V_D8M/MIPI_BRIDGE_CAMERA_Config.v Line: 12
Info (12128): Elaborating entity "MIPI_CAMERA_CONFIG" for hierarchy "MIPI_BRIDGE_CAMERA_Config:cfin|MIPI_CAMERA_CONFIG:camiv" File: C:/EEC181labs/DE1_SOC_D8M_LB_RTL/V_D8M/MIPI_BRIDGE_CAMERA_Config.v Line: 46
Warning (10230): Verilog HDL assignment warning at MIPI_CAMERA_CONFIG.v(124): truncated value with size 32 to match size of target (8) File: C:/EEC181labs/DE1_SOC_D8M_LB_RTL/V_D8M/MIPI_CAMERA_CONFIG.v Line: 124
Warning (10230): Verilog HDL assignment warning at MIPI_CAMERA_CONFIG.v(170): truncated value with size 32 to match size of target (16) File: C:/EEC181labs/DE1_SOC_D8M_LB_RTL/V_D8M/MIPI_CAMERA_CONFIG.v Line: 170
Warning (10230): Verilog HDL assignment warning at MIPI_CAMERA_CONFIG.v(197): truncated value with size 32 to match size of target (16) File: C:/EEC181labs/DE1_SOC_D8M_LB_RTL/V_D8M/MIPI_CAMERA_CONFIG.v Line: 197
Warning (10230): Verilog HDL assignment warning at MIPI_CAMERA_CONFIG.v(222): truncated value with size 32 to match size of target (1) File: C:/EEC181labs/DE1_SOC_D8M_LB_RTL/V_D8M/MIPI_CAMERA_CONFIG.v Line: 222
Warning (10034): Output port "ID2" at MIPI_CAMERA_CONFIG.v(12) has no driver File: C:/EEC181labs/DE1_SOC_D8M_LB_RTL/V_D8M/MIPI_CAMERA_CONFIG.v Line: 12
Warning (10034): Output port "WORD_DATA[15..8]" at MIPI_CAMERA_CONFIG.v(20) has no driver File: C:/EEC181labs/DE1_SOC_D8M_LB_RTL/V_D8M/MIPI_CAMERA_CONFIG.v Line: 20
Warning (10034): Output port "TR" at MIPI_CAMERA_CONFIG.v(31) has no driver File: C:/EEC181labs/DE1_SOC_D8M_LB_RTL/V_D8M/MIPI_CAMERA_CONFIG.v Line: 31
Info (12128): Elaborating entity "CLOCKMEM" for hierarchy "MIPI_BRIDGE_CAMERA_Config:cfin|MIPI_CAMERA_CONFIG:camiv|CLOCKMEM:c1" File: C:/EEC181labs/DE1_SOC_D8M_LB_RTL/V_D8M/MIPI_CAMERA_CONFIG.v Line: 51
Info (12128): Elaborating entity "I2C_WRITE_WDATA" for hierarchy "MIPI_BRIDGE_CAMERA_Config:cfin|MIPI_CAMERA_CONFIG:camiv|I2C_WRITE_WDATA:wrd" File: C:/EEC181labs/DE1_SOC_D8M_LB_RTL/V_D8M/MIPI_CAMERA_CONFIG.v Line: 246
Warning (10230): Verilog HDL assignment warning at I2C_WRITE_WDATA.v(72): truncated value with size 32 to match size of target (8) File: C:/EEC181labs/DE1_SOC_D8M_LB_RTL/V/I2C_WRITE_WDATA.v Line: 72
Warning (10230): Verilog HDL assignment warning at I2C_WRITE_WDATA.v(143): truncated value with size 32 to match size of target (8) File: C:/EEC181labs/DE1_SOC_D8M_LB_RTL/V/I2C_WRITE_WDATA.v Line: 143
Warning (10230): Verilog HDL assignment warning at I2C_WRITE_WDATA.v(153): truncated value with size 32 to match size of target (8) File: C:/EEC181labs/DE1_SOC_D8M_LB_RTL/V/I2C_WRITE_WDATA.v Line: 153
Info (12128): Elaborating entity "I2C_WRITE_PTR" for hierarchy "MIPI_BRIDGE_CAMERA_Config:cfin|MIPI_CAMERA_CONFIG:camiv|I2C_WRITE_PTR:wpt" File: C:/EEC181labs/DE1_SOC_D8M_LB_RTL/V_D8M/MIPI_CAMERA_CONFIG.v Line: 270
Warning (10230): Verilog HDL assignment warning at I2C_WRITE_PTR.v(61): truncated value with size 32 to match size of target (8) File: C:/EEC181labs/DE1_SOC_D8M_LB_RTL/V/I2C_WRITE_PTR.v Line: 61
Warning (10230): Verilog HDL assignment warning at I2C_WRITE_PTR.v(125): truncated value with size 32 to match size of target (8) File: C:/EEC181labs/DE1_SOC_D8M_LB_RTL/V/I2C_WRITE_PTR.v Line: 125
Warning (10230): Verilog HDL assignment warning at I2C_WRITE_PTR.v(135): truncated value with size 32 to match size of target (8) File: C:/EEC181labs/DE1_SOC_D8M_LB_RTL/V/I2C_WRITE_PTR.v Line: 135
Warning (10230): Verilog HDL assignment warning at I2C_WRITE_PTR.v(160): truncated value with size 32 to match size of target (8) File: C:/EEC181labs/DE1_SOC_D8M_LB_RTL/V/I2C_WRITE_PTR.v Line: 160
Info (12128): Elaborating entity "I2C_READ_DATA" for hierarchy "MIPI_BRIDGE_CAMERA_Config:cfin|MIPI_CAMERA_CONFIG:camiv|I2C_READ_DATA:rd" File: C:/EEC181labs/DE1_SOC_D8M_LB_RTL/V_D8M/MIPI_CAMERA_CONFIG.v Line: 297
Warning (10230): Verilog HDL assignment warning at I2C_READ_DATA.v(53): truncated value with size 33 to match size of target (9) File: C:/EEC181labs/DE1_SOC_D8M_LB_RTL/V/I2C_READ_DATA.v Line: 53
Warning (10230): Verilog HDL assignment warning at I2C_READ_DATA.v(67): truncated value with size 32 to match size of target (8) File: C:/EEC181labs/DE1_SOC_D8M_LB_RTL/V/I2C_READ_DATA.v Line: 67
Warning (10230): Verilog HDL assignment warning at I2C_READ_DATA.v(90): truncated value with size 32 to match size of target (8) File: C:/EEC181labs/DE1_SOC_D8M_LB_RTL/V/I2C_READ_DATA.v Line: 90
Warning (10230): Verilog HDL assignment warning at I2C_READ_DATA.v(93): truncated value with size 32 to match size of target (8) File: C:/EEC181labs/DE1_SOC_D8M_LB_RTL/V/I2C_READ_DATA.v Line: 93
Warning (10230): Verilog HDL assignment warning at I2C_READ_DATA.v(104): truncated value with size 32 to match size of target (8) File: C:/EEC181labs/DE1_SOC_D8M_LB_RTL/V/I2C_READ_DATA.v Line: 104
Warning (10230): Verilog HDL assignment warning at I2C_READ_DATA.v(168): truncated value with size 32 to match size of target (8) File: C:/EEC181labs/DE1_SOC_D8M_LB_RTL/V/I2C_READ_DATA.v Line: 168
Warning (10230): Verilog HDL assignment warning at I2C_READ_DATA.v(178): truncated value with size 32 to match size of target (8) File: C:/EEC181labs/DE1_SOC_D8M_LB_RTL/V/I2C_READ_DATA.v Line: 178
Warning (10272): Verilog HDL Case Statement warning at I2C_READ_DATA.v(141): case item expression covers a value already covered by a previous case item File: C:/EEC181labs/DE1_SOC_D8M_LB_RTL/V/I2C_READ_DATA.v Line: 141
Info (12128): Elaborating entity "I2C_RESET_DELAY" for hierarchy "MIPI_BRIDGE_CAMERA_Config:cfin|MIPI_CAMERA_CONFIG:camiv|I2C_RESET_DELAY:DY" File: C:/EEC181labs/DE1_SOC_D8M_LB_RTL/V_D8M/MIPI_CAMERA_CONFIG.v Line: 307
Info (12128): Elaborating entity "MIPI_BRIDGE_CONFIG" for hierarchy "MIPI_BRIDGE_CAMERA_Config:cfin|MIPI_BRIDGE_CONFIG:mpiv" File: C:/EEC181labs/DE1_SOC_D8M_LB_RTL/V_D8M/MIPI_BRIDGE_CAMERA_Config.v Line: 58
Warning (10230): Verilog HDL assignment warning at MIPI_BRIDGE_CONFIG.v(131): truncated value with size 32 to match size of target (8) File: C:/EEC181labs/DE1_SOC_D8M_LB_RTL/V_D8M/MIPI_BRIDGE_CONFIG.v Line: 131
Warning (10230): Verilog HDL assignment warning at MIPI_BRIDGE_CONFIG.v(178): truncated value with size 32 to match size of target (8) File: C:/EEC181labs/DE1_SOC_D8M_LB_RTL/V_D8M/MIPI_BRIDGE_CONFIG.v Line: 178
Warning (10230): Verilog HDL assignment warning at MIPI_BRIDGE_CONFIG.v(203): truncated value with size 32 to match size of target (8) File: C:/EEC181labs/DE1_SOC_D8M_LB_RTL/V_D8M/MIPI_BRIDGE_CONFIG.v Line: 203
Warning (10230): Verilog HDL assignment warning at MIPI_BRIDGE_CONFIG.v(241): truncated value with size 32 to match size of target (16) File: C:/EEC181labs/DE1_SOC_D8M_LB_RTL/V_D8M/MIPI_BRIDGE_CONFIG.v Line: 241
Warning (10230): Verilog HDL assignment warning at MIPI_BRIDGE_CONFIG.v(242): truncated value with size 32 to match size of target (16) File: C:/EEC181labs/DE1_SOC_D8M_LB_RTL/V_D8M/MIPI_BRIDGE_CONFIG.v Line: 242
Warning (10230): Verilog HDL assignment warning at MIPI_BRIDGE_CONFIG.v(243): truncated value with size 32 to match size of target (16) File: C:/EEC181labs/DE1_SOC_D8M_LB_RTL/V_D8M/MIPI_BRIDGE_CONFIG.v Line: 243
Warning (10230): Verilog HDL assignment warning at MIPI_BRIDGE_CONFIG.v(244): truncated value with size 32 to match size of target (16) File: C:/EEC181labs/DE1_SOC_D8M_LB_RTL/V_D8M/MIPI_BRIDGE_CONFIG.v Line: 244
Warning (10230): Verilog HDL assignment warning at MIPI_BRIDGE_CONFIG.v(245): truncated value with size 32 to match size of target (16) File: C:/EEC181labs/DE1_SOC_D8M_LB_RTL/V_D8M/MIPI_BRIDGE_CONFIG.v Line: 245
Warning (10034): Output port "TR" at MIPI_BRIDGE_CONFIG.v(36) has no driver File: C:/EEC181labs/DE1_SOC_D8M_LB_RTL/V_D8M/MIPI_BRIDGE_CONFIG.v Line: 36
Info (12128): Elaborating entity "pll_test" for hierarchy "pll_test:ref" File: C:/EEC181labs/DE1_SOC_D8M_LB_RTL/de1_soc_d8m_lb_rtl.v Line: 150
Info (12128): Elaborating entity "pll_test_0002" for hierarchy "pll_test:ref|pll_test_0002:pll_test_inst" File: C:/EEC181labs/DE1_SOC_D8M_LB_RTL/V/pll_test.v Line: 22
Info (12128): Elaborating entity "altera_pll" for hierarchy "pll_test:ref|pll_test_0002:pll_test_inst|altera_pll:altera_pll_i" File: C:/EEC181labs/DE1_SOC_D8M_LB_RTL/V/pll_test/pll_test_0002.v Line: 88
Info (10008): Verilog HDL or VHDL information: EDA Netlist Writer cannot regroup multidimensional array "wire_to_nowhere_64" into its bus
Info (12130): Elaborated megafunction instantiation "pll_test:ref|pll_test_0002:pll_test_inst|altera_pll:altera_pll_i" File: C:/EEC181labs/DE1_SOC_D8M_LB_RTL/V/pll_test/pll_test_0002.v Line: 88
Info (12133): Instantiated megafunction "pll_test:ref|pll_test_0002:pll_test_inst|altera_pll:altera_pll_i" with the following parameter: File: C:/EEC181labs/DE1_SOC_D8M_LB_RTL/V/pll_test/pll_test_0002.v Line: 88
    Info (12134): Parameter "fractional_vco_multiplier" = "false"
    Info (12134): Parameter "reference_clock_frequency" = "50.0 MHz"
    Info (12134): Parameter "operation_mode" = "direct"
    Info (12134): Parameter "number_of_clocks" = "2"
    Info (12134): Parameter "output_clock_frequency0" = "20.000000 MHz"
    Info (12134): Parameter "phase_shift0" = "0 ps"
    Info (12134): Parameter "duty_cycle0" = "50"
    Info (12134): Parameter "output_clock_frequency1" = "25.000000 MHz"
    Info (12134): Parameter "phase_shift1" = "0 ps"
    Info (12134): Parameter "duty_cycle1" = "50"
    Info (12134): Parameter "output_clock_frequency2" = "0 MHz"
    Info (12134): Parameter "phase_shift2" = "0 ps"
    Info (12134): Parameter "duty_cycle2" = "50"
    Info (12134): Parameter "output_clock_frequency3" = "0 MHz"
    Info (12134): Parameter "phase_shift3" = "0 ps"
    Info (12134): Parameter "duty_cycle3" = "50"
    Info (12134): Parameter "output_clock_frequency4" = "0 MHz"
    Info (12134): Parameter "phase_shift4" = "0 ps"
    Info (12134): Parameter "duty_cycle4" = "50"
    Info (12134): Parameter "output_clock_frequency5" = "0 MHz"
    Info (12134): Parameter "phase_shift5" = "0 ps"
    Info (12134): Parameter "duty_cycle5" = "50"
    Info (12134): Parameter "output_clock_frequency6" = "0 MHz"
    Info (12134): Parameter "phase_shift6" = "0 ps"
    Info (12134): Parameter "duty_cycle6" = "50"
    Info (12134): Parameter "output_clock_frequency7" = "0 MHz"
    Info (12134): Parameter "phase_shift7" = "0 ps"
    Info (12134): Parameter "duty_cycle7" = "50"
    Info (12134): Parameter "output_clock_frequency8" = "0 MHz"
    Info (12134): Parameter "phase_shift8" = "0 ps"
    Info (12134): Parameter "duty_cycle8" = "50"
    Info (12134): Parameter "output_clock_frequency9" = "0 MHz"
    Info (12134): Parameter "phase_shift9" = "0 ps"
    Info (12134): Parameter "duty_cycle9" = "50"
    Info (12134): Parameter "output_clock_frequency10" = "0 MHz"
    Info (12134): Parameter "phase_shift10" = "0 ps"
    Info (12134): Parameter "duty_cycle10" = "50"
    Info (12134): Parameter "output_clock_frequency11" = "0 MHz"
    Info (12134): Parameter "phase_shift11" = "0 ps"
    Info (12134): Parameter "duty_cycle11" = "50"
    Info (12134): Parameter "output_clock_frequency12" = "0 MHz"
    Info (12134): Parameter "phase_shift12" = "0 ps"
    Info (12134): Parameter "duty_cycle12" = "50"
    Info (12134): Parameter "output_clock_frequency13" = "0 MHz"
    Info (12134): Parameter "phase_shift13" = "0 ps"
    Info (12134): Parameter "duty_cycle13" = "50"
    Info (12134): Parameter "output_clock_frequency14" = "0 MHz"
    Info (12134): Parameter "phase_shift14" = "0 ps"
    Info (12134): Parameter "duty_cycle14" = "50"
    Info (12134): Parameter "output_clock_frequency15" = "0 MHz"
    Info (12134): Parameter "phase_shift15" = "0 ps"
    Info (12134): Parameter "duty_cycle15" = "50"
    Info (12134): Parameter "output_clock_frequency16" = "0 MHz"
    Info (12134): Parameter "phase_shift16" = "0 ps"
    Info (12134): Parameter "duty_cycle16" = "50"
    Info (12134): Parameter "output_clock_frequency17" = "0 MHz"
    Info (12134): Parameter "phase_shift17" = "0 ps"
    Info (12134): Parameter "duty_cycle17" = "50"
    Info (12134): Parameter "pll_type" = "General"
    Info (12134): Parameter "pll_subtype" = "General"
Info (12128): Elaborating entity "vga_pll" for hierarchy "vga_pll:pllv" File: C:/EEC181labs/DE1_SOC_D8M_LB_RTL/de1_soc_d8m_lb_rtl.v Line: 158
Info (12128): Elaborating entity "vga_pll_0002" for hierarchy "vga_pll:pllv|vga_pll_0002:vga_pll_inst" File: C:/EEC181labs/DE1_SOC_D8M_LB_RTL/vga_pll.v Line: 20
Info (12128): Elaborating entity "altera_pll" for hierarchy "vga_pll:pllv|vga_pll_0002:vga_pll_inst|altera_pll:altera_pll_i" File: C:/EEC181labs/DE1_SOC_D8M_LB_RTL/vga_pll/vga_pll_0002.v Line: 85
Info (10008): Verilog HDL or VHDL information: EDA Netlist Writer cannot regroup multidimensional array "wire_to_nowhere_64" into its bus
Info (12130): Elaborated megafunction instantiation "vga_pll:pllv|vga_pll_0002:vga_pll_inst|altera_pll:altera_pll_i" File: C:/EEC181labs/DE1_SOC_D8M_LB_RTL/vga_pll/vga_pll_0002.v Line: 85
Info (12133): Instantiated megafunction "vga_pll:pllv|vga_pll_0002:vga_pll_inst|altera_pll:altera_pll_i" with the following parameter: File: C:/EEC181labs/DE1_SOC_D8M_LB_RTL/vga_pll/vga_pll_0002.v Line: 85
    Info (12134): Parameter "fractional_vco_multiplier" = "false"
    Info (12134): Parameter "reference_clock_frequency" = "50.0 MHz"
    Info (12134): Parameter "operation_mode" = "direct"
    Info (12134): Parameter "number_of_clocks" = "1"
    Info (12134): Parameter "output_clock_frequency0" = "25.175644 MHz"
    Info (12134): Parameter "phase_shift0" = "0 ps"
    Info (12134): Parameter "duty_cycle0" = "50"
    Info (12134): Parameter "output_clock_frequency1" = "0 MHz"
    Info (12134): Parameter "phase_shift1" = "0 ps"
    Info (12134): Parameter "duty_cycle1" = "50"
    Info (12134): Parameter "output_clock_frequency2" = "0 MHz"
    Info (12134): Parameter "phase_shift2" = "0 ps"
    Info (12134): Parameter "duty_cycle2" = "50"
    Info (12134): Parameter "output_clock_frequency3" = "0 MHz"
    Info (12134): Parameter "phase_shift3" = "0 ps"
    Info (12134): Parameter "duty_cycle3" = "50"
    Info (12134): Parameter "output_clock_frequency4" = "0 MHz"
    Info (12134): Parameter "phase_shift4" = "0 ps"
    Info (12134): Parameter "duty_cycle4" = "50"
    Info (12134): Parameter "output_clock_frequency5" = "0 MHz"
    Info (12134): Parameter "phase_shift5" = "0 ps"
    Info (12134): Parameter "duty_cycle5" = "50"
    Info (12134): Parameter "output_clock_frequency6" = "0 MHz"
    Info (12134): Parameter "phase_shift6" = "0 ps"
    Info (12134): Parameter "duty_cycle6" = "50"
    Info (12134): Parameter "output_clock_frequency7" = "0 MHz"
    Info (12134): Parameter "phase_shift7" = "0 ps"
    Info (12134): Parameter "duty_cycle7" = "50"
    Info (12134): Parameter "output_clock_frequency8" = "0 MHz"
    Info (12134): Parameter "phase_shift8" = "0 ps"
    Info (12134): Parameter "duty_cycle8" = "50"
    Info (12134): Parameter "output_clock_frequency9" = "0 MHz"
    Info (12134): Parameter "phase_shift9" = "0 ps"
    Info (12134): Parameter "duty_cycle9" = "50"
    Info (12134): Parameter "output_clock_frequency10" = "0 MHz"
    Info (12134): Parameter "phase_shift10" = "0 ps"
    Info (12134): Parameter "duty_cycle10" = "50"
    Info (12134): Parameter "output_clock_frequency11" = "0 MHz"
    Info (12134): Parameter "phase_shift11" = "0 ps"
    Info (12134): Parameter "duty_cycle11" = "50"
    Info (12134): Parameter "output_clock_frequency12" = "0 MHz"
    Info (12134): Parameter "phase_shift12" = "0 ps"
    Info (12134): Parameter "duty_cycle12" = "50"
    Info (12134): Parameter "output_clock_frequency13" = "0 MHz"
    Info (12134): Parameter "phase_shift13" = "0 ps"
    Info (12134): Parameter "duty_cycle13" = "50"
    Info (12134): Parameter "output_clock_frequency14" = "0 MHz"
    Info (12134): Parameter "phase_shift14" = "0 ps"
    Info (12134): Parameter "duty_cycle14" = "50"
    Info (12134): Parameter "output_clock_frequency15" = "0 MHz"
    Info (12134): Parameter "phase_shift15" = "0 ps"
    Info (12134): Parameter "duty_cycle15" = "50"
    Info (12134): Parameter "output_clock_frequency16" = "0 MHz"
    Info (12134): Parameter "phase_shift16" = "0 ps"
    Info (12134): Parameter "duty_cycle16" = "50"
    Info (12134): Parameter "output_clock_frequency17" = "0 MHz"
    Info (12134): Parameter "phase_shift17" = "0 ps"
    Info (12134): Parameter "duty_cycle17" = "50"
    Info (12134): Parameter "pll_type" = "General"
    Info (12134): Parameter "pll_subtype" = "General"
Info (12128): Elaborating entity "D8M_SET" for hierarchy "D8M_SET:ccd" File: C:/EEC181labs/DE1_SOC_D8M_LB_RTL/de1_soc_d8m_lb_rtl.v Line: 176
Warning (10034): Output port "oRESET_N" at D8M_SET.v(4) has no driver File: C:/EEC181labs/DE1_SOC_D8M_LB_RTL/V_D8M/D8M_SET.v Line: 4
Warning (10034): Output port "SCLK" at D8M_SET.v(5) has no driver File: C:/EEC181labs/DE1_SOC_D8M_LB_RTL/V_D8M/D8M_SET.v Line: 5
Warning (10034): Output port "CCD_DVAL" at D8M_SET.v(21) has no driver File: C:/EEC181labs/DE1_SOC_D8M_LB_RTL/V_D8M/D8M_SET.v Line: 21
Warning (10034): Output port "CCD_LDVAL" at D8M_SET.v(22) has no driver File: C:/EEC181labs/DE1_SOC_D8M_LB_RTL/V_D8M/D8M_SET.v Line: 22
Warning (10034): Output port "CCD_FDVAL" at D8M_SET.v(23) has no driver File: C:/EEC181labs/DE1_SOC_D8M_LB_RTL/V_D8M/D8M_SET.v Line: 23
Info (12128): Elaborating entity "D8M_WRITE_COUNTER" for hierarchy "D8M_SET:ccd|D8M_WRITE_COUNTER:u3" File: C:/EEC181labs/DE1_SOC_D8M_LB_RTL/V_D8M/D8M_SET.v Line: 48
Warning (10230): Verilog HDL assignment warning at D8M_WRITE_COUNTER.v(38): truncated value with size 32 to match size of target (16) File: C:/EEC181labs/DE1_SOC_D8M_LB_RTL/V_D8M/D8M_WRITE_COUNTER.v Line: 38
Warning (10230): Verilog HDL assignment warning at D8M_WRITE_COUNTER.v(44): truncated value with size 32 to match size of target (16) File: C:/EEC181labs/DE1_SOC_D8M_LB_RTL/V_D8M/D8M_WRITE_COUNTER.v Line: 44
Warning (10230): Verilog HDL assignment warning at D8M_WRITE_COUNTER.v(48): truncated value with size 32 to match size of target (16) File: C:/EEC181labs/DE1_SOC_D8M_LB_RTL/V_D8M/D8M_WRITE_COUNTER.v Line: 48
Warning (10230): Verilog HDL assignment warning at D8M_WRITE_COUNTER.v(51): truncated value with size 32 to match size of target (16) File: C:/EEC181labs/DE1_SOC_D8M_LB_RTL/V_D8M/D8M_WRITE_COUNTER.v Line: 51
Info (12128): Elaborating entity "VGA_READ_COUNTER" for hierarchy "D8M_SET:ccd|VGA_READ_COUNTER:cnt" File: C:/EEC181labs/DE1_SOC_D8M_LB_RTL/V_D8M/D8M_SET.v Line: 56
Warning (10230): Verilog HDL assignment warning at VGA_READ_COUNTER.v(15): truncated value with size 32 to match size of target (16) File: C:/EEC181labs/DE1_SOC_D8M_LB_RTL/V_D8M/VGA_READ_COUNTER.v Line: 15
Info (12128): Elaborating entity "RAW2RGB_L" for hierarchy "D8M_SET:ccd|RAW2RGB_L:u4" File: C:/EEC181labs/DE1_SOC_D8M_LB_RTL/V_D8M/D8M_SET.v Line: 78
Warning (10230): Verilog HDL assignment warning at RAW2RGB_L.v(54): truncated value with size 32 to match size of target (1) File: C:/EEC181labs/DE1_SOC_D8M_LB_RTL/V_D8M/RAW2RGB_L.v Line: 54
Warning (10034): Output port "oDVAL" at RAW2RGB_L.v(22) has no driver File: C:/EEC181labs/DE1_SOC_D8M_LB_RTL/V_D8M/RAW2RGB_L.v Line: 22
Info (12128): Elaborating entity "Line_Buffer_J" for hierarchy "D8M_SET:ccd|RAW2RGB_L:u4|Line_Buffer_J:u0" File: C:/EEC181labs/DE1_SOC_D8M_LB_RTL/V_D8M/RAW2RGB_L.v Line: 50
Warning (10230): Verilog HDL assignment warning at Line_Buffer_J.v(28): truncated value with size 32 to match size of target (2) File: C:/EEC181labs/DE1_SOC_D8M_LB_RTL/V_D8M/Line_Buffer_J.v Line: 28
Warning (10230): Verilog HDL assignment warning at Line_Buffer_J.v(31): truncated value with size 32 to match size of target (1) File: C:/EEC181labs/DE1_SOC_D8M_LB_RTL/V_D8M/Line_Buffer_J.v Line: 31
Warning (10230): Verilog HDL assignment warning at Line_Buffer_J.v(32): truncated value with size 32 to match size of target (1) File: C:/EEC181labs/DE1_SOC_D8M_LB_RTL/V_D8M/Line_Buffer_J.v Line: 32
Warning (10230): Verilog HDL assignment warning at Line_Buffer_J.v(33): truncated value with size 32 to match size of target (1) File: C:/EEC181labs/DE1_SOC_D8M_LB_RTL/V_D8M/Line_Buffer_J.v Line: 33
Warning (10230): Verilog HDL assignment warning at Line_Buffer_J.v(39): truncated value with size 32 to match size of target (10) File: C:/EEC181labs/DE1_SOC_D8M_LB_RTL/V_D8M/Line_Buffer_J.v Line: 39
Warning (10230): Verilog HDL assignment warning at Line_Buffer_J.v(46): truncated value with size 32 to match size of target (10) File: C:/EEC181labs/DE1_SOC_D8M_LB_RTL/V_D8M/Line_Buffer_J.v Line: 46
Info (12128): Elaborating entity "int_line" for hierarchy "D8M_SET:ccd|RAW2RGB_L:u4|Line_Buffer_J:u0|int_line:d1" File: C:/EEC181labs/DE1_SOC_D8M_LB_RTL/V_D8M/Line_Buffer_J.v Line: 61
Info (12128): Elaborating entity "altsyncram" for hierarchy "D8M_SET:ccd|RAW2RGB_L:u4|Line_Buffer_J:u0|int_line:d1|altsyncram:altsyncram_component" File: C:/EEC181labs/DE1_SOC_D8M_LB_RTL/V_D8M/int_line.v Line: 91
Info (12130): Elaborated megafunction instantiation "D8M_SET:ccd|RAW2RGB_L:u4|Line_Buffer_J:u0|int_line:d1|altsyncram:altsyncram_component" File: C:/EEC181labs/DE1_SOC_D8M_LB_RTL/V_D8M/int_line.v Line: 91
Info (12133): Instantiated megafunction "D8M_SET:ccd|RAW2RGB_L:u4|Line_Buffer_J:u0|int_line:d1|altsyncram:altsyncram_component" with the following parameter: File: C:/EEC181labs/DE1_SOC_D8M_LB_RTL/V_D8M/int_line.v Line: 91
    Info (12134): Parameter "address_aclr_b" = "NONE"
    Info (12134): Parameter "address_reg_b" = "CLOCK1"
    Info (12134): Parameter "clock_enable_input_a" = "BYPASS"
    Info (12134): Parameter "clock_enable_input_b" = "BYPASS"
    Info (12134): Parameter "clock_enable_output_b" = "BYPASS"
    Info (12134): Parameter "intended_device_family" = "Cyclone V"
    Info (12134): Parameter "lpm_type" = "altsyncram"
    Info (12134): Parameter "numwords_a" = "4096"
    Info (12134): Parameter "numwords_b" = "4096"
    Info (12134): Parameter "operation_mode" = "DUAL_PORT"
    Info (12134): Parameter "outdata_aclr_b" = "NONE"
    Info (12134): Parameter "outdata_reg_b" = "CLOCK1"
    Info (12134): Parameter "power_up_uninitialized" = "FALSE"
    Info (12134): Parameter "widthad_a" = "12"
    Info (12134): Parameter "widthad_b" = "12"
    Info (12134): Parameter "width_a" = "10"
    Info (12134): Parameter "width_b" = "10"
    Info (12134): Parameter "width_byteena_a" = "1"
Info (12021): Found 1 design units, including 1 entities, in source file db/altsyncram_iup1.tdf
    Info (12023): Found entity 1: altsyncram_iup1 File: C:/EEC181labs/DE1_SOC_D8M_LB_RTL/db/altsyncram_iup1.tdf Line: 28
Info (12128): Elaborating entity "altsyncram_iup1" for hierarchy "D8M_SET:ccd|RAW2RGB_L:u4|Line_Buffer_J:u0|int_line:d1|altsyncram:altsyncram_component|altsyncram_iup1:auto_generated" File: c:/intelfpga/20.1/quartus/libraries/megafunctions/altsyncram.tdf Line: 792
Info (12128): Elaborating entity "RAW_RGB_BIN" for hierarchy "D8M_SET:ccd|RAW2RGB_L:u4|RAW_RGB_BIN:bin" File: C:/EEC181labs/DE1_SOC_D8M_LB_RTL/V_D8M/RAW2RGB_L.v Line: 68
Warning (10230): Verilog HDL assignment warning at RAW_RGB_BIN.v(36): truncated value with size 32 to match size of target (10) File: C:/EEC181labs/DE1_SOC_D8M_LB_RTL/V_D8M/RAW_RGB_BIN.v Line: 36
Warning (10230): Verilog HDL assignment warning at RAW_RGB_BIN.v(42): truncated value with size 32 to match size of target (10) File: C:/EEC181labs/DE1_SOC_D8M_LB_RTL/V_D8M/RAW_RGB_BIN.v Line: 42
Warning (10230): Verilog HDL assignment warning at RAW_RGB_BIN.v(48): truncated value with size 32 to match size of target (10) File: C:/EEC181labs/DE1_SOC_D8M_LB_RTL/V_D8M/RAW_RGB_BIN.v Line: 48
Warning (10230): Verilog HDL assignment warning at RAW_RGB_BIN.v(54): truncated value with size 32 to match size of target (10) File: C:/EEC181labs/DE1_SOC_D8M_LB_RTL/V_D8M/RAW_RGB_BIN.v Line: 54
Info (12128): Elaborating entity "AUTO_FOCUS_ON" for hierarchy "AUTO_FOCUS_ON:adj" File: C:/EEC181labs/DE1_SOC_D8M_LB_RTL/de1_soc_d8m_lb_rtl.v Line: 213
Warning (10230): Verilog HDL assignment warning at AUTO_FOCUS_ON.v(19): truncated value with size 32 to match size of target (1) File: C:/EEC181labs/DE1_SOC_D8M_LB_RTL/V_Auto/AUTO_FOCUS_ON.v Line: 19
Info (12128): Elaborating entity "FOCUS_ADJ" for hierarchy "FOCUS_ADJ:adl" File: C:/EEC181labs/DE1_SOC_D8M_LB_RTL/de1_soc_d8m_lb_rtl.v Line: 237
Info (12128): Elaborating entity "AUTO_SYNC_MODIFY" for hierarchy "FOCUS_ADJ:adl|AUTO_SYNC_MODIFY:RE" File: C:/EEC181labs/DE1_SOC_D8M_LB_RTL/V_Auto/FOCUS_ADJ.v Line: 51
Info (12128): Elaborating entity "MODIFY_SYNC" for hierarchy "FOCUS_ADJ:adl|AUTO_SYNC_MODIFY:RE|MODIFY_SYNC:vs" File: C:/EEC181labs/DE1_SOC_D8M_LB_RTL/V_Auto/AUTO_SYNC_MODIFY.v Line: 17
Warning (10230): Verilog HDL assignment warning at MODIFY_SYNC.v(19): truncated value with size 32 to match size of target (16) File: C:/EEC181labs/DE1_SOC_D8M_LB_RTL/V_Auto/MODIFY_SYNC.v Line: 19
Info (12128): Elaborating entity "LCD_COUNTER" for hierarchy "FOCUS_ADJ:adl|LCD_COUNTER:cv1" File: C:/EEC181labs/DE1_SOC_D8M_LB_RTL/V_Auto/FOCUS_ADJ.v Line: 63
Warning (10230): Verilog HDL assignment warning at LCD_COUNTER.v(31): truncated value with size 32 to match size of target (16) File: C:/EEC181labs/DE1_SOC_D8M_LB_RTL/V_Auto/LCD_COUNTER.v Line: 31
Warning (10230): Verilog HDL assignment warning at LCD_COUNTER.v(36): truncated value with size 32 to match size of target (16) File: C:/EEC181labs/DE1_SOC_D8M_LB_RTL/V_Auto/LCD_COUNTER.v Line: 36
Warning (10230): Verilog HDL assignment warning at LCD_COUNTER.v(39): truncated value with size 32 to match size of target (1) File: C:/EEC181labs/DE1_SOC_D8M_LB_RTL/V_Auto/LCD_COUNTER.v Line: 39
Warning (10230): Verilog HDL assignment warning at LCD_COUNTER.v(47): truncated value with size 32 to match size of target (1) File: C:/EEC181labs/DE1_SOC_D8M_LB_RTL/V_Auto/LCD_COUNTER.v Line: 47
Info (12128): Elaborating entity "VCM_CTRL_P" for hierarchy "FOCUS_ADJ:adl|VCM_CTRL_P:pp" File: C:/EEC181labs/DE1_SOC_D8M_LB_RTL/V_Auto/FOCUS_ADJ.v Line: 84
Warning (10230): Verilog HDL assignment warning at VCM_CTRL_P.v(24): truncated value with size 32 to match size of target (18) File: C:/EEC181labs/DE1_SOC_D8M_LB_RTL/V_Auto/VCM_CTRL_P.v Line: 24
Warning (10230): Verilog HDL assignment warning at VCM_CTRL_P.v(53): truncated value with size 32 to match size of target (8) File: C:/EEC181labs/DE1_SOC_D8M_LB_RTL/V_Auto/VCM_CTRL_P.v Line: 53
Info (12128): Elaborating entity "F_VCM" for hierarchy "FOCUS_ADJ:adl|VCM_CTRL_P:pp|F_VCM:f" File: C:/EEC181labs/DE1_SOC_D8M_LB_RTL/V_Auto/VCM_CTRL_P.v Line: 94
Warning (10230): Verilog HDL assignment warning at F_VCM.v(39): truncated value with size 32 to match size of target (11) File: C:/EEC181labs/DE1_SOC_D8M_LB_RTL/V_Auto/F_VCM.v Line: 39
Warning (10230): Verilog HDL assignment warning at F_VCM.v(48): truncated value with size 32 to match size of target (11) File: C:/EEC181labs/DE1_SOC_D8M_LB_RTL/V_Auto/F_VCM.v Line: 48
Warning (10230): Verilog HDL assignment warning at F_VCM.v(56): truncated value with size 32 to match size of target (11) File: C:/EEC181labs/DE1_SOC_D8M_LB_RTL/V_Auto/F_VCM.v Line: 56
Info (12128): Elaborating entity "I2C_DELAY" for hierarchy "FOCUS_ADJ:adl|I2C_DELAY:i2c" File: C:/EEC181labs/DE1_SOC_D8M_LB_RTL/V_Auto/FOCUS_ADJ.v Line: 95
Warning (10034): Output port "READY1" at I2C_DELAY.v(6) has no driver File: C:/EEC181labs/DE1_SOC_D8M_LB_RTL/V_Auto/I2C_DELAY.v Line: 6
Info (12128): Elaborating entity "VCM_I2C" for hierarchy "FOCUS_ADJ:adl|VCM_I2C:i2c2" File: C:/EEC181labs/DE1_SOC_D8M_LB_RTL/V_Auto/FOCUS_ADJ.v Line: 108
Warning (10230): Verilog HDL assignment warning at VCM_I2C.v(116): truncated value with size 32 to match size of target (8) File: C:/EEC181labs/DE1_SOC_D8M_LB_RTL/V_Auto/VCM_I2C.v Line: 116
Warning (10230): Verilog HDL assignment warning at VCM_I2C.v(169): truncated value with size 32 to match size of target (8) File: C:/EEC181labs/DE1_SOC_D8M_LB_RTL/V_Auto/VCM_I2C.v Line: 169
Warning (10230): Verilog HDL assignment warning at VCM_I2C.v(207): truncated value with size 32 to match size of target (1) File: C:/EEC181labs/DE1_SOC_D8M_LB_RTL/V_Auto/VCM_I2C.v Line: 207
Warning (10034): Output port "TR" at VCM_I2C.v(32) has no driver File: C:/EEC181labs/DE1_SOC_D8M_LB_RTL/V_Auto/VCM_I2C.v Line: 32
Info (12128): Elaborating entity "FpsMonitor" for hierarchy "FpsMonitor:uFps2" File: C:/EEC181labs/DE1_SOC_D8M_LB_RTL/de1_soc_d8m_lb_rtl.v Line: 331
Warning (12161): Node "D8M_SET:ccd|SDATA" is stuck at GND because node is in wire loop and does not have a source File: C:/EEC181labs/DE1_SOC_D8M_LB_RTL/V_D8M/D8M_SET.v Line: 6
Warning (14284): Synthesized away the following node(s):
    Warning (14285): Synthesized away the following PLL node(s):
        Warning (14320): Synthesized away node "pll_test:ref|pll_test_0002:pll_test_inst|altera_pll:altera_pll_i|outclk_wire[1]" File: c:/intelfpga/20.1/quartus/libraries/megafunctions/altera_pll.v Line: 749
Warning (12241): 28 hierarchies have connectivity warnings - see the Connectivity Checks report folder
Warning (13034): The following nodes have both tri-state and non-tri-state drivers
    Warning (13035): Inserted always-enabled tri-state buffer between "CAMERA_I2C_SCL" and its non-tri-state driver. File: C:/EEC181labs/DE1_SOC_D8M_LB_RTL/de1_soc_d8m_lb_rtl.v Line: 42
    Warning (13035): Inserted always-enabled tri-state buffer between "MIPI_I2C_SCL" and its non-tri-state driver. File: C:/EEC181labs/DE1_SOC_D8M_LB_RTL/de1_soc_d8m_lb_rtl.v Line: 46
Warning (13004): Presettable and clearable registers converted to equivalent circuits with latches. Registers power-up to an undefined state, and DEVCLRn places the registers in an undefined state.
    Warning (13310): Register "D8M_SET:ccd|D8M_WRITE_COUNTER:u3|Pre_LVAL" is converted into an equivalent circuit using register "D8M_SET:ccd|D8M_WRITE_COUNTER:u3|Pre_LVAL~_emulated" and latch "D8M_SET:ccd|D8M_WRITE_COUNTER:u3|Pre_LVAL~1" File: C:/EEC181labs/DE1_SOC_D8M_LB_RTL/V_D8M/D8M_WRITE_COUNTER.v Line: 19
    Warning (13310): Register "D8M_SET:ccd|D8M_WRITE_COUNTER:u3|Pre_FVAL" is converted into an equivalent circuit using register "D8M_SET:ccd|D8M_WRITE_COUNTER:u3|Pre_FVAL~_emulated" and latch "D8M_SET:ccd|D8M_WRITE_COUNTER:u3|Pre_FVAL~1" File: C:/EEC181labs/DE1_SOC_D8M_LB_RTL/V_D8M/D8M_WRITE_COUNTER.v Line: 18
    Warning (13310): Register "FOCUS_ADJ:adl|VCM_I2C:i2c2|rTR_IN" is converted into an equivalent circuit using register "FOCUS_ADJ:adl|VCM_I2C:i2c2|rTR_IN~_emulated" and latch "FOCUS_ADJ:adl|VCM_I2C:i2c2|rTR_IN~1" File: C:/EEC181labs/DE1_SOC_D8M_LB_RTL/V_Auto/VCM_I2C.v Line: 38
    Warning (13310): Register "FOCUS_ADJ:adl|VCM_CTRL_P:pp|F_VCM:f|STEP_f[3]" is converted into an equivalent circuit using register "FOCUS_ADJ:adl|VCM_CTRL_P:pp|F_VCM:f|STEP_f[3]~_emulated" and latch "FOCUS_ADJ:adl|VCM_CTRL_P:pp|F_VCM:f|STEP_f[3]~1" File: C:/EEC181labs/DE1_SOC_D8M_LB_RTL/V_Auto/F_VCM.v Line: 53
    Warning (13310): Register "FOCUS_ADJ:adl|VCM_CTRL_P:pp|F_VCM:f|STEP_f[2]" is converted into an equivalent circuit using register "FOCUS_ADJ:adl|VCM_CTRL_P:pp|F_VCM:f|STEP_f[2]~_emulated" and latch "FOCUS_ADJ:adl|VCM_CTRL_P:pp|F_VCM:f|STEP_f[2]~5" File: C:/EEC181labs/DE1_SOC_D8M_LB_RTL/V_Auto/F_VCM.v Line: 53
    Warning (13310): Register "FOCUS_ADJ:adl|VCM_CTRL_P:pp|F_VCM:f|STEP_f[10]" is converted into an equivalent circuit using register "FOCUS_ADJ:adl|VCM_CTRL_P:pp|F_VCM:f|STEP_f[10]~_emulated" and latch "FOCUS_ADJ:adl|VCM_CTRL_P:pp|F_VCM:f|STEP_f[10]~9" File: C:/EEC181labs/DE1_SOC_D8M_LB_RTL/V_Auto/F_VCM.v Line: 53
    Warning (13310): Register "FOCUS_ADJ:adl|VCM_CTRL_P:pp|F_VCM:f|STEP_f[9]" is converted into an equivalent circuit using register "FOCUS_ADJ:adl|VCM_CTRL_P:pp|F_VCM:f|STEP_f[9]~_emulated" and latch "FOCUS_ADJ:adl|VCM_CTRL_P:pp|F_VCM:f|STEP_f[9]~13" File: C:/EEC181labs/DE1_SOC_D8M_LB_RTL/V_Auto/F_VCM.v Line: 53
    Warning (13310): Register "FOCUS_ADJ:adl|VCM_CTRL_P:pp|F_VCM:f|STEP_f[8]" is converted into an equivalent circuit using register "FOCUS_ADJ:adl|VCM_CTRL_P:pp|F_VCM:f|STEP_f[8]~_emulated" and latch "FOCUS_ADJ:adl|VCM_CTRL_P:pp|F_VCM:f|STEP_f[8]~17" File: C:/EEC181labs/DE1_SOC_D8M_LB_RTL/V_Auto/F_VCM.v Line: 53
    Warning (13310): Register "FOCUS_ADJ:adl|VCM_CTRL_P:pp|F_VCM:f|STEP_f[7]" is converted into an equivalent circuit using register "FOCUS_ADJ:adl|VCM_CTRL_P:pp|F_VCM:f|STEP_f[7]~_emulated" and latch "FOCUS_ADJ:adl|VCM_CTRL_P:pp|F_VCM:f|STEP_f[7]~21" File: C:/EEC181labs/DE1_SOC_D8M_LB_RTL/V_Auto/F_VCM.v Line: 53
    Warning (13310): Register "FOCUS_ADJ:adl|VCM_CTRL_P:pp|F_VCM:f|STEP_f[6]" is converted into an equivalent circuit using register "FOCUS_ADJ:adl|VCM_CTRL_P:pp|F_VCM:f|STEP_f[6]~_emulated" and latch "FOCUS_ADJ:adl|VCM_CTRL_P:pp|F_VCM:f|STEP_f[6]~25" File: C:/EEC181labs/DE1_SOC_D8M_LB_RTL/V_Auto/F_VCM.v Line: 53
    Warning (13310): Register "FOCUS_ADJ:adl|VCM_CTRL_P:pp|F_VCM:f|STEP_f[5]" is converted into an equivalent circuit using register "FOCUS_ADJ:adl|VCM_CTRL_P:pp|F_VCM:f|STEP_f[5]~_emulated" and latch "FOCUS_ADJ:adl|VCM_CTRL_P:pp|F_VCM:f|STEP_f[5]~29" File: C:/EEC181labs/DE1_SOC_D8M_LB_RTL/V_Auto/F_VCM.v Line: 53
    Warning (13310): Register "FOCUS_ADJ:adl|VCM_CTRL_P:pp|F_VCM:f|STEP_f[4]" is converted into an equivalent circuit using register "FOCUS_ADJ:adl|VCM_CTRL_P:pp|F_VCM:f|STEP_f[4]~_emulated" and latch "FOCUS_ADJ:adl|VCM_CTRL_P:pp|F_VCM:f|STEP_f[4]~33" File: C:/EEC181labs/DE1_SOC_D8M_LB_RTL/V_Auto/F_VCM.v Line: 53
    Warning (13310): Register "FOCUS_ADJ:adl|VCM_CTRL_P:pp|F_VCM:f|STEP_f[1]" is converted into an equivalent circuit using register "FOCUS_ADJ:adl|VCM_CTRL_P:pp|F_VCM:f|STEP_f[1]~_emulated" and latch "FOCUS_ADJ:adl|VCM_CTRL_P:pp|F_VCM:f|STEP_f[1]~37" File: C:/EEC181labs/DE1_SOC_D8M_LB_RTL/V_Auto/F_VCM.v Line: 53
    Warning (13310): Register "FOCUS_ADJ:adl|VCM_CTRL_P:pp|F_VCM:f|STEP_f[0]" is converted into an equivalent circuit using register "FOCUS_ADJ:adl|VCM_CTRL_P:pp|F_VCM:f|STEP_f[0]~_emulated" and latch "FOCUS_ADJ:adl|VCM_CTRL_P:pp|F_VCM:f|STEP_f[0]~41" File: C:/EEC181labs/DE1_SOC_D8M_LB_RTL/V_Auto/F_VCM.v Line: 53
Warning (13009): TRI or OPNDRN buffers permanently enabled
    Warning (13010): Node "CAMERA_I2C_SCL~synth" File: C:/EEC181labs/DE1_SOC_D8M_LB_RTL/de1_soc_d8m_lb_rtl.v Line: 42
    Warning (13010): Node "MIPI_I2C_SCL~synth" File: C:/EEC181labs/DE1_SOC_D8M_LB_RTL/de1_soc_d8m_lb_rtl.v Line: 46
Warning (13024): Output pins are stuck at VCC or GND
    Warning (13410): Pin "HEX2[0]" is stuck at VCC File: C:/EEC181labs/DE1_SOC_D8M_LB_RTL/de1_soc_d8m_lb_rtl.v Line: 17
    Warning (13410): Pin "HEX2[1]" is stuck at VCC File: C:/EEC181labs/DE1_SOC_D8M_LB_RTL/de1_soc_d8m_lb_rtl.v Line: 17
    Warning (13410): Pin "HEX2[2]" is stuck at VCC File: C:/EEC181labs/DE1_SOC_D8M_LB_RTL/de1_soc_d8m_lb_rtl.v Line: 17
    Warning (13410): Pin "HEX2[3]" is stuck at VCC File: C:/EEC181labs/DE1_SOC_D8M_LB_RTL/de1_soc_d8m_lb_rtl.v Line: 17
    Warning (13410): Pin "HEX2[4]" is stuck at VCC File: C:/EEC181labs/DE1_SOC_D8M_LB_RTL/de1_soc_d8m_lb_rtl.v Line: 17
    Warning (13410): Pin "HEX2[5]" is stuck at VCC File: C:/EEC181labs/DE1_SOC_D8M_LB_RTL/de1_soc_d8m_lb_rtl.v Line: 17
    Warning (13410): Pin "HEX2[6]" is stuck at VCC File: C:/EEC181labs/DE1_SOC_D8M_LB_RTL/de1_soc_d8m_lb_rtl.v Line: 17
    Warning (13410): Pin "HEX3[0]" is stuck at VCC File: C:/EEC181labs/DE1_SOC_D8M_LB_RTL/de1_soc_d8m_lb_rtl.v Line: 18
    Warning (13410): Pin "HEX3[1]" is stuck at VCC File: C:/EEC181labs/DE1_SOC_D8M_LB_RTL/de1_soc_d8m_lb_rtl.v Line: 18
    Warning (13410): Pin "HEX3[2]" is stuck at VCC File: C:/EEC181labs/DE1_SOC_D8M_LB_RTL/de1_soc_d8m_lb_rtl.v Line: 18
    Warning (13410): Pin "HEX3[3]" is stuck at VCC File: C:/EEC181labs/DE1_SOC_D8M_LB_RTL/de1_soc_d8m_lb_rtl.v Line: 18
    Warning (13410): Pin "HEX3[4]" is stuck at VCC File: C:/EEC181labs/DE1_SOC_D8M_LB_RTL/de1_soc_d8m_lb_rtl.v Line: 18
    Warning (13410): Pin "HEX3[5]" is stuck at VCC File: C:/EEC181labs/DE1_SOC_D8M_LB_RTL/de1_soc_d8m_lb_rtl.v Line: 18
    Warning (13410): Pin "HEX3[6]" is stuck at VCC File: C:/EEC181labs/DE1_SOC_D8M_LB_RTL/de1_soc_d8m_lb_rtl.v Line: 18
    Warning (13410): Pin "HEX4[0]" is stuck at VCC File: C:/EEC181labs/DE1_SOC_D8M_LB_RTL/de1_soc_d8m_lb_rtl.v Line: 19
    Warning (13410): Pin "HEX4[1]" is stuck at VCC File: C:/EEC181labs/DE1_SOC_D8M_LB_RTL/de1_soc_d8m_lb_rtl.v Line: 19
    Warning (13410): Pin "HEX4[2]" is stuck at VCC File: C:/EEC181labs/DE1_SOC_D8M_LB_RTL/de1_soc_d8m_lb_rtl.v Line: 19
    Warning (13410): Pin "HEX4[3]" is stuck at VCC File: C:/EEC181labs/DE1_SOC_D8M_LB_RTL/de1_soc_d8m_lb_rtl.v Line: 19
    Warning (13410): Pin "HEX4[4]" is stuck at VCC File: C:/EEC181labs/DE1_SOC_D8M_LB_RTL/de1_soc_d8m_lb_rtl.v Line: 19
    Warning (13410): Pin "HEX4[5]" is stuck at VCC File: C:/EEC181labs/DE1_SOC_D8M_LB_RTL/de1_soc_d8m_lb_rtl.v Line: 19
    Warning (13410): Pin "HEX4[6]" is stuck at VCC File: C:/EEC181labs/DE1_SOC_D8M_LB_RTL/de1_soc_d8m_lb_rtl.v Line: 19
    Warning (13410): Pin "HEX5[0]" is stuck at VCC File: C:/EEC181labs/DE1_SOC_D8M_LB_RTL/de1_soc_d8m_lb_rtl.v Line: 20
    Warning (13410): Pin "HEX5[1]" is stuck at VCC File: C:/EEC181labs/DE1_SOC_D8M_LB_RTL/de1_soc_d8m_lb_rtl.v Line: 20
    Warning (13410): Pin "HEX5[2]" is stuck at VCC File: C:/EEC181labs/DE1_SOC_D8M_LB_RTL/de1_soc_d8m_lb_rtl.v Line: 20
    Warning (13410): Pin "HEX5[3]" is stuck at VCC File: C:/EEC181labs/DE1_SOC_D8M_LB_RTL/de1_soc_d8m_lb_rtl.v Line: 20
    Warning (13410): Pin "HEX5[4]" is stuck at VCC File: C:/EEC181labs/DE1_SOC_D8M_LB_RTL/de1_soc_d8m_lb_rtl.v Line: 20
    Warning (13410): Pin "HEX5[5]" is stuck at VCC File: C:/EEC181labs/DE1_SOC_D8M_LB_RTL/de1_soc_d8m_lb_rtl.v Line: 20
    Warning (13410): Pin "HEX5[6]" is stuck at VCC File: C:/EEC181labs/DE1_SOC_D8M_LB_RTL/de1_soc_d8m_lb_rtl.v Line: 20
    Warning (13410): Pin "LEDR[2]" is stuck at GND File: C:/EEC181labs/DE1_SOC_D8M_LB_RTL/de1_soc_d8m_lb_rtl.v Line: 26
    Warning (13410): Pin "LEDR[3]" is stuck at GND File: C:/EEC181labs/DE1_SOC_D8M_LB_RTL/de1_soc_d8m_lb_rtl.v Line: 26
    Warning (13410): Pin "LEDR[4]" is stuck at GND File: C:/EEC181labs/DE1_SOC_D8M_LB_RTL/de1_soc_d8m_lb_rtl.v Line: 26
    Warning (13410): Pin "LEDR[5]" is stuck at GND File: C:/EEC181labs/DE1_SOC_D8M_LB_RTL/de1_soc_d8m_lb_rtl.v Line: 26
    Warning (13410): Pin "LEDR[6]" is stuck at GND File: C:/EEC181labs/DE1_SOC_D8M_LB_RTL/de1_soc_d8m_lb_rtl.v Line: 26
    Warning (13410): Pin "VGA_SYNC_N" is stuck at GND File: C:/EEC181labs/DE1_SOC_D8M_LB_RTL/de1_soc_d8m_lb_rtl.v Line: 38
    Warning (13410): Pin "MIPI_CS_n" is stuck at GND File: C:/EEC181labs/DE1_SOC_D8M_LB_RTL/de1_soc_d8m_lb_rtl.v Line: 45
    Warning (13410): Pin "MIPI_MCLK" is stuck at GND File: C:/EEC181labs/DE1_SOC_D8M_LB_RTL/de1_soc_d8m_lb_rtl.v Line: 48
Info (286030): Timing-Driven Synthesis is running
Info (17049): 135 registers lost all their fanouts during netlist optimizations.
Info (17016): Found the following redundant logic cells in design
    Info (17048): Logic cell "FOCUS_ADJ:adl|VCM_I2C:i2c2|const_zero_sig" File: C:/EEC181labs/DE1_SOC_D8M_LB_RTL/V_Auto/VCM_I2C.v Line: 198
    Info (17048): Logic cell "MIPI_BRIDGE_CAMERA_Config:cfin|MIPI_CAMERA_CONFIG:camiv|const_zero_sig" File: C:/EEC181labs/DE1_SOC_D8M_LB_RTL/V_D8M/MIPI_CAMERA_CONFIG.v Line: 213
    Info (17048): Logic cell "MIPI_BRIDGE_CAMERA_Config:cfin|MIPI_BRIDGE_CONFIG:mpiv|const_zero_sig" File: C:/EEC181labs/DE1_SOC_D8M_LB_RTL/V_D8M/MIPI_BRIDGE_CONFIG.v Line: 274
Info (144001): Generated suppressed messages file C:/EEC181labs/DE1_SOC_D8M_LB_RTL/output_files/DE1_SOC_D8M_LB_RTL.map.smsg
Info (16010): Generating hard_block partition "hard_block:auto_generated_inst"
    Info (16011): Adding 8 node(s), including 0 DDIO, 2 PLL, 0 transceiver and 0 LCELL
Warning: RST port on the PLL is not properly connected on instance pll_test:ref|pll_test_0002:pll_test_inst|altera_pll:altera_pll_i|general[0].gpll. The reset port on the PLL should be connected. If the PLL loses lock for any reason, you might need to manually reset the PLL in order to re-establish lock to the reference clock. File: c:/intelfpga/20.1/quartus/libraries/megafunctions/altera_pll.v Line: 749
    Info: Must be connected
Warning: RST port on the PLL is not properly connected on instance vga_pll:pllv|vga_pll_0002:vga_pll_inst|altera_pll:altera_pll_i|general[0].gpll. The reset port on the PLL should be connected. If the PLL loses lock for any reason, you might need to manually reset the PLL in order to re-establish lock to the reference clock. File: c:/intelfpga/20.1/quartus/libraries/megafunctions/altera_pll.v Line: 749
    Info: Must be connected
Warning (21074): Design contains 2 input pin(s) that do not drive logic
    Warning (15610): No output dependent on input pin "CLOCK3_50" File: C:/EEC181labs/DE1_SOC_D8M_LB_RTL/de1_soc_d8m_lb_rtl.v Line: 10
    Warning (15610): No output dependent on input pin "SW[8]" File: C:/EEC181labs/DE1_SOC_D8M_LB_RTL/de1_soc_d8m_lb_rtl.v Line: 29
Info (21057): Implemented 3475 device resources after synthesis - the final resource count might be different
    Info (21058): Implemented 31 input pins
    Info (21059): Implemented 86 output pins
    Info (21060): Implemented 4 bidirectional pins
    Info (21061): Implemented 3318 logic cells
    Info (21064): Implemented 30 RAM segments
    Info (21065): Implemented 2 PLLs
    Info (21062): Implemented 4 DSP elements
Info: Quartus Prime Analysis & Synthesis was successful. 0 errors, 169 warnings
    Info: Peak virtual memory: 5009 megabytes
    Info: Processing ended: Fri Mar 13 03:17:46 2026
    Info: Elapsed time: 00:00:15
    Info: Total CPU time (on all processors): 00:00:20


+------------------------------------------+
; Analysis & Synthesis Suppressed Messages ;
+------------------------------------------+
The suppressed messages can be found in C:/EEC181labs/DE1_SOC_D8M_LB_RTL/output_files/DE1_SOC_D8M_LB_RTL.map.smsg.


